bg_name,bg_id,model_name,model_id,modeltype_name,modeltype_id,model_subid,image_path,frame_index,model_width,model_height,tl_x,tl_y,bl_x,bl_y,br_x,br_y,tr_x,tr_y
background01,0,datasheet001,0,datasheet,0,0,background01/datasheet001/frame_0023.jpeg,23,2100.0,2970.0,650.735,207.418,652.135,881.292,1198.92,848.999,1120.58,189.097
background01,0,datasheet001,0,datasheet,0,0,background01/datasheet001/frame_0036.jpeg,36,2100.0,2970.0,558.139,215.332,558.179,896.65,1112.42,849.798,1032.05,185.507
background01,0,datasheet001,0,datasheet,0,0,background01/datasheet001/frame_0042.jpeg,42,2100.0,2970.0,517.257,204.952,519.65,886.497,1074.9,837.349,994.74,175.498
background01,0,datasheet001,0,datasheet,0,0,background01/datasheet001/frame_0048.jpeg,48,2100.0,2970.0,528.901,191.681,526.49,877.197,1083.52,837.221,1008.71,169.622
background01,0,datasheet001,0,datasheet,0,0,background01/datasheet001/frame_0059.jpeg,59,2100.0,2970.0,657.687,169.513,627.402,862.425,1190.07,856.773,1140.85,177.407
background01,0,datasheet001,0,datasheet,0,0,background01/datasheet001/frame_0082.jpeg,82,2100.0,2970.0,742.654,174.454,815.754,866.535,1358.57,805.156,1216.84,146.287
background01,0,datasheet001,0,datasheet,0,0,background01/datasheet001/frame_0085.jpeg,85,2100.0,2970.0,771.283,172.539,859.003,860.72,1399.42,797.03,1244.09,140.841
background01,0,datasheet001,0,datasheet,0,0,background01/datasheet001/frame_0099.jpeg,99,2100.0,2970.0,843.496,171.726,946.848,842.22,1468.5,773.253,1300.1,138.9
background01,0,datasheet001,0,datasheet,0,0,background01/datasheet001/frame_0114.jpeg,114,2100.0,2970.0,881.821,186.736,987.872,838.848,1499.57,773.536,1326.52,154.955
background01,0,datasheet001,0,datasheet,0,0,background01/datasheet001/frame_0126.jpeg,126,2100.0,2970.0,850.075,195.604,935.096,849.595,1451.59,793.112,1297.06,169.285
background01,0,datasheet001,0,datasheet,0,0,background01/datasheet001/frame_0146.jpeg,146,2100.0,2970.0,782.13,160.659,784.581,816.35,1322.7,804.926,1242.57,165.293
background01,0,datasheet001,0,datasheet,0,0,background01/datasheet001/frame_0170.jpeg,170,2100.0,2970.0,710.949,183.588,666.54,836.665,1217.49,839.021,1173.83,187.564
background01,0,datasheet001,0,datasheet,0,0,background01/datasheet001/frame_0171.jpeg,171,2100.0,2970.0,709.788,185.731,663.069,838.101,1214.83,841.97,1173.5,191.212
background01,0,datasheet001,0,datasheet,0,0,background01/datasheet001/frame_0209.jpeg,209,2100.0,2970.0,729.921,189.312,696.491,834.948,1258.45,835.319,1192.77,197.372
background01,0,datasheet001,0,datasheet,0,0,background01/datasheet001/frame_0210.jpeg,210,2100.0,2970.0,734.137,188.539,701.554,835.012,1264.22,836.1,1197.71,197.311
background01,0,datasheet001,0,datasheet,0,0,background01/datasheet001/frame_0217.jpeg,217,2100.0,2970.0,772.643,180.319,750.052,825.649,1314.26,825.636,1236.79,189.804
background01,0,datasheet001,0,datasheet,0,0,background01/datasheet001/frame_0222.jpeg,222,2100.0,2970.0,779.361,169.112,767.17,819.399,1331.16,816.168,1244.68,178.189
background01,0,datasheet001,0,datasheet,0,0,background01/datasheet001/frame_0224.jpeg,224,2100.0,2970.0,782.393,177.441,771.867,825.123,1334.91,819.856,1246.23,185.111
background01,0,datasheet002,1,datasheet,0,1,background01/datasheet002/frame_0027.jpeg,27,2100.0,2970.0,699.556,216.378,804.04,840.354,1310.61,760.135,1134.34,182.608
background01,0,datasheet002,1,datasheet,0,1,background01/datasheet002/frame_0030.jpeg,30,2100.0,2970.0,716.704,218.763,834.648,840.951,1337.26,755.362,1149.17,181.907
background01,0,datasheet002,1,datasheet,0,1,background01/datasheet002/frame_0033.jpeg,33,2100.0,2970.0,724.106,217.96,850.245,842.519,1350.59,752.851,1155.45,180.008
background01,0,datasheet002,1,datasheet,0,1,background01/datasheet002/frame_0043.jpeg,43,2100.0,2970.0,769.142,204.863,932.925,820.374,1413.85,720.025,1190.86,160.583
background01,0,datasheet002,1,datasheet,0,1,background01/datasheet002/frame_0065.jpeg,65,2100.0,2970.0,820.979,215.53,945.991,833.159,1435.82,755.129,1242.99,185.132
background01,0,datasheet002,1,datasheet,0,1,background01/datasheet002/frame_0069.jpeg,69,2100.0,2970.0,790.258,218.018,891.65,838.917,1395.44,771.902,1219.84,192.658
background01,0,datasheet002,1,datasheet,0,1,background01/datasheet002/frame_0070.jpeg,70,2100.0,2970.0,785.669,215.289,876.655,838.835,1387.55,776.278,1219.04,192.365
background01,0,datasheet002,1,datasheet,0,1,background01/datasheet002/frame_0075.jpeg,75,2100.0,2970.0,744.16,203.05,773.039,838.728,1311.78,806.014,1194.15,197.294
background01,0,datasheet002,1,datasheet,0,1,background01/datasheet002/frame_0080.jpeg,80,2100.0,2970.0,696.416,183.693,663.6,820.112,1216.87,821.871,1154.03,203.03
background01,0,datasheet002,1,datasheet,0,1,background01/datasheet002/frame_0111.jpeg,111,2100.0,2970.0,655.284,218.876,589.883,794.255,1117.5,801.9,1085.27,233.338
background01,0,datasheet002,1,datasheet,0,1,background01/datasheet002/frame_0137.jpeg,137,2100.0,2970.0,739.578,210.257,790.848,816.668,1315.41,770.084,1174.88,194.374
background01,0,datasheet002,1,datasheet,0,1,background01/datasheet002/frame_0139.jpeg,139,2100.0,2970.0,742.53,213.838,798.791,823.699,1322.96,774.25,1178.35,196.816
background01,0,datasheet002,1,datasheet,0,1,background01/datasheet002/frame_0140.jpeg,140,2100.0,2970.0,742.845,216.673,800.969,826.446,1325.56,776.33,1178.64,199.673
background01,0,datasheet002,1,datasheet,0,1,background01/datasheet002/frame_0154.jpeg,154,2100.0,2970.0,754.68,193.351,819.372,817.527,1357.3,764.978,1199.64,176.361
background01,0,datasheet002,1,datasheet,0,1,background01/datasheet002/frame_0157.jpeg,157,2100.0,2970.0,749.972,181.068,808.259,808.467,1352.34,760.631,1199.21,167.802
background01,0,datasheet002,1,datasheet,0,1,background01/datasheet002/frame_0161.jpeg,161,2100.0,2970.0,749.774,172.174,795.316,793.948,1343.16,754.57,1199.75,163.468
background01,0,datasheet002,1,datasheet,0,1,background01/datasheet002/frame_0168.jpeg,168,2100.0,2970.0,747.44,189.525,776.269,774.608,1305.01,742.902,1181.1,181.865
background01,0,datasheet002,1,datasheet,0,1,background01/datasheet002/frame_0170.jpeg,170,2100.0,2970.0,731.335,198.23,756.062,775.119,1277.78,743.41,1159.18,191.032
background01,0,datasheet002,1,datasheet,0,1,background01/datasheet002/frame_0171.jpeg,171,2100.0,2970.0,729.994,200.485,753.637,773.421,1273.99,741.875,1156.34,192.836
background01,0,datasheet002,1,datasheet,0,1,background01/datasheet002/frame_0181.jpeg,181,2100.0,2970.0,691.182,235.791,707.003,797.143,1217.88,765.168,1110.33,227.978
background01,0,datasheet003,2,datasheet,0,2,background01/datasheet003/frame_0018.jpeg,18,2100.0,2970.0,609.707,216.781,597.089,869.578,1134.52,839.752,1065.64,210.455
background01,0,datasheet003,2,datasheet,0,2,background01/datasheet003/frame_0028.jpeg,28,2100.0,2970.0,562.916,198.064,527.4,837.388,1066.44,817.327,1016.95,196.553
background01,0,datasheet003,2,datasheet,0,2,background01/datasheet003/frame_0069.jpeg,69,2100.0,2970.0,779.962,191.084,871.922,840.657,1388.17,774.668,1226.58,163.46
background01,0,datasheet003,2,datasheet,0,2,background01/datasheet003/frame_0079.jpeg,79,2100.0,2970.0,817.506,204.087,956.017,846.754,1453.08,755.923,1252.84,160.36
background01,0,datasheet003,2,datasheet,0,2,background01/datasheet003/frame_0080.jpeg,80,2100.0,2970.0,821.558,205.708,961.572,847.469,1457.84,755.2,1256.08,160.546
background01,0,datasheet003,2,datasheet,0,2,background01/datasheet003/frame_0082.jpeg,82,2100.0,2970.0,827.033,203.053,971.708,842.461,1464.7,746.397,1259.13,156.372
background01,0,datasheet003,2,datasheet,0,2,background01/datasheet003/frame_0098.jpeg,98,2100.0,2970.0,819.796,223.386,948.68,830.958,1431.75,746.415,1237.22,181.155
background01,0,datasheet003,2,datasheet,0,2,background01/datasheet003/frame_0100.jpeg,100,2100.0,2970.0,815.935,223.131,930.311,832.467,1418.18,754.664,1235.6,185.513
background01,0,datasheet003,2,datasheet,0,2,background01/datasheet003/frame_0112.jpeg,112,2100.0,2970.0,735.008,194.227,730.056,810.876,1249.75,799.649,1172.15,203.32
background01,0,datasheet003,2,datasheet,0,2,background01/datasheet003/frame_0113.jpeg,113,2100.0,2970.0,732.049,190.117,720.934,804.842,1241.47,797.112,1168.77,201.663
background01,0,datasheet003,2,datasheet,0,2,background01/datasheet003/frame_0115.jpeg,115,2100.0,2970.0,725.077,174.123,698.683,788.305,1220.23,789.028,1163.1,191.725
background01,0,datasheet003,2,datasheet,0,2,background01/datasheet003/frame_0128.jpeg,128,2100.0,2970.0,706.233,154.457,641.188,754.215,1169.6,773.191,1145.21,180.286
background01,0,datasheet003,2,datasheet,0,2,background01/datasheet003/frame_0187.jpeg,187,2100.0,2970.0,766.512,203.063,820.24,845.032,1325.33,798.089,1206.75,186.956
background01,0,datasheet003,2,datasheet,0,2,background01/datasheet003/frame_0206.jpeg,206,2100.0,2970.0,755.561,159.535,757.126,761.08,1262.32,748.421,1183.83,166.089
background01,0,datasheet004,3,datasheet,0,3,background01/datasheet004/frame_0010.jpeg,10,2100.0,2970.0,642.486,246.012,638.517,926.985,1175.73,899.477,1109.26,238.473
background01,0,datasheet004,3,datasheet,0,3,background01/datasheet004/frame_0014.jpeg,14,2100.0,2970.0,627.071,246.849,620.014,927.129,1157.96,900.252,1093.95,239.395
background01,0,datasheet004,3,datasheet,0,3,background01/datasheet004/frame_0019.jpeg,19,2100.0,2970.0,608.82,247.94,587.884,924.744,1127.08,901.723,1073.27,241.705
background01,0,datasheet004,3,datasheet,0,3,background01/datasheet004/frame_0070.jpeg,70,2100.0,2970.0,731.893,204.374,811.661,874.484,1343.64,805.087,1191.86,173.857
background01,0,datasheet004,3,datasheet,0,3,background01/datasheet004/frame_0071.jpeg,71,2100.0,2970.0,731.648,206.522,819.105,874.329,1347.32,798.089,1189.14,171.426
background01,0,datasheet004,3,datasheet,0,3,background01/datasheet004/frame_0075.jpeg,75,2100.0,2970.0,719.642,210.964,833.101,873.045,1350.29,781.336,1171.72,166.511
background01,0,datasheet004,3,datasheet,0,3,background01/datasheet004/frame_0097.jpeg,97,2100.0,2970.0,827.919,200.81,979.74,828.213,1452.76,736.36,1248.37,159.882
background01,0,datasheet004,3,datasheet,0,3,background01/datasheet004/frame_0101.jpeg,101,2100.0,2970.0,850.82,202.464,989.972,826.825,1460.96,745.704,1267.98,170.043
background01,0,datasheet004,3,datasheet,0,3,background01/datasheet004/frame_0116.jpeg,116,2100.0,2970.0,851.009,232.622,958.575,849.851,1441.81,778.986,1268.92,202.902
background01,0,datasheet004,3,datasheet,0,3,background01/datasheet004/frame_0140.jpeg,140,2100.0,2970.0,702.423,201.149,604.675,802.045,1127.23,843.549,1136.22,243.668
background01,0,datasheet004,3,datasheet,0,3,background01/datasheet004/frame_0161.jpeg,161,2100.0,2970.0,697.939,183.707,657.51,778.504,1172.71,777.384,1130.47,190.724
background01,0,datasheet004,3,datasheet,0,3,background01/datasheet004/frame_0200.jpeg,200,2100.0,2970.0,803.913,252.464,990.816,865.973,1462.72,745.196,1219.84,184.552
background01,0,datasheet005,4,datasheet,0,4,background01/datasheet005/frame_0005.jpeg,5,2100.0,2970.0,745.214,308.946,854.773,963.082,1371.88,876.486,1182.89,266.24
background01,0,datasheet005,4,datasheet,0,4,background01/datasheet005/frame_0010.jpeg,10,2100.0,2970.0,726.817,297.586,827.737,948.398,1347.81,865.451,1166.53,256.717
background01,0,datasheet005,4,datasheet,0,4,background01/datasheet005/frame_0016.jpeg,16,2100.0,2970.0,710.276,286.176,796.226,937.726,1319.65,863.162,1151.77,251.453
background01,0,datasheet005,4,datasheet,0,4,background01/datasheet005/frame_0017.jpeg,17,2100.0,2970.0,708.754,284.842,792.23,934.635,1316.66,862.804,1150.35,251.17
background01,0,datasheet005,4,datasheet,0,4,background01/datasheet005/frame_0029.jpeg,29,2100.0,2970.0,709.06,239.686,749.491,878.921,1284.06,834.576,1154.13,222.828
background01,0,datasheet005,4,datasheet,0,4,background01/datasheet005/frame_0034.jpeg,34,2100.0,2970.0,669.326,224.732,692.843,859.905,1234.53,818.319,1118.55,208.439
background01,0,datasheet005,4,datasheet,0,4,background01/datasheet005/frame_0037.jpeg,37,2100.0,2970.0,644.498,224.853,663.686,859.147,1207.52,815.219,1093.43,206.597
background01,0,datasheet005,4,datasheet,0,4,background01/datasheet005/frame_0055.jpeg,55,2100.0,2970.0,540.68,222.902,524.098,862.077,1087.24,819.698,998.754,200.861
background01,0,datasheet005,4,datasheet,0,4,background01/datasheet005/frame_0080.jpeg,80,2100.0,2970.0,764.808,275.062,771.516,933.717,1365.62,908.891,1229.0,268.431
background01,0,datasheet005,4,datasheet,0,4,background01/datasheet005/frame_0085.jpeg,85,2100.0,2970.0,762.322,294.601,788.04,961.086,1393.06,922.594,1231.89,279.37
background01,0,datasheet005,4,datasheet,0,4,background01/datasheet005/frame_0104.jpeg,104,2100.0,2970.0,785.651,219.795,828.635,879.522,1437.25,837.165,1260.27,203.161
background01,0,datasheet005,4,datasheet,0,4,background01/datasheet005/frame_0112.jpeg,112,2100.0,2970.0,739.885,176.028,786.168,820.114,1350.19,776.059,1200.94,157.051
background01,0,datasheet005,4,datasheet,0,4,background01/datasheet005/frame_0116.jpeg,116,2100.0,2970.0,738.387,194.417,774.351,826.315,1320.99,785.615,1189.61,175.826
background01,0,datasheet005,4,datasheet,0,4,background01/datasheet005/frame_0117.jpeg,117,2100.0,2970.0,733.789,188.031,771.357,826.882,1316.38,786.056,1184.97,170.971
background01,0,datasheet005,4,datasheet,0,4,background01/datasheet005/frame_0122.jpeg,122,2100.0,2970.0,726.34,151.748,764.342,793.066,1305.38,754.046,1181.82,133.681
background01,0,datasheet005,4,datasheet,0,4,background01/datasheet005/frame_0126.jpeg,126,2100.0,2970.0,728.056,139.733,763.289,785.485,1297.1,750.439,1183.81,124.323
background01,0,datasheet005,4,datasheet,0,4,background01/datasheet005/frame_0148.jpeg,148,2100.0,2970.0,806.77,203.35,877.826,866.828,1397.14,816.842,1258.23,179.995
background01,0,datasheet005,4,datasheet,0,4,background01/datasheet005/frame_0157.jpeg,157,2100.0,2970.0,836.282,244.208,998.722,882.47,1486.65,772.806,1266.39,176.388
background01,0,datasheet005,4,datasheet,0,4,background01/datasheet005/frame_0167.jpeg,167,2100.0,2970.0,815.401,206.82,1036.4,815.375,1493.08,670.786,1227.16,111.292
background01,0,datasheet005,4,datasheet,0,4,background01/datasheet005/frame_0171.jpeg,171,2100.0,2970.0,820.781,211.748,1050.86,814.666,1499.82,666.25,1227.18,112.713
background01,0,datasheet005,4,datasheet,0,4,background01/datasheet005/frame_0174.jpeg,174,2100.0,2970.0,825.656,223.189,1058.02,820.671,1504.31,671.81,1228.33,124.027
background01,0,datasheet005,4,datasheet,0,4,background01/datasheet005/frame_0176.jpeg,176,2100.0,2970.0,834.926,226.676,1064.9,822.366,1511.27,675.56,1236.32,128.626
background01,0,datasheet005,4,datasheet,0,4,background01/datasheet005/frame_0190.jpeg,190,2100.0,2970.0,822.998,241.638,1015.81,848.211,1479.38,721.41,1232.18,159.603
background01,0,datasheet005,4,datasheet,0,4,background01/datasheet005/frame_0194.jpeg,194,2100.0,2970.0,816.723,239.712,984.166,855.605,1461.04,742.723,1233.91,168.062
background01,0,datasheet005,4,datasheet,0,4,background01/datasheet005/frame_0195.jpeg,195,2100.0,2970.0,809.27,238.119,962.388,860.409,1445.25,755.518,1229.86,173.022
background01,0,datasheet005,4,datasheet,0,4,background01/datasheet005/frame_0211.jpeg,211,2100.0,2970.0,657.406,153.225,629.882,785.393,1165.97,781.752,1110.2,162.164
background01,0,datasheet005,4,datasheet,0,4,background01/datasheet005/frame_0212.jpeg,212,2100.0,2970.0,656.465,151.058,624.556,782.757,1159.64,780.405,1107.97,160.148
background01,0,datasheet005,4,datasheet,0,4,background01/datasheet005/frame_0217.jpeg,217,2100.0,2970.0,634.633,149.978,589.503,771.664,1122.42,774.391,1082.91,159.475
background01,0,datasheet005,4,datasheet,0,4,background01/datasheet005/frame_0227.jpeg,227,2100.0,2970.0,621.064,184.116,571.515,794.477,1100.41,791.124,1061.91,184.624
background01,0,datasheet005,4,datasheet,0,4,background01/datasheet005/frame_0234.jpeg,234,2100.0,2970.0,636.609,195.643,595.92,809.796,1124.89,804.645,1077.56,194.396
background01,0,letter001,5,letter,1,0,background01/letter001/frame_0004.jpeg,4,2100.0,2970.0,591.982,248.323,597.648,924.925,1141.45,881.606,1056.22,232.818
background01,0,letter001,5,letter,1,0,background01/letter001/frame_0015.jpeg,15,2100.0,2970.0,644.782,244.919,658.846,911.271,1194.37,868.821,1101.33,229.75
background01,0,letter001,5,letter,1,0,background01/letter001/frame_0021.jpeg,21,2100.0,2970.0,688.933,233.057,719.554,893.579,1248.19,850.178,1143.93,218.457
background01,0,letter001,5,letter,1,0,background01/letter001/frame_0029.jpeg,29,2100.0,2970.0,778.724,233.23,827.069,874.814,1340.52,832.365,1219.1,218.544
background01,0,letter001,5,letter,1,0,background01/letter001/frame_0056.jpeg,56,2100.0,2970.0,855.758,209.696,905.259,825.258,1403.86,790.011,1281.94,201.732
background01,0,letter001,5,letter,1,0,background01/letter001/frame_0058.jpeg,58,2100.0,2970.0,838.469,203.092,885.879,816.458,1387.2,781.764,1265.57,194.584
background01,0,letter001,5,letter,1,0,background01/letter001/frame_0061.jpeg,61,2100.0,2970.0,802.986,197.377,836.503,812.719,1342.97,781.338,1232.82,190.494
background01,0,letter001,5,letter,1,0,background01/letter001/frame_0079.jpeg,79,2100.0,2970.0,772.32,198.106,697.289,797.854,1214.19,833.522,1203.63,234.563
background01,0,letter001,5,letter,1,0,background01/letter001/frame_0111.jpeg,111,2100.0,2970.0,709.524,265.695,703.665,790.047,1141.39,775.686,1086.1,266.589
background01,0,letter001,5,letter,1,0,background01/letter001/frame_0120.jpeg,120,2100.0,2970.0,734.932,271.977,736.904,796.205,1171.48,778.116,1108.33,269.179
background01,0,letter001,5,letter,1,0,background01/letter001/frame_0125.jpeg,125,2100.0,2970.0,760.218,274.672,767.244,818.812,1218.06,798.6,1145.71,269.285
background01,0,letter001,5,letter,1,0,background01/letter001/frame_0143.jpeg,143,2100.0,2970.0,766.503,203.967,799.542,835.281,1317.88,800.431,1207.54,192.956
background01,0,letter001,5,letter,1,0,background01/letter001/frame_0148.jpeg,148,2100.0,2970.0,774.933,200.865,820.624,855.789,1356.18,808.344,1228.02,180.966
background01,0,letter001,5,letter,1,0,background01/letter001/frame_0164.jpeg,164,2100.0,2970.0,719.917,180.038,845.078,868.581,1387.31,769.555,1186.51,133.492
background01,0,letter001,5,letter,1,0,background01/letter001/frame_0191.jpeg,191,2100.0,2970.0,728.084,200.765,706.275,866.664,1262.12,862.25,1190.33,217.883
background01,0,letter002,6,letter,1,1,background01/letter002/frame_0002.jpeg,2,2100.0,2970.0,757.476,217.778,794.444,775.974,1335.04,733.546,1185.11,199.177
background01,0,letter002,6,letter,1,1,background01/letter002/frame_0022.jpeg,22,2100.0,2970.0,706.114,206.228,717.967,761.01,1260.59,713.415,1135.01,178.925
background01,0,letter002,6,letter,1,1,background01/letter002/frame_0032.jpeg,32,2100.0,2970.0,653.755,208.42,639.924,774.898,1193.52,730.17,1089.45,181.1
background01,0,letter002,6,letter,1,1,background01/letter002/frame_0046.jpeg,46,2100.0,2970.0,531.808,216.512,507.456,801.025,1074.01,741.294,977.766,182.954
background01,0,letter002,6,letter,1,1,background01/letter002/frame_0048.jpeg,48,2100.0,2970.0,516.14,213.765,491.921,801.452,1061.36,740.905,964.377,179.387
background01,0,letter002,6,letter,1,1,background01/letter002/frame_0076.jpeg,76,2100.0,2970.0,795.048,162.582,828.439,716.666,1347.76,680.845,1217.03,144.718
background01,0,letter002,6,letter,1,1,background01/letter002/frame_0090.jpeg,90,2100.0,2970.0,770.081,159.935,799.035,730.27,1308.66,698.716,1193.53,145.795
background01,0,letter002,6,letter,1,1,background01/letter002/frame_0105.jpeg,105,2100.0,2970.0,785.559,179.665,768.408,800.205,1293.79,798.852,1227.66,185.7
background01,0,letter002,6,letter,1,1,background01/letter002/frame_0114.jpeg,114,2100.0,2970.0,796.115,154.848,758.498,788.402,1290.06,802.538,1247.38,171.923
background01,0,letter002,6,letter,1,1,background01/letter002/frame_0121.jpeg,121,2100.0,2970.0,763.17,218.46,736.843,840.239,1261.3,836.917,1202.68,224.398
background01,0,letter002,6,letter,1,1,background01/letter002/frame_0125.jpeg,125,2100.0,2970.0,744.928,235.655,732.007,839.724,1251.11,827.006,1176.2,236.641
background01,0,letter002,6,letter,1,1,background01/letter002/frame_0126.jpeg,126,2100.0,2970.0,745.535,229.5,738.365,830.498,1254.19,817.016,1176.42,229.013
background01,0,letter002,6,letter,1,1,background01/letter002/frame_0165.jpeg,165,2100.0,2970.0,744.063,152.32,765.025,725.069,1287.05,698.678,1170.77,147.845
background01,0,letter002,6,letter,1,1,background01/letter002/frame_0170.jpeg,170,2100.0,2970.0,759.016,170.14,765.729,762.227,1297.52,742.751,1193.59,167.777
background01,0,letter002,6,letter,1,1,background01/letter002/frame_0176.jpeg,176,2100.0,2970.0,730.713,196.815,721.928,819.34,1265.02,804.496,1175.44,198.924
background01,0,letter002,6,letter,1,1,background01/letter002/frame_0178.jpeg,178,2100.0,2970.0,748.082,203.331,734.281,828.947,1279.78,817.849,1195.12,205.603
background01,0,letter002,6,letter,1,1,background01/letter002/frame_0189.jpeg,189,2100.0,2970.0,736.781,193.856,695.87,850.214,1257.68,851.735,1200.06,203.141
background01,0,letter002,6,letter,1,1,background01/letter002/frame_0191.jpeg,191,2100.0,2970.0,731.543,196.932,687.318,852.618,1250.06,854.802,1196.34,206.245
background01,0,letter003,7,letter,1,2,background01/letter003/frame_0009.jpeg,9,2100.0,2970.0,706.486,247.703,590.32,795.163,1080.52,857.973,1108.89,314.697
background01,0,letter003,7,letter,1,2,background01/letter003/frame_0011.jpeg,11,2100.0,2970.0,706.799,243.047,594.459,788.047,1083.2,848.686,1108.32,307.843
background01,0,letter003,7,letter,1,2,background01/letter003/frame_0016.jpeg,16,2100.0,2970.0,695.596,247.25,595.635,793.606,1083.1,843.858,1095.4,306.408
background01,0,letter003,7,letter,1,2,background01/letter003/frame_0025.jpeg,25,2100.0,2970.0,669.014,247.414,632.317,797.268,1113.96,801.598,1069.87,274.427
background01,0,letter003,7,letter,1,2,background01/letter003/frame_0031.jpeg,31,2100.0,2970.0,686.848,287.336,720.89,824.123,1186.13,782.606,1076.69,276.536
background01,0,letter003,7,letter,1,2,background01/letter003/frame_0032.jpeg,32,2100.0,2970.0,690.71,288.559,731.785,822.872,1196.24,778.438,1080.34,274.811
background01,0,letter003,7,letter,1,2,background01/letter003/frame_0033.jpeg,33,2100.0,2970.0,699.86,286.325,751.954,820.226,1214.03,767.824,1087.7,265.762
background01,0,letter003,7,letter,1,2,background01/letter003/frame_0052.jpeg,52,2100.0,2970.0,726.908,299.639,880.694,795.323,1307.72,682.731,1093.99,230.136
background01,0,letter003,7,letter,1,2,background01/letter003/frame_0063.jpeg,63,2100.0,2970.0,791.467,300.517,916.746,802.334,1353.11,712.723,1160.61,246.643
background01,0,letter003,7,letter,1,2,background01/letter003/frame_0093.jpeg,93,2100.0,2970.0,657.651,253.278,534.383,829.307,1051.51,876.94,1080.15,299.286
background01,0,letter003,7,letter,1,2,background01/letter003/frame_0104.jpeg,104,2100.0,2970.0,664.532,174.267,557.393,767.428,1093.69,802.185,1106.83,207.742
background01,0,letter003,7,letter,1,2,background01/letter003/frame_0113.jpeg,113,2100.0,2970.0,668.073,181.705,587.299,820.647,1157.25,838.941,1132.5,205.597
background01,0,letter003,7,letter,1,2,background01/letter003/frame_0116.jpeg,116,2100.0,2970.0,691.394,179.688,616.903,825.878,1194.3,841.597,1159.71,200.558
background01,0,letter003,7,letter,1,2,background01/letter003/frame_0121.jpeg,121,2100.0,2970.0,713.331,173.719,652.836,829.01,1234.16,837.466,1188.59,188.873
background01,0,letter003,7,letter,1,2,background01/letter003/frame_0122.jpeg,122,2100.0,2970.0,713.666,176.334,655.754,830.583,1236.88,837.026,1188.18,190.687
background01,0,letter003,7,letter,1,2,background01/letter003/frame_0131.jpeg,131,2100.0,2970.0,702.647,241.493,696.596,878.746,1255.8,850.235,1158.61,235.615
background01,0,letter003,7,letter,1,2,background01/letter003/frame_0142.jpeg,142,2100.0,2970.0,706.06,265.24,782.402,819.486,1263.51,751.823,1110.78,234.106
background01,0,letter003,7,letter,1,2,background01/letter003/frame_0153.jpeg,153,2100.0,2970.0,721.862,270.32,819.948,788.715,1264.88,726.285,1101.18,247.8
background01,0,letter003,7,letter,1,2,background01/letter003/frame_0183.jpeg,183,2100.0,2970.0,687.841,266.563,623.515,836.385,1134.95,846.029,1105.96,282.136
background01,0,letter003,7,letter,1,2,background01/letter003/frame_0185.jpeg,185,2100.0,2970.0,697.751,268.935,626.685,837.887,1138.47,853.636,1116.69,287.046
background01,0,letter003,7,letter,1,2,background01/letter003/frame_0186.jpeg,186,2100.0,2970.0,706.036,267.109,630.106,835.524,1142.03,854.055,1125.08,286.828
background01,0,letter003,7,letter,1,2,background01/letter003/frame_0190.jpeg,190,2100.0,2970.0,723.387,273.11,629.79,843.476,1143.51,873.649,1142.88,299.25
background01,0,letter003,7,letter,1,2,background01/letter003/frame_0203.jpeg,203,2100.0,2970.0,716.629,251.455,632.577,840.19,1157.7,863.992,1146.52,275.315
background01,0,letter004,8,letter,1,3,background01/letter004/frame_0003.jpeg,3,2100.0,2970.0,731.316,334.118,930.294,855.133,1327.33,738.487,1087.13,279.885
background01,0,letter004,8,letter,1,3,background01/letter004/frame_0009.jpeg,9,2100.0,2970.0,741.108,336.486,929.563,845.867,1320.12,737.215,1091.19,286.577
background01,0,letter004,8,letter,1,3,background01/letter004/frame_0017.jpeg,17,2100.0,2970.0,752.13,331.494,916.734,834.825,1311.9,740.919,1100.58,292.111
background01,0,letter004,8,letter,1,3,background01/letter004/frame_0041.jpeg,41,2100.0,2970.0,767.73,327.756,882.473,871.343,1320.33,799.163,1141.45,302.747
background01,0,letter004,8,letter,1,3,background01/letter004/frame_0046.jpeg,46,2100.0,2970.0,755.001,272.427,831.32,838.759,1295.22,782.301,1147.7,259.499
background01,0,letter004,8,letter,1,3,background01/letter004/frame_0075.jpeg,75,2100.0,2970.0,665.546,270.455,625.813,845.355,1146.85,822.746,1086.79,259.382
background01,0,letter004,8,letter,1,3,background01/letter004/frame_0077.jpeg,77,2100.0,2970.0,690.729,272.688,637.255,836.842,1155.49,819.951,1107.75,261.021
background01,0,letter004,8,letter,1,3,background01/letter004/frame_0080.jpeg,80,2100.0,2970.0,703.771,273.394,632.654,834.573,1151.29,828.568,1119.63,264.654
background01,0,letter004,8,letter,1,3,background01/letter004/frame_0107.jpeg,107,2100.0,2970.0,657.175,246.997,578.514,803.676,1100.92,807.209,1075.53,255.816
background01,0,letter004,8,letter,1,3,background01/letter004/frame_0109.jpeg,109,2100.0,2970.0,670.894,250.491,607.003,807.423,1123.16,808.75,1086.43,259.758
background01,0,letter004,8,letter,1,3,background01/letter004/frame_0124.jpeg,124,2100.0,2970.0,748.239,244.842,753.357,833.395,1275.46,816.836,1173.04,253.278
background01,0,letter004,8,letter,1,3,background01/letter004/frame_0136.jpeg,136,2100.0,2970.0,782.265,156.16,795.817,822.418,1376.34,801.825,1251.13,166.912
background01,0,letter004,8,letter,1,3,background01/letter004/frame_0137.jpeg,137,2100.0,2970.0,781.582,165.307,795.846,835.413,1380.22,813.923,1252.08,175.987
background01,0,letter004,8,letter,1,3,background01/letter004/frame_0144.jpeg,144,2100.0,2970.0,763.236,159.839,777.83,857.189,1389.82,830.282,1253.01,168.806
background01,0,letter004,8,letter,1,3,background01/letter004/frame_0153.jpeg,153,2100.0,2970.0,753.153,178.474,766.348,901.926,1392.06,872.27,1251.53,186.577
background01,0,letter004,8,letter,1,3,background01/letter004/frame_0159.jpeg,159,2100.0,2970.0,752.606,234.983,772.148,901.981,1348.09,869.79,1216.24,239.567
background01,0,letter004,8,letter,1,3,background01/letter004/frame_0161.jpeg,161,2100.0,2970.0,756.617,227.1,783.818,878.581,1340.75,844.794,1211.15,230.287
background01,0,letter004,8,letter,1,3,background01/letter004/frame_0162.jpeg,162,2100.0,2970.0,750.958,232.866,782.475,859.511,1327.18,825.446,1196.18,234.745
background01,0,letter004,8,letter,1,3,background01/letter004/frame_0170.jpeg,170,2100.0,2970.0,746.966,251.896,805.796,803.224,1269.4,756.422,1137.93,241.471
background01,0,letter004,8,letter,1,3,background01/letter004/frame_0200.jpeg,200,2100.0,2970.0,780.271,289.157,796.921,819.141,1255.44,806.257,1160.25,300.78
background01,0,letter004,8,letter,1,3,background01/letter004/frame_0209.jpeg,209,2100.0,2970.0,786.886,248.204,764.487,811.888,1254.28,818.864,1190.27,273.918
background01,0,letter005,9,letter,1,4,background01/letter005/frame_0001.jpeg,1,2100.0,2970.0,827.341,276.503,580.005,704.238,986.726,852.907,1176.11,377.74
background01,0,letter005,9,letter,1,4,background01/letter005/frame_0007.jpeg,7,2100.0,2970.0,828.367,279.035,584.642,703.333,986.93,849.453,1173.97,378.826
background01,0,letter005,9,letter,1,4,background01/letter005/frame_0029.jpeg,29,2100.0,2970.0,749.724,274.723,626.512,771.644,1086.76,825.146,1128.66,311.511
background01,0,letter005,9,letter,1,4,background01/letter005/frame_0034.jpeg,34,2100.0,2970.0,744.766,276.149,694.134,792.255,1166.91,798.0,1133.97,279.914
background01,0,letter005,9,letter,1,4,background01/letter005/frame_0048.jpeg,48,2100.0,2970.0,757.271,304.759,802.673,874.312,1294.76,819.221,1163.54,270.664
background01,0,letter005,9,letter,1,4,background01/letter005/frame_0052.jpeg,52,2100.0,2970.0,716.017,296.996,806.26,886.388,1302.39,796.836,1131.64,240.856
background01,0,letter005,9,letter,1,4,background01/letter005/frame_0055.jpeg,55,2100.0,2970.0,700.509,289.404,817.054,877.041,1307.66,769.978,1114.86,220.18
background01,0,letter005,9,letter,1,4,background01/letter005/frame_0061.jpeg,61,2100.0,2970.0,679.093,298.716,827.151,872.954,1299.38,747.209,1084.24,217.344
background01,0,letter005,9,letter,1,4,background01/letter005/frame_0072.jpeg,72,2100.0,2970.0,646.935,302.658,878.141,804.054,1285.77,634.448,1011.28,186.453
background01,0,letter005,9,letter,1,4,background01/letter005/frame_0073.jpeg,73,2100.0,2970.0,642.985,303.679,877.883,797.911,1281.73,628.6,1004.17,187.803
background01,0,letter005,9,letter,1,4,background01/letter005/frame_0084.jpeg,84,2100.0,2970.0,662.332,296.984,917.727,737.528,1278.25,576.382,992.7,188.425
background01,0,letter005,9,letter,1,4,background01/letter005/frame_0090.jpeg,90,2100.0,2970.0,692.051,280.197,938.429,712.245,1292.46,563.73,1015.42,182.681
background01,0,letter005,9,letter,1,4,background01/letter005/frame_0091.jpeg,91,2100.0,2970.0,694.565,280.42,938.595,713.468,1292.64,566.263,1017.31,183.666
background01,0,letter005,9,letter,1,4,background01/letter005/frame_0107.jpeg,107,2100.0,2970.0,731.704,312.243,918.41,784.999,1315.43,664.167,1077.07,238.744
background01,0,letter005,9,letter,1,4,background01/letter005/frame_0108.jpeg,108,2100.0,2970.0,725.789,317.091,902.855,793.789,1307.24,678.207,1075.43,246.621
background01,0,letter005,9,letter,1,4,background01/letter005/frame_0129.jpeg,129,2100.0,2970.0,706.81,222.813,636.453,721.598,1110.87,750.916,1093.71,252.77
background01,0,letter005,9,letter,1,4,background01/letter005/frame_0130.jpeg,130,2100.0,2970.0,714.865,215.669,638.795,709.473,1111.99,744.592,1100.47,249.678
background01,0,letter005,9,letter,1,4,background01/letter005/frame_0133.jpeg,133,2100.0,2970.0,756.496,173.696,655.475,662.598,1129.17,716.445,1144.91,217.937
background01,0,letter005,9,letter,1,4,background01/letter005/frame_0145.jpeg,145,2100.0,2970.0,789.345,233.74,655.627,706.823,1116.38,782.274,1165.94,289.723
background01,0,letter005,9,letter,1,4,background01/letter005/frame_0150.jpeg,150,2100.0,2970.0,783.292,233.025,660.559,714.52,1124.98,779.283,1162.63,282.47
background01,0,letter005,9,letter,1,4,background01/letter005/frame_0160.jpeg,160,2100.0,2970.0,749.616,233.422,688.899,735.125,1160.42,758.235,1135.19,256.506
background01,0,letter005,9,letter,1,4,background01/letter005/frame_0183.jpeg,183,2100.0,2970.0,805.777,220.833,813.528,816.269,1349.48,804.172,1235.87,225.673
background01,0,letter005,9,letter,1,4,background01/letter005/frame_0185.jpeg,185,2100.0,2970.0,798.168,216.267,807.904,821.789,1351.41,807.362,1236.39,219.764
background01,0,letter005,9,letter,1,4,background01/letter005/frame_0199.jpeg,199,2100.0,2970.0,823.161,228.427,828.777,846.608,1383.11,835.125,1268.32,230.977
background01,0,magazine001,10,magazine,2,0,background01/magazine001/frame_0001.jpeg,1,2100.0,2970.0,717.652,317.392,758.168,873.342,1223.61,828.871,1108.42,299.284
background01,0,magazine001,10,magazine,2,0,background01/magazine001/frame_0021.jpeg,21,2100.0,2970.0,716.771,299.345,724.13,863.9,1204.69,839.259,1117.89,293.234
background01,0,magazine001,10,magazine,2,0,background01/magazine001/frame_0036.jpeg,36,2100.0,2970.0,700.675,256.166,674.599,836.22,1179.56,827.781,1118.28,258.137
background01,0,magazine001,10,magazine,2,0,background01/magazine001/frame_0059.jpeg,59,2100.0,2970.0,838.697,276.337,930.355,837.418,1397.33,778.338,1233.08,245.771
background01,0,magazine001,10,magazine,2,0,background01/magazine001/frame_0063.jpeg,63,2100.0,2970.0,841.606,277.358,958.415,828.602,1409.33,757.589,1226.64,240.076
background01,0,magazine001,10,magazine,2,0,background01/magazine001/frame_0075.jpeg,75,2100.0,2970.0,827.53,266.161,994.512,795.584,1418.32,700.404,1196.26,213.673
background01,0,magazine001,10,magazine,2,0,background01/magazine001/frame_0104.jpeg,104,2100.0,2970.0,697.519,238.634,655.737,853.743,1191.75,856.61,1137.41,248.094
background01,0,magazine001,10,magazine,2,0,background01/magazine001/frame_0110.jpeg,110,2100.0,2970.0,727.344,213.049,642.64,818.199,1180.14,848.604,1168.0,235.86
background01,0,magazine001,10,magazine,2,0,background01/magazine001/frame_0112.jpeg,112,2100.0,2970.0,734.829,209.175,643.155,811.246,1177.01,846.637,1174.2,233.695
background01,0,magazine001,10,magazine,2,0,background01/magazine001/frame_0113.jpeg,113,2100.0,2970.0,737.012,212.038,640.964,812.104,1173.92,849.647,1175.85,237.477
background01,0,magazine001,10,magazine,2,0,background01/magazine001/frame_0121.jpeg,121,2100.0,2970.0,770.109,200.153,674.621,779.144,1192.54,818.418,1199.53,223.06
background01,0,magazine001,10,magazine,2,0,background01/magazine001/frame_0130.jpeg,130,2100.0,2970.0,752.319,234.736,706.221,801.28,1208.05,807.18,1167.14,240.321
background01,0,magazine001,10,magazine,2,0,background01/magazine001/frame_0136.jpeg,136,2100.0,2970.0,756.12,236.539,763.07,806.707,1258.2,788.874,1169.3,232.591
background01,0,magazine001,10,magazine,2,0,background01/magazine001/frame_0150.jpeg,150,2100.0,2970.0,807.778,252.264,943.584,809.709,1397.46,725.534,1198.27,206.695
background01,0,magazine001,10,magazine,2,0,background01/magazine001/frame_0167.jpeg,167,2100.0,2970.0,825.322,252.121,943.031,807.486,1401.0,732.764,1214.31,213.245
background01,0,magazine001,10,magazine,2,0,background01/magazine001/frame_0170.jpeg,170,2100.0,2970.0,791.877,259.466,885.623,824.701,1361.59,756.952,1191.67,223.514
background01,0,magazine001,10,magazine,2,0,background01/magazine001/frame_0175.jpeg,175,2100.0,2970.0,705.701,238.276,740.765,829.763,1251.44,783.046,1130.34,217.028
background01,0,magazine002,11,magazine,2,1,background01/magazine002/frame_0017.jpeg,17,2100.0,2970.0,771.628,283.573,903.667,837.639,1338.74,747.291,1153.11,233.341
background01,0,magazine002,11,magazine,2,1,background01/magazine002/frame_0023.jpeg,23,2100.0,2970.0,754.643,283.639,830.928,859.725,1294.37,797.443,1153.15,252.731
background01,0,magazine002,11,magazine,2,1,background01/magazine002/frame_0073.jpeg,73,2100.0,2970.0,713.762,271.952,760.923,831.39,1226.48,782.831,1111.57,248.437
background01,0,magazine002,11,magazine,2,1,background01/magazine002/frame_0081.jpeg,81,2100.0,2970.0,733.506,291.933,879.753,842.417,1317.42,740.513,1118.73,233.385
background01,0,magazine002,11,magazine,2,1,background01/magazine002/frame_0088.jpeg,88,2100.0,2970.0,749.455,282.189,931.425,810.156,1338.72,693.65,1116.25,214.242
background01,0,magazine002,11,magazine,2,1,background01/magazine002/frame_0090.jpeg,90,2100.0,2970.0,749.66,292.988,938.05,815.453,1337.53,695.988,1110.09,223.778
background01,0,magazine002,11,magazine,2,1,background01/magazine002/frame_0105.jpeg,105,2100.0,2970.0,756.254,310.538,935.273,837.614,1337.56,726.175,1117.99,247.239
background01,0,magazine002,11,magazine,2,1,background01/magazine002/frame_0106.jpeg,106,2100.0,2970.0,761.672,310.623,936.992,838.182,1341.64,728.634,1124.43,248.18
background01,0,magazine002,11,magazine,2,1,background01/magazine002/frame_0112.jpeg,112,2100.0,2970.0,748.372,299.826,881.604,848.336,1315.26,753.433,1127.01,246.983
background01,0,magazine002,11,magazine,2,1,background01/magazine002/frame_0113.jpeg,113,2100.0,2970.0,743.276,301.783,873.341,853.065,1308.85,760.874,1124.26,250.979
background01,0,magazine002,11,magazine,2,1,background01/magazine002/frame_0120.jpeg,120,2100.0,2970.0,713.768,290.844,771.177,860.576,1240.32,805.784,1114.84,262.938
background01,0,magazine002,11,magazine,2,1,background01/magazine002/frame_0123.jpeg,123,2100.0,2970.0,717.862,284.945,722.829,857.253,1206.07,835.043,1124.21,278.335
background01,0,magazine002,11,magazine,2,1,background01/magazine002/frame_0127.jpeg,127,2100.0,2970.0,731.462,273.378,679.477,830.858,1159.33,847.185,1135.77,291.474
background01,0,magazine002,11,magazine,2,1,background01/magazine002/frame_0128.jpeg,128,2100.0,2970.0,740.106,272.177,682.304,824.291,1158.74,847.151,1142.27,293.679
background01,0,magazine002,11,magazine,2,1,background01/magazine002/frame_0132.jpeg,132,2100.0,2970.0,776.781,262.417,672.279,786.964,1131.77,839.267,1166.42,301.003
background01,0,magazine002,11,magazine,2,1,background01/magazine002/frame_0133.jpeg,133,2100.0,2970.0,779.987,260.85,672.659,781.924,1130.28,837.041,1167.47,300.534
background01,0,magazine002,11,magazine,2,1,background01/magazine002/frame_0144.jpeg,144,2100.0,2970.0,799.701,270.16,696.156,754.118,1126.17,803.051,1166.97,303.338
background01,0,magazine002,11,magazine,2,1,background01/magazine002/frame_0149.jpeg,149,2100.0,2970.0,791.678,281.9,705.332,760.938,1130.33,797.292,1151.63,307.031
background01,0,magazine002,11,magazine,2,1,background01/magazine002/frame_0154.jpeg,154,2100.0,2970.0,768.765,264.584,697.458,761.666,1137.07,785.222,1139.65,283.218
background01,0,magazine002,11,magazine,2,1,background01/magazine002/frame_0155.jpeg,155,2100.0,2970.0,757.869,259.314,689.978,762.527,1134.82,784.373,1132.48,277.596
background01,0,magazine002,11,magazine,2,1,background01/magazine002/frame_0171.jpeg,171,2100.0,2970.0,760.459,196.398,844.572,795.541,1349.08,728.513,1189.31,161.704
background01,0,magazine002,11,magazine,2,1,background01/magazine002/frame_0187.jpeg,187,2100.0,2970.0,750.669,201.716,925.358,868.857,1462.82,746.962,1208.31,140.663
background01,0,magazine002,11,magazine,2,1,background01/magazine002/frame_0216.jpeg,216,2100.0,2970.0,723.342,292.657,753.243,824.449,1211.85,786.842,1109.6,276.554
background01,0,magazine002,11,magazine,2,1,background01/magazine002/frame_0217.jpeg,217,2100.0,2970.0,715.72,288.775,735.99,818.759,1193.56,785.561,1100.29,276.6
background01,0,magazine002,11,magazine,2,1,background01/magazine002/frame_0218.jpeg,218,2100.0,2970.0,705.292,286.077,710.564,810.704,1168.11,788.909,1089.77,281.143
background01,0,magazine002,11,magazine,2,1,background01/magazine002/frame_0222.jpeg,222,2100.0,2970.0,720.032,268.033,679.542,774.366,1129.61,783.464,1097.53,282.711
background01,0,magazine003,12,magazine,2,2,background01/magazine003/frame_0019.jpeg,19,2100.0,2970.0,649.593,352.514,931.043,809.985,1271.4,638.291,973.738,244.582
background01,0,magazine003,12,magazine,2,2,background01/magazine003/frame_0022.jpeg,22,2100.0,2970.0,650.803,336.059,932.948,810.861,1282.62,638.321,982.597,229.734
background01,0,magazine003,12,magazine,2,2,background01/magazine003/frame_0023.jpeg,23,2100.0,2970.0,653.714,339.861,935.38,813.144,1287.1,642.133,986.424,235.14
background01,0,magazine003,12,magazine,2,2,background01/magazine003/frame_0029.jpeg,29,2100.0,2970.0,652.541,358.424,927.798,856.735,1296.67,685.068,997.937,258.017
background01,0,magazine003,12,magazine,2,2,background01/magazine003/frame_0037.jpeg,37,2100.0,2970.0,659.2,319.705,928.687,846.111,1317.79,681.45,1020.84,228.845
background01,0,magazine003,12,magazine,2,2,background01/magazine003/frame_0039.jpeg,39,2100.0,2970.0,677.864,313.727,939.947,846.377,1333.99,685.678,1040.8,225.192
background01,0,magazine003,12,magazine,2,2,background01/magazine003/frame_0054.jpeg,54,2100.0,2970.0,761.536,306.397,923.56,875.303,1372.2,774.645,1147.18,263.113
background01,0,magazine003,12,magazine,2,2,background01/magazine003/frame_0056.jpeg,56,2100.0,2970.0,748.835,296.586,886.563,872.044,1344.28,782.577,1139.86,261.592
background01,0,magazine003,12,magazine,2,2,background01/magazine003/frame_0057.jpeg,57,2100.0,2970.0,744.323,296.303,876.77,874.186,1336.64,787.721,1136.36,264.974
background01,0,magazine003,12,magazine,2,2,background01/magazine003/frame_0059.jpeg,59,2100.0,2970.0,745.761,292.097,858.81,868.99,1327.47,795.75,1141.64,268.79
background01,0,magazine003,12,magazine,2,2,background01/magazine003/frame_0060.jpeg,60,2100.0,2970.0,750.311,290.808,853.097,869.927,1324.78,802.159,1147.32,270.647
background01,0,magazine003,12,magazine,2,2,background01/magazine003/frame_0093.jpeg,93,2100.0,2970.0,857.276,248.231,659.175,738.251,1133.84,876.635,1242.99,354.716
background01,0,magazine003,12,magazine,2,2,background01/magazine003/frame_0099.jpeg,99,2100.0,2970.0,906.021,200.435,670.577,662.021,1125.06,825.409,1282.63,323.674
background01,0,magazine003,12,magazine,2,2,background01/magazine003/frame_0111.jpeg,111,2100.0,2970.0,895.279,242.315,658.635,682.083,1093.33,835.051,1258.43,351.437
background01,0,magazine003,12,magazine,2,2,background01/magazine003/frame_0131.jpeg,131,2100.0,2970.0,582.924,233.279,368.521,718.717,829.66,810.163,960.523,303.901
background01,0,magazine003,12,magazine,2,2,background01/magazine003/frame_0152.jpeg,152,2100.0,2970.0,377.137,237.055,223.722,773.313,724.915,799.447,783.795,269.981
background01,0,magazine003,12,magazine,2,2,background01/magazine003/frame_0154.jpeg,154,2100.0,2970.0,377.396,242.031,237.221,783.265,740.885,801.571,786.051,270.122
background01,0,magazine003,12,magazine,2,2,background01/magazine003/frame_0158.jpeg,158,2100.0,2970.0,400.824,255.652,282.679,803.134,787.908,808.572,811.211,275.044
background01,0,magazine003,12,magazine,2,2,background01/magazine003/frame_0170.jpeg,170,2100.0,2970.0,568.171,261.807,532.663,818.74,1032.43,800.588,977.686,264.66
background01,0,magazine003,12,magazine,2,2,background01/magazine003/frame_0177.jpeg,177,2100.0,2970.0,688.829,266.947,698.394,813.226,1182.65,781.852,1087.2,260.085
background01,0,magazine003,12,magazine,2,2,background01/magazine003/frame_0178.jpeg,178,2100.0,2970.0,703.518,264.827,720.175,811.086,1202.09,778.967,1100.17,257.222
background01,0,magazine003,12,magazine,2,2,background01/magazine003/frame_0179.jpeg,179,2100.0,2970.0,714.033,263.65,735.401,808.289,1215.79,776.221,1109.77,256.078
background01,0,magazine004,13,magazine,2,3,background01/magazine004/frame_0004.jpeg,4,2100.0,2970.0,770.779,343.372,851.837,851.357,1265.65,794.653,1130.18,319.442
background01,0,magazine004,13,magazine,2,3,background01/magazine004/frame_0018.jpeg,18,2100.0,2970.0,744.732,366.807,827.326,843.595,1218.23,786.988,1086.4,342.719
background01,0,magazine004,13,magazine,2,3,background01/magazine004/frame_0025.jpeg,25,2100.0,2970.0,745.425,385.495,829.705,847.22,1209.66,789.293,1077.17,358.842
background01,0,magazine004,13,magazine,2,3,background01/magazine004/frame_0040.jpeg,40,2100.0,2970.0,765.768,389.164,852.389,812.941,1207.0,759.403,1076.1,364.969
background01,0,magazine004,13,magazine,2,3,background01/magazine004/frame_0042.jpeg,42,2100.0,2970.0,774.795,384.769,862.82,805.453,1216.03,751.888,1084.28,359.919
background01,0,magazine004,13,magazine,2,3,background01/magazine004/frame_0047.jpeg,47,2100.0,2970.0,780.43,393.923,873.436,818.304,1227.12,762.627,1089.88,368.186
background01,0,magazine004,13,magazine,2,3,background01/magazine004/frame_0049.jpeg,49,2100.0,2970.0,774.877,404.312,867.391,833.201,1224.67,775.397,1087.41,377.638
background01,0,magazine004,13,magazine,2,3,background01/magazine004/frame_0073.jpeg,73,2100.0,2970.0,809.134,312.142,863.987,851.564,1316.11,816.508,1192.69,304.145
background01,0,magazine004,13,magazine,2,3,background01/magazine004/frame_0078.jpeg,78,2100.0,2970.0,813.453,320.186,843.649,882.57,1318.05,859.829,1210.83,319.067
background01,0,magazine004,13,magazine,2,3,background01/magazine004/frame_0090.jpeg,90,2100.0,2970.0,803.276,251.208,774.372,851.952,1296.99,855.165,1237.66,262.415
background01,0,magazine004,13,magazine,2,3,background01/magazine004/frame_0095.jpeg,95,2100.0,2970.0,785.128,247.794,743.349,855.585,1275.23,863.789,1224.51,260.701
background01,0,magazine004,13,magazine,2,3,background01/magazine004/frame_0105.jpeg,105,2100.0,2970.0,729.093,211.846,652.164,838.934,1206.98,858.531,1185.36,232.934
background01,0,magazine004,13,magazine,2,3,background01/magazine004/frame_0107.jpeg,107,2100.0,2970.0,718.383,198.978,639.872,834.085,1197.84,853.502,1178.4,219.864
background01,0,magazine004,13,magazine,2,3,background01/magazine004/frame_0115.jpeg,115,2100.0,2970.0,698.735,190.959,615.43,840.144,1186.92,860.63,1168.04,209.614
background01,0,magazine004,13,magazine,2,3,background01/magazine004/frame_0116.jpeg,116,2100.0,2970.0,697.667,192.285,612.654,843.196,1185.07,864.287,1168.45,210.926
background01,0,magazine004,13,magazine,2,3,background01/magazine004/frame_0125.jpeg,125,2100.0,2970.0,670.106,162.979,575.113,828.083,1162.0,848.998,1151.92,182.769
background01,0,magazine004,13,magazine,2,3,background01/magazine004/frame_0136.jpeg,136,2100.0,2970.0,568.256,151.579,477.26,842.301,1083.62,843.724,1064.22,162.609
background01,0,magazine004,13,magazine,2,3,background01/magazine004/frame_0139.jpeg,139,2100.0,2970.0,535.478,150.21,451.732,842.7,1059.49,836.37,1033.54,155.739
background01,0,magazine004,13,magazine,2,3,background01/magazine004/frame_0141.jpeg,141,2100.0,2970.0,520.379,147.393,440.199,843.363,1050.69,832.941,1020.72,151.175
background01,0,magazine004,13,magazine,2,3,background01/magazine004/frame_0172.jpeg,172,2100.0,2970.0,573.817,152.456,552.972,832.331,1138.33,808.068,1060.49,155.368
background01,0,magazine004,13,magazine,2,3,background01/magazine004/frame_0190.jpeg,190,2100.0,2970.0,970.427,204.298,974.367,874.282,1534.91,891.705,1437.21,236.196
background01,0,magazine004,13,magazine,2,3,background01/magazine004/frame_0192.jpeg,192,2100.0,2970.0,1007.08,204.122,1017.8,872.481,1575.54,888.485,1472.82,234.503
background01,0,magazine004,13,magazine,2,3,background01/magazine004/frame_0196.jpeg,196,2100.0,2970.0,1018.68,182.911,1049.09,848.234,1602.33,849.862,1483.13,204.581
background01,0,magazine004,13,magazine,2,3,background01/magazine004/frame_0201.jpeg,201,2100.0,2970.0,974.791,158.35,1032.32,817.551,1575.34,794.813,1434.61,162.913
background01,0,magazine004,13,magazine,2,3,background01/magazine004/frame_0215.jpeg,215,2100.0,2970.0,821.141,174.551,897.518,826.646,1438.27,768.784,1278.5,153.765
background01,0,magazine004,13,magazine,2,3,background01/magazine004/frame_0222.jpeg,222,2100.0,2970.0,730.81,180.058,799.004,835.427,1345.56,769.742,1192.26,153.782
background01,0,magazine005,14,magazine,2,4,background01/magazine005/frame_0003.jpeg,3,2100.0,2970.0,637.805,407.404,918.874,885.755,1270.58,697.724,971.022,286.312
background01,0,magazine005,14,magazine,2,4,background01/magazine005/frame_0004.jpeg,4,2100.0,2970.0,640.223,407.924,919.476,890.547,1274.6,701.761,975.499,287.255
background01,0,magazine005,14,magazine,2,4,background01/magazine005/frame_0021.jpeg,21,2100.0,2970.0,656.328,355.574,845.77,902.564,1280.29,751.972,1037.38,266.314
background01,0,magazine005,14,magazine,2,4,background01/magazine005/frame_0028.jpeg,28,2100.0,2970.0,585.598,274.359,718.612,854.997,1193.84,724.624,998.175,195.863
background01,0,magazine005,14,magazine,2,4,background01/magazine005/frame_0030.jpeg,30,2100.0,2970.0,560.68,267.636,679.392,847.826,1157.95,721.569,975.561,190.678
background01,0,magazine005,14,magazine,2,4,background01/magazine005/frame_0040.jpeg,40,2100.0,2970.0,414.688,283.964,495.658,870.696,989.837,744.787,837.422,205.449
background01,0,magazine005,14,magazine,2,4,background01/magazine005/frame_0055.jpeg,55,2100.0,2970.0,638.308,258.968,764.844,848.466,1242.44,732.376,1052.44,188.586
background01,0,magazine005,14,magazine,2,4,background01/magazine005/frame_0071.jpeg,71,2100.0,2970.0,779.007,254.299,1019.61,809.349,1441.06,645.621,1162.12,148.818
background01,0,magazine005,14,magazine,2,4,background01/magazine005/frame_0090.jpeg,90,2100.0,2970.0,752.315,341.352,998.897,804.325,1343.94,645.921,1074.11,237.46
background01,0,magazine005,14,magazine,2,4,background01/magazine005/frame_0091.jpeg,91,2100.0,2970.0,739.79,344.175,983.68,816.28,1333.54,655.431,1066.17,240.517
background01,0,magazine005,14,magazine,2,4,background01/magazine005/frame_0092.jpeg,92,2100.0,2970.0,732.703,347.72,977.847,820.806,1330.66,660.782,1059.95,245.187
background01,0,magazine005,14,magazine,2,4,background01/magazine005/frame_0094.jpeg,94,2100.0,2970.0,719.366,346.334,962.057,836.742,1326.25,675.621,1056.54,245.31
background01,0,magazine005,14,magazine,2,4,background01/magazine005/frame_0100.jpeg,100,2100.0,2970.0,730.429,263.024,942.46,808.292,1358.08,666.305,1106.68,180.072
background01,0,magazine005,14,magazine,2,4,background01/magazine005/frame_0103.jpeg,103,2100.0,2970.0,736.421,254.764,922.178,831.235,1368.5,699.033,1130.39,180.141
background01,0,magazine005,14,magazine,2,4,background01/magazine005/frame_0105.jpeg,105,2100.0,2970.0,731.944,255.941,896.982,847.839,1362.66,724.965,1137.51,190.27
background01,0,magazine005,14,magazine,2,4,background01/magazine005/frame_0145.jpeg,145,2100.0,2970.0,687.043,286.028,787.069,908.408,1315.29,788.98,1123.99,205.67
background01,0,magazine005,14,magazine,2,4,background01/magazine005/frame_0160.jpeg,160,2100.0,2970.0,802.295,344.412,993.659,925.013,1463.51,780.251,1203.26,254.415
background01,0,magazine005,14,magazine,2,4,background01/magazine005/frame_0162.jpeg,162,2100.0,2970.0,805.17,318.541,1004.64,902.581,1473.38,757.365,1207.61,230.019
background01,0,magazine005,14,magazine,2,4,background01/magazine005/frame_0166.jpeg,166,2100.0,2970.0,826.843,269.354,1037.54,858.403,1503.99,713.553,1231.09,183.402
background01,0,magazine005,14,magazine,2,4,background01/magazine005/frame_0167.jpeg,167,2100.0,2970.0,830.273,262.484,1045.77,847.073,1509.07,702.413,1235.2,176.385
background01,0,magazine005,14,magazine,2,4,background01/magazine005/frame_0173.jpeg,173,2100.0,2970.0,827.141,248.442,1060.04,834.815,1511.49,681.553,1227.08,158.977
background01,0,magazine005,14,magazine,2,4,background01/magazine005/frame_0184.jpeg,184,2100.0,2970.0,832.286,306.857,1079.07,870.35,1506.07,709.18,1212.3,212.083
background01,0,paper001,15,paper,3,0,background01/paper001/frame_0006.jpeg,6,2100.0,2970.0,719.073,200.351,724.169,885.063,1261.1,859.687,1191.26,184.752
background01,0,paper001,15,paper,3,0,background01/paper001/frame_0018.jpeg,18,2100.0,2970.0,715.691,209.806,719.987,890.869,1256.14,867.775,1186.48,195.987
background01,0,paper001,15,paper,3,0,background01/paper001/frame_0022.jpeg,22,2100.0,2970.0,715.408,207.669,718.678,887.829,1253.51,864.062,1185.45,193.114
background01,0,paper001,15,paper,3,0,background01/paper001/frame_0028.jpeg,28,2100.0,2970.0,708.099,202.187,709.861,880.886,1245.49,857.064,1178.26,187.055
background01,0,paper001,15,paper,3,0,background01/paper001/frame_0048.jpeg,48,2100.0,2970.0,635.462,219.411,618.63,884.701,1150.56,861.447,1097.85,201.857
background01,0,paper001,15,paper,3,0,background01/paper001/frame_0050.jpeg,50,2100.0,2970.0,624.58,220.679,607.68,885.24,1139.69,863.557,1087.66,204.604
background01,0,paper001,15,paper,3,0,background01/paper001/frame_0068.jpeg,68,2100.0,2970.0,548.016,209.203,505.913,865.766,1037.98,856.69,1008.11,204.33
background01,0,paper001,15,paper,3,0,background01/paper001/frame_0081.jpeg,81,2100.0,2970.0,644.339,253.76,649.022,939.144,1190.19,901.302,1110.21,232.529
background01,0,paper001,15,paper,3,0,background01/paper001/frame_0112.jpeg,112,2100.0,2970.0,660.633,257.561,844.655,878.724,1322.68,734.724,1087.19,162.113
background01,0,paper001,15,paper,3,0,background01/paper001/frame_0131.jpeg,131,2100.0,2970.0,718.027,232.529,877.103,790.991,1312.14,679.561,1107.18,162.969
background01,0,paper001,15,paper,3,0,background01/paper001/frame_0133.jpeg,133,2100.0,2970.0,739.691,237.87,888.594,791.926,1324.81,686.025,1127.34,171.155
background01,0,paper001,15,paper,3,0,background01/paper001/frame_0142.jpeg,142,2100.0,2970.0,801.978,248.432,900.473,811.087,1356.43,741.381,1196.79,206.081
background01,0,paper001,15,paper,3,0,background01/paper001/frame_0144.jpeg,144,2100.0,2970.0,808.998,235.229,887.175,799.05,1348.56,744.244,1207.16,204.355
background01,0,paper001,15,paper,3,0,background01/paper001/frame_0156.jpeg,156,2100.0,2970.0,752.583,210.299,711.864,762.555,1188.8,774.872,1155.52,228.938
background01,0,paper001,15,paper,3,0,background01/paper001/frame_0159.jpeg,159,2100.0,2970.0,717.138,176.932,648.836,720.654,1126.0,749.263,1120.56,208.161
background01,0,paper001,15,paper,3,0,background01/paper001/frame_0160.jpeg,160,2100.0,2970.0,709.084,163.835,629.392,705.396,1107.35,740.294,1112.3,198.453
background01,0,paper001,15,paper,3,0,background01/paper001/frame_0168.jpeg,168,2100.0,2970.0,736.051,165.3,616.6,676.462,1078.66,741.032,1125.07,218.709
background01,0,paper001,15,paper,3,0,background01/paper001/frame_0173.jpeg,173,2100.0,2970.0,768.3,169.243,622.295,658.249,1072.99,746.285,1147.86,240.554
background01,0,paper001,15,paper,3,0,background01/paper001/frame_0184.jpeg,184,2100.0,2970.0,878.664,189.706,684.555,636.909,1104.06,774.012,1234.29,297.458
background01,0,paper001,15,paper,3,0,background01/paper001/frame_0189.jpeg,189,2100.0,2970.0,872.144,206.132,675.847,652.618,1094.37,788.856,1225.02,313.278
background01,0,paper002,16,paper,3,1,background01/paper002/frame_0002.jpeg,2,2100.0,2970.0,697.44,299.22,993.731,842.434,1391.9,659.965,1071.83,187.454
background01,0,paper002,16,paper,3,1,background01/paper002/frame_0008.jpeg,8,2100.0,2970.0,707.81,306.245,998.383,841.696,1393.43,662.119,1077.65,196.588
background01,0,paper002,16,paper,3,1,background01/paper002/frame_0009.jpeg,9,2100.0,2970.0,709.349,303.348,998.224,839.95,1393.56,660.688,1078.62,193.675
background01,0,paper002,16,paper,3,1,background01/paper002/frame_0014.jpeg,14,2100.0,2970.0,706.529,310.319,992.035,842.487,1387.02,664.416,1074.72,201.328
background01,0,paper002,16,paper,3,1,background01/paper002/frame_0024.jpeg,24,2100.0,2970.0,707.529,281.08,973.522,809.616,1370.65,644.671,1074.69,180.52
background01,0,paper002,16,paper,3,1,background01/paper002/frame_0034.jpeg,34,2100.0,2970.0,761.846,281.072,988.774,855.793,1420.92,713.957,1151.05,200.724
background01,0,paper002,16,paper,3,1,background01/paper002/frame_0037.jpeg,37,2100.0,2970.0,776.853,289.617,980.583,878.244,1430.85,746.27,1174.53,216.539
background01,0,paper002,16,paper,3,1,background01/paper002/frame_0059.jpeg,59,2100.0,2970.0,800.092,215.493,728.024,777.495,1229.93,812.605,1218.29,243.247
background01,0,paper002,16,paper,3,1,background01/paper002/frame_0064.jpeg,64,2100.0,2970.0,829.777,180.833,713.072,714.925,1201.72,788.359,1240.48,234.494
background01,0,paper002,16,paper,3,1,background01/paper002/frame_0078.jpeg,78,2100.0,2970.0,873.875,203.168,679.568,694.013,1142.15,825.943,1262.78,300.677
background01,0,paper002,16,paper,3,1,background01/paper002/frame_0084.jpeg,84,2100.0,2970.0,860.796,207.88,670.546,699.514,1133.92,826.601,1248.72,302.469
background01,0,paper002,16,paper,3,1,background01/paper002/frame_0114.jpeg,114,2100.0,2970.0,728.739,335.308,933.364,918.106,1404.94,754.268,1136.26,221.657
background01,0,paper002,16,paper,3,1,background01/paper002/frame_0115.jpeg,115,2100.0,2970.0,725.219,337.617,936.246,920.556,1405.21,750.999,1132.84,220.428
background01,0,paper002,16,paper,3,1,background01/paper002/frame_0124.jpeg,124,2100.0,2970.0,678.893,323.776,998.963,832.707,1393.4,608.795,1045.42,161.815
background01,0,paper002,16,paper,3,1,background01/paper002/frame_0132.jpeg,132,2100.0,2970.0,606.038,343.821,967.387,793.165,1308.49,546.237,938.295,157.965
background01,0,paper002,16,paper,3,1,background01/paper002/frame_0144.jpeg,144,2100.0,2970.0,653.29,332.555,992.207,793.503,1345.74,564.956,989.015,163.532
background01,0,paper002,16,paper,3,1,background01/paper002/frame_0158.jpeg,158,2100.0,2970.0,593.575,322.389,829.104,871.454,1267.85,688.41,986.303,198.89
background01,0,paper002,16,paper,3,1,background01/paper002/frame_0159.jpeg,159,2100.0,2970.0,574.237,312.778,787.784,874.116,1238.75,702.538,974.493,199.782
background01,0,paper002,16,paper,3,1,background01/paper002/frame_0169.jpeg,169,2100.0,2970.0,646.877,224.663,692.665,803.713,1189.83,747.62,1070.19,190.618
background01,0,paper002,16,paper,3,1,background01/paper002/frame_0175.jpeg,175,2100.0,2970.0,674.245,256.259,655.7,804.109,1138.54,788.352,1079.58,248.724
background01,0,paper002,16,paper,3,1,background01/paper002/frame_0193.jpeg,193,2100.0,2970.0,864.138,203.439,810.108,703.619,1270.42,727.904,1252.97,213.179
background01,0,paper003,17,paper,3,2,background01/paper003/frame_0012.jpeg,12,2100.0,2970.0,651.99,304.731,666.074,779.544,1095.07,742.655,1011.83,286.945
background01,0,paper003,17,paper,3,2,background01/paper003/frame_0021.jpeg,21,2100.0,2970.0,690.053,319.149,705.757,788.593,1136.58,758.195,1047.7,307.021
background01,0,paper003,17,paper,3,2,background01/paper003/frame_0025.jpeg,25,2100.0,2970.0,687.735,332.609,707.607,798.244,1141.61,767.347,1044.73,322.04
background01,0,paper003,17,paper,3,2,background01/paper003/frame_0033.jpeg,33,2100.0,2970.0,744.37,340.038,788.634,790.009,1222.95,747.82,1097.21,320.093
background01,0,paper003,17,paper,3,2,background01/paper003/frame_0043.jpeg,43,2100.0,2970.0,754.114,334.071,821.428,764.169,1255.65,717.188,1106.07,311.452
background01,0,paper003,17,paper,3,2,background01/paper003/frame_0076.jpeg,76,2100.0,2970.0,804.532,316.324,910.807,697.287,1341.99,652.003,1148.14,297.374
background01,0,paper003,17,paper,3,2,background01/paper003/frame_0118.jpeg,118,2100.0,2970.0,675.074,252.799,653.461,776.761,1106.05,757.857,1060.44,242.845
background01,0,paper003,17,paper,3,2,background01/paper003/frame_0129.jpeg,129,2100.0,2970.0,519.832,281.47,515.633,812.757,976.08,764.238,911.324,252.321
background01,0,paper003,17,paper,3,2,background01/paper003/frame_0133.jpeg,133,2100.0,2970.0,451.085,288.352,463.623,823.275,925.002,755.608,844.501,246.326
background01,0,paper003,17,paper,3,2,background01/paper003/frame_0136.jpeg,136,2100.0,2970.0,392.386,294.957,414.95,834.467,881.124,756.235,791.32,246.812
background01,0,paper003,17,paper,3,2,background01/paper003/frame_0139.jpeg,139,2100.0,2970.0,357.247,290.871,394.527,830.857,861.478,745.228,758.123,238.617
background01,0,paper003,17,paper,3,2,background01/paper003/frame_0151.jpeg,151,2100.0,2970.0,550.874,292.204,647.714,820.58,1095.18,723.372,937.702,230.243
background01,0,paper003,17,paper,3,2,background01/paper003/frame_0159.jpeg,159,2100.0,2970.0,741.275,309.655,878.198,819.981,1304.53,715.172,1108.23,239.255
background01,0,paper003,17,paper,3,2,background01/paper003/frame_0173.jpeg,173,2100.0,2970.0,873.387,258.33,1032.36,741.658,1433.91,646.826,1223.39,195.314
background01,0,paper003,17,paper,3,2,background01/paper003/frame_0176.jpeg,176,2100.0,2970.0,910.779,259.251,1062.37,739.428,1461.28,655.458,1257.54,204.331
background01,0,paper003,17,paper,3,2,background01/paper003/frame_0184.jpeg,184,2100.0,2970.0,982.348,305.051,1112.23,786.137,1518.11,724.119,1328.55,268.626
background01,0,paper003,17,paper,3,2,background01/paper003/frame_0185.jpeg,185,2100.0,2970.0,980.107,303.253,1107.85,784.123,1515.51,725.032,1327.99,269.111
background01,0,paper004,18,paper,3,3,background01/paper004/frame_0008.jpeg,8,2100.0,2970.0,730.151,398.186,901.769,816.329,1261.11,715.929,1045.03,340.854
background01,0,paper004,18,paper,3,3,background01/paper004/frame_0016.jpeg,16,2100.0,2970.0,684.1,352.353,844.064,794.895,1224.76,695.612,1016.3,298.749
background01,0,paper004,18,paper,3,3,background01/paper004/frame_0021.jpeg,21,2100.0,2970.0,692.627,347.402,832.272,822.693,1240.07,729.854,1041.84,299.071
background01,0,paper004,18,paper,3,3,background01/paper004/frame_0037.jpeg,37,2100.0,2970.0,749.06,297.066,744.954,823.116,1220.87,800.043,1140.38,286.235
background01,0,paper004,18,paper,3,3,background01/paper004/frame_0040.jpeg,40,2100.0,2970.0,749.021,276.524,715.367,804.142,1195.39,798.848,1144.38,276.391
background01,0,paper004,18,paper,3,3,background01/paper004/frame_0045.jpeg,45,2100.0,2970.0,754.436,258.569,696.265,786.383,1178.01,797.093,1151.27,269.21
background01,0,paper004,18,paper,3,3,background01/paper004/frame_0069.jpeg,69,2100.0,2970.0,743.289,271.753,820.949,792.571,1275.49,726.347,1127.2,234.129
background01,0,paper004,18,paper,3,3,background01/paper004/frame_0081.jpeg,81,2100.0,2970.0,876.339,200.289,1044.17,732.301,1489.15,639.644,1260.72,150.572
background01,0,paper004,18,paper,3,3,background01/paper004/frame_0083.jpeg,83,2100.0,2970.0,878.732,204.769,1060.44,738.175,1499.97,646.438,1259.2,157.213
background01,0,paper004,18,paper,3,3,background01/paper004/frame_0084.jpeg,84,2100.0,2970.0,911.287,212.812,1091.92,750.8,1532.59,662.947,1291.24,168.908
background01,0,paper004,18,paper,3,3,background01/paper004/frame_0095.jpeg,95,2100.0,2970.0,935.329,208.38,1131.2,774.139,1590.08,682.767,1327.51,171.383
background01,0,paper004,18,paper,3,3,background01/paper004/frame_0099.jpeg,99,2100.0,2970.0,873.983,224.781,1080.47,812.354,1548.76,712.691,1273.09,191.069
background01,0,paper004,18,paper,3,3,background01/paper004/frame_0105.jpeg,105,2100.0,2970.0,819.163,191.381,1046.62,798.796,1531.92,691.473,1234.86,159.315
background01,0,paper004,18,paper,3,3,background01/paper004/frame_0110.jpeg,110,2100.0,2970.0,780.7,214.322,995.465,832.046,1494.95,723.939,1203.58,185.019
background01,0,paper004,18,paper,3,3,background01/paper004/frame_0124.jpeg,124,2100.0,2970.0,719.521,158.15,834.411,828.292,1428.23,741.522,1196.12,130.015
background01,0,paper004,18,paper,3,3,background01/paper004/frame_0130.jpeg,130,2100.0,2970.0,695.771,211.135,701.362,884.616,1331.15,841.297,1186.21,196.795
background01,0,paper004,18,paper,3,3,background01/paper004/frame_0149.jpeg,149,2100.0,2970.0,828.691,222.112,722.554,740.575,1211.56,783.026,1233.11,244.199
background01,0,paper004,18,paper,3,3,background01/paper004/frame_0150.jpeg,150,2100.0,2970.0,825.635,228.982,727.503,736.891,1204.45,775.686,1222.58,249.801
background01,0,paper004,18,paper,3,3,background01/paper004/frame_0166.jpeg,166,2100.0,2970.0,635.202,194.335,590.322,714.931,1065.51,703.959,1032.99,190.853
background01,0,paper004,18,paper,3,3,background01/paper004/frame_0178.jpeg,178,2100.0,2970.0,698.323,224.016,725.234,760.54,1202.46,724.136,1096.23,210.841
background01,0,paper004,18,paper,3,3,background01/paper004/frame_0188.jpeg,188,2100.0,2970.0,797.17,200.262,883.317,737.896,1345.11,688.441,1189.27,183.132
background01,0,paper004,18,paper,3,3,background01/paper004/frame_0193.jpeg,193,2100.0,2970.0,850.235,193.221,965.638,723.032,1413.58,664.358,1234.92,167.929
background01,0,paper005,19,paper,3,4,background01/paper005/frame_0009.jpeg,9,2100.0,2970.0,655.074,241.493,604.291,797.031,1088.65,796.402,1062.29,249.238
background01,0,paper005,19,paper,3,4,background01/paper005/frame_0012.jpeg,12,2100.0,2970.0,611.08,238.749,558.206,795.489,1045.28,789.973,1022.22,242.318
background01,0,paper005,19,paper,3,4,background01/paper005/frame_0026.jpeg,26,2100.0,2970.0,409.756,278.224,407.987,839.998,896.351,772.486,823.192,238.045
background01,0,paper005,19,paper,3,4,background01/paper005/frame_0047.jpeg,47,2100.0,2970.0,736.947,260.41,831.391,816.864,1301.48,739.031,1137.79,210.782
background01,0,paper005,19,paper,3,4,background01/paper005/frame_0051.jpeg,51,2100.0,2970.0,832.531,272.46,960.101,816.98,1415.76,729.037,1222.04,214.729
background01,0,paper005,19,paper,3,4,background01/paper005/frame_0068.jpeg,68,2100.0,2970.0,830.442,299.554,993.061,782.619,1388.79,682.559,1177.65,235.48
background01,0,paper005,19,paper,3,4,background01/paper005/frame_0092.jpeg,92,2100.0,2970.0,796.161,233.897,927.427,768.452,1372.54,685.393,1179.61,186.49
background01,0,paper005,19,paper,3,4,background01/paper005/frame_0101.jpeg,101,2100.0,2970.0,816.649,225.525,905.088,796.168,1388.07,734.756,1225.37,192.609
background01,0,paper005,19,paper,3,4,background01/paper005/frame_0104.jpeg,104,2100.0,2970.0,809.087,227.394,885.621,806.132,1375.92,751.488,1223.37,199.175
background01,0,paper005,19,paper,3,4,background01/paper005/frame_0111.jpeg,111,2100.0,2970.0,785.235,208.469,819.532,808.891,1330.82,774.235,1215.32,194.58
background01,0,paper005,19,paper,3,4,background01/paper005/frame_0134.jpeg,134,2100.0,2970.0,730.78,219.566,662.349,784.826,1157.93,810.106,1144.34,249.775
background01,0,paper005,19,paper,3,4,background01/paper005/frame_0139.jpeg,139,2100.0,2970.0,701.849,248.671,668.524,796.935,1151.72,795.438,1106.19,256.579
background01,0,paper005,19,paper,3,4,background01/paper005/frame_0167.jpeg,167,2100.0,2970.0,716.903,263.836,884.334,739.039,1287.28,625.884,1070.09,190.584
background01,0,paper005,19,paper,3,4,background01/paper005/frame_0169.jpeg,169,2100.0,2970.0,730.187,265.203,892.426,746.748,1298.09,636.471,1085.36,194.442
background01,0,patent001,20,patent,4,0,background01/patent001/frame_0003.jpeg,3,2100.0,2970.0,694.287,351.485,936.275,851.478,1339.15,699.909,1053.59,261.474
background01,0,patent001,20,patent,4,0,background01/patent001/frame_0005.jpeg,5,2100.0,2970.0,709.207,339.996,934.415,840.979,1338.62,696.568,1066.78,254.714
background01,0,patent001,20,patent,4,0,background01/patent001/frame_0018.jpeg,18,2100.0,2970.0,740.869,341.175,831.243,889.077,1310.67,810.117,1136.04,297.72
background01,0,patent001,20,patent,4,0,background01/patent001/frame_0051.jpeg,51,2100.0,2970.0,432.338,238.099,429.246,797.412,925.624,734.458,848.035,198.414
background01,0,patent001,20,patent,4,0,background01/patent001/frame_0062.jpeg,62,2100.0,2970.0,590.434,287.067,685.48,886.002,1185.73,783.629,1014.79,225.403
background01,0,patent001,20,patent,4,0,background01/patent001/frame_0066.jpeg,66,2100.0,2970.0,660.012,283.731,813.697,887.409,1302.82,758.923,1082.16,203.462
background01,0,patent001,20,patent,4,0,background01/patent001/frame_0074.jpeg,74,2100.0,2970.0,669.891,282.775,916.708,842.866,1346.58,668.199,1061.33,168.605
background01,0,patent001,20,patent,4,0,background01/patent001/frame_0098.jpeg,98,2100.0,2970.0,798.17,283.77,1018.59,791.966,1406.57,659.088,1150.49,200.55
background01,0,patent001,20,patent,4,0,background01/patent001/frame_0121.jpeg,121,2100.0,2970.0,707.654,237.257,695.806,839.324,1214.77,821.784,1140.06,236.465
background01,0,patent001,20,patent,4,0,background01/patent001/frame_0125.jpeg,125,2100.0,2970.0,685.122,198.539,632.412,791.851,1150.63,801.998,1118.54,217.248
background01,0,patent001,20,patent,4,0,background01/patent001/frame_0129.jpeg,129,2100.0,2970.0,676.629,193.52,598.709,763.642,1102.87,786.552,1097.87,218.713
background01,0,patent001,20,patent,4,0,background01/patent001/frame_0130.jpeg,130,2100.0,2970.0,676.22,197.05,597.534,763.326,1098.4,787.258,1095.16,222.501
background01,0,patent001,20,patent,4,0,background01/patent001/frame_0168.jpeg,168,2100.0,2970.0,654.494,198.26,620.149,715.517,1094.0,699.916,1048.92,188.24
background01,0,patent001,20,patent,4,0,background01/patent001/frame_0169.jpeg,169,2100.0,2970.0,663.476,200.221,628.525,717.82,1104.72,703.368,1059.4,190.281
background01,0,patent001,20,patent,4,0,background01/patent001/frame_0170.jpeg,170,2100.0,2970.0,683.264,184.256,650.363,712.136,1131.98,700.969,1084.9,175.79
background01,0,patent001,20,patent,4,0,background01/patent001/frame_0177.jpeg,177,2100.0,2970.0,730.266,182.489,689.442,745.393,1202.58,743.335,1153.95,181.828
background01,0,patent001,20,patent,4,0,background01/patent001/frame_0187.jpeg,187,2100.0,2970.0,777.489,164.376,734.664,755.75,1268.77,762.736,1218.5,168.655
background01,0,patent002,21,patent,4,1,background01/patent002/frame_0006.jpeg,6,2100.0,2970.0,742.186,253.862,900.83,798.606,1325.55,694.265,1120.78,195.179
background01,0,patent002,21,patent,4,1,background01/patent002/frame_0015.jpeg,15,2100.0,2970.0,735.86,246.74,881.382,784.455,1306.92,689.554,1112.93,195.354
background01,0,patent002,21,patent,4,1,background01/patent002/frame_0020.jpeg,20,2100.0,2970.0,763.089,257.907,879.848,813.424,1323.45,734.618,1148.12,217.856
background01,0,patent002,21,patent,4,1,background01/patent002/frame_0032.jpeg,32,2100.0,2970.0,702.551,231.402,634.448,801.287,1133.07,825.106,1117.88,259.159
background01,0,patent002,21,patent,4,1,background01/patent002/frame_0034.jpeg,34,2100.0,2970.0,694.147,234.3,602.459,792.908,1096.84,827.885,1104.33,267.481
background01,0,patent002,21,patent,4,1,background01/patent002/frame_0046.jpeg,46,2100.0,2970.0,714.186,306.075,589.227,808.88,1042.43,856.109,1093.74,334.214
background01,0,patent002,21,patent,4,1,background01/patent002/frame_0047.jpeg,47,2100.0,2970.0,718.815,302.437,593.581,802.867,1044.71,848.571,1096.81,328.46
background01,0,patent002,21,patent,4,1,background01/patent002/frame_0051.jpeg,51,2100.0,2970.0,671.153,279.06,561.706,782.445,1010.98,806.837,1049.25,289.478
background01,0,patent002,21,patent,4,1,background01/patent002/frame_0055.jpeg,55,2100.0,2970.0,577.68,288.385,496.723,807.515,953.08,799.333,961.04,278.578
background01,0,patent002,21,patent,4,1,background01/patent002/frame_0061.jpeg,61,2100.0,2970.0,434.757,313.347,410.269,858.526,884.245,802.677,832.896,272.854
background01,0,patent002,21,patent,4,1,background01/patent002/frame_0095.jpeg,95,2100.0,2970.0,1095.8,229.432,1144.33,824.028,1633.12,815.346,1513.23,228.388
background01,0,patent002,21,patent,4,1,background01/patent002/frame_0097.jpeg,97,2100.0,2970.0,1105.0,220.627,1141.34,811.882,1630.04,808.879,1522.83,222.833
background01,0,patent002,21,patent,4,1,background01/patent002/frame_0100.jpeg,100,2100.0,2970.0,1054.91,231.43,1086.47,816.565,1570.72,809.714,1468.46,232.238
background01,0,patent002,21,patent,4,1,background01/patent002/frame_0102.jpeg,102,2100.0,2970.0,1016.19,238.655,1045.67,815.818,1527.35,804.577,1428.2,233.815
background01,0,patent002,21,patent,4,1,background01/patent002/frame_0105.jpeg,105,2100.0,2970.0,956.894,256.408,982.926,827.713,1463.28,811.419,1364.09,247.484
background01,0,patent002,21,patent,4,1,background01/patent002/frame_0118.jpeg,118,2100.0,2970.0,732.715,188.023,659.717,749.482,1153.1,768.37,1149.03,201.47
background01,0,patent002,21,patent,4,1,background01/patent002/frame_0129.jpeg,129,2100.0,2970.0,697.189,95.5915,561.579,673.53,1076.25,735.902,1130.99,140.778
background01,0,patent002,21,patent,4,1,background01/patent002/frame_0131.jpeg,131,2100.0,2970.0,710.361,130.34,562.374,704.981,1078.59,774.381,1143.26,180.435
background01,0,patent002,21,patent,4,1,background01/patent002/frame_0148.jpeg,148,2100.0,2970.0,730.366,236.901,654.008,821.71,1175.14,838.179,1161.86,246.328
background01,0,patent002,21,patent,4,1,background01/patent002/frame_0151.jpeg,151,2100.0,2970.0,718.685,260.408,671.22,844.185,1182.71,842.594,1143.72,258.091
background01,0,patent002,21,patent,4,1,background01/patent002/frame_0154.jpeg,154,2100.0,2970.0,710.282,306.576,703.183,881.78,1201.95,851.927,1124.81,286.615
background01,0,patent002,21,patent,4,1,background01/patent002/frame_0156.jpeg,156,2100.0,2970.0,716.375,303.468,733.779,874.793,1228.01,829.579,1127.7,272.82
background01,0,patent002,21,patent,4,1,background01/patent002/frame_0162.jpeg,162,2100.0,2970.0,710.267,311.405,803.163,870.734,1278.11,776.758,1112.15,246.176
background01,0,patent002,21,patent,4,1,background01/patent002/frame_0163.jpeg,163,2100.0,2970.0,706.264,306.307,814.089,866.2,1286.4,761.604,1106.76,233.34
background01,0,patent002,21,patent,4,1,background01/patent002/frame_0169.jpeg,169,2100.0,2970.0,679.254,299.536,831.817,871.291,1306.48,740.132,1086.09,210.282
background01,0,patent002,21,patent,4,1,background01/patent002/frame_0175.jpeg,175,2100.0,2970.0,673.811,266.533,833.635,848.619,1311.98,715.647,1086.92,178.739
background01,0,patent002,21,patent,4,1,background01/patent002/frame_0182.jpeg,182,2100.0,2970.0,719.05,236.801,864.465,816.154,1343.29,699.837,1130.56,159.344
background01,0,patent003,22,patent,4,2,background01/patent003/frame_0014.jpeg,14,2100.0,2970.0,711.376,246.621,853.388,847.843,1343.3,744.208,1132.75,191.901
background01,0,patent003,22,patent,4,2,background01/patent003/frame_0015.jpeg,15,2100.0,2970.0,723.084,250.428,866.828,844.847,1353.89,742.014,1141.27,194.791
background01,0,patent003,22,patent,4,2,background01/patent003/frame_0025.jpeg,25,2100.0,2970.0,690.208,218.348,836.232,816.572,1321.11,707.423,1110.42,160.381
background01,0,patent003,22,patent,4,2,background01/patent003/frame_0027.jpeg,27,2100.0,2970.0,684.691,218.996,825.14,828.095,1315.36,720.844,1108.35,162.678
background01,0,patent003,22,patent,4,2,background01/patent003/frame_0045.jpeg,45,2100.0,2970.0,650.272,194.546,590.02,815.556,1136.89,818.881,1102.21,205.466
background01,0,patent003,22,patent,4,2,background01/patent003/frame_0046.jpeg,46,2100.0,2970.0,653.624,198.999,585.758,816.152,1129.53,823.457,1102.8,210.344
background01,0,patent003,22,patent,4,2,background01/patent003/frame_0050.jpeg,50,2100.0,2970.0,638.03,210.379,554.043,811.634,1088.44,822.091,1078.82,220.016
background01,0,patent003,22,patent,4,2,background01/patent003/frame_0051.jpeg,51,2100.0,2970.0,634.482,211.396,549.63,806.928,1080.03,816.243,1072.2,219.154
background01,0,patent003,22,patent,4,2,background01/patent003/frame_0052.jpeg,52,2100.0,2970.0,625.538,204.596,541.569,800.042,1070.36,808.678,1063.78,210.719
background01,0,patent003,22,patent,4,2,background01/patent003/frame_0056.jpeg,56,2100.0,2970.0,602.469,208.543,522.262,796.867,1045.16,795.123,1035.86,205.31
background01,0,patent003,22,patent,4,2,background01/patent003/frame_0062.jpeg,62,2100.0,2970.0,542.101,240.145,470.891,823.161,986.064,803.383,968.264,223.582
background01,0,patent003,22,patent,4,2,background01/patent003/frame_0072.jpeg,72,2100.0,2970.0,408.519,232.597,353.571,818.905,871.511,774.799,839.349,202.263
background01,0,patent003,22,patent,4,2,background01/patent003/frame_0073.jpeg,73,2100.0,2970.0,398.881,226.429,345.531,811.032,864.251,766.382,831.073,195.387
background01,0,patent003,22,patent,4,2,background01/patent003/frame_0081.jpeg,81,2100.0,2970.0,348.371,196.846,301.149,796.617,832.976,749.509,791.825,167.593
background01,0,patent003,22,patent,4,2,background01/patent003/frame_0097.jpeg,97,2100.0,2970.0,616.569,225.086,644.088,847.754,1175.85,787.044,1060.18,190.382
background01,0,patent003,22,patent,4,2,background01/patent003/frame_0106.jpeg,106,2100.0,2970.0,728.22,209.676,858.042,822.062,1360.14,724.407,1159.66,152.141
background01,0,patent003,22,patent,4,2,background01/patent003/frame_0107.jpeg,107,2100.0,2970.0,756.271,213.046,897.304,815.947,1391.13,713.94,1182.24,150.725
background01,0,patent003,22,patent,4,2,background01/patent003/frame_0121.jpeg,121,2100.0,2970.0,830.512,261.914,1004.82,790.347,1426.57,689.355,1200.53,205.514
background01,0,patent003,22,patent,4,2,background01/patent003/frame_0123.jpeg,123,2100.0,2970.0,853.581,267.667,1027.14,784.875,1440.6,688.086,1216.72,213.55
background01,0,patent003,22,patent,4,2,background01/patent003/frame_0130.jpeg,130,2100.0,2970.0,890.207,282.879,1055.18,771.391,1451.5,683.254,1237.18,233.187
background01,0,patent003,22,patent,4,2,background01/patent003/frame_0143.jpeg,143,2100.0,2970.0,905.538,210.205,1059.82,739.627,1492.13,657.805,1280.58,164.873
background01,0,patent003,22,patent,4,2,background01/patent003/frame_0146.jpeg,146,2100.0,2970.0,899.104,217.053,1047.06,751.456,1484.79,670.716,1278.4,172.909
background01,0,patent003,22,patent,4,2,background01/patent003/frame_0159.jpeg,159,2100.0,2970.0,821.209,214.063,889.424,790.565,1380.71,741.322,1234.1,190.413
background01,0,patent003,22,patent,4,2,background01/patent003/frame_0172.jpeg,172,2100.0,2970.0,640.548,221.512,598.718,825.14,1129.75,811.582,1078.62,220.613
background01,0,patent003,22,patent,4,2,background01/patent003/frame_0178.jpeg,178,2100.0,2970.0,572.041,173.907,516.598,775.332,1050.09,762.68,1015.91,171.34
background01,0,patent003,22,patent,4,2,background01/patent003/frame_0189.jpeg,189,2100.0,2970.0,550.429,184.54,488.923,762.286,1005.06,751.991,979.463,182.829
background01,0,patent003,22,patent,4,2,background01/patent003/frame_0192.jpeg,192,2100.0,2970.0,558.278,191.366,498.636,763.418,1011.76,751.886,984.137,187.863
background01,0,patent003,22,patent,4,2,background01/patent003/frame_0195.jpeg,195,2100.0,2970.0,572.802,185.237,517.003,754.984,1029.19,744.431,998.392,182.588
background01,0,patent004,23,patent,4,3,background01/patent004/frame_0045.jpeg,45,2100.0,2970.0,506.495,266.113,467.351,823.538,941.959,791.693,909.889,239.597
background01,0,patent004,23,patent,4,3,background01/patent004/frame_0056.jpeg,56,2100.0,2970.0,577.995,254.568,573.282,853.923,1072.25,814.999,1002.37,230.131
background01,0,patent004,23,patent,4,3,background01/patent004/frame_0063.jpeg,63,2100.0,2970.0,698.025,243.689,754.754,859.385,1254.46,798.278,1129.73,207.305
background01,0,patent004,23,patent,4,3,background01/patent004/frame_0095.jpeg,95,2100.0,2970.0,871.867,227.544,970.006,789.868,1404.75,730.993,1257.98,198.531
background01,0,patent004,23,patent,4,3,background01/patent004/frame_0104.jpeg,104,2100.0,2970.0,788.078,216.872,866.033,775.573,1311.43,714.68,1180.19,183.263
background01,0,patent004,23,patent,4,3,background01/patent004/frame_0106.jpeg,106,2100.0,2970.0,760.557,212.665,833.099,776.354,1282.06,715.635,1155.95,177.987
background01,0,patent004,23,patent,4,3,background01/patent004/frame_0109.jpeg,109,2100.0,2970.0,729.722,217.209,788.623,785.361,1246.03,729.309,1130.52,183.359
background01,0,patent004,23,patent,4,3,background01/patent004/frame_0120.jpeg,120,2100.0,2970.0,643.888,230.278,603.637,794.241,1074.89,787.868,1048.81,229.082
background01,0,patent004,23,patent,4,3,background01/patent004/frame_0124.jpeg,124,2100.0,2970.0,609.882,227.714,547.065,783.692,1015.36,786.755,1012.3,231.758
background01,0,patent004,23,patent,4,3,background01/patent004/frame_0134.jpeg,134,2100.0,2970.0,546.459,221.543,476.251,771.095,943.609,766.305,947.084,217.865
background01,0,patent004,23,patent,4,3,background01/patent004/frame_0143.jpeg,143,2100.0,2970.0,441.568,142.135,400.99,740.703,903.355,713.47,876.548,123.196
background01,0,patent004,23,patent,4,3,background01/patent004/frame_0144.jpeg,144,2100.0,2970.0,438.41,139.843,401.785,741.222,903.986,712.655,874.604,120.517
background01,0,patent004,23,patent,4,3,background01/patent004/frame_0153.jpeg,153,2100.0,2970.0,428.637,175.828,409.064,799.504,928.253,753.705,875.544,145.428
background01,0,patent004,23,patent,4,3,background01/patent004/frame_0167.jpeg,167,2100.0,2970.0,595.425,207.293,650.373,868.132,1181.05,799.135,1055.83,164.663
background01,0,patent004,23,patent,4,3,background01/patent004/frame_0174.jpeg,174,2100.0,2970.0,771.995,179.988,849.054,846.513,1374.64,784.462,1233.4,141.058
background01,0,patent004,23,patent,4,3,background01/patent004/frame_0181.jpeg,181,2100.0,2970.0,873.005,180.513,958.781,836.883,1472.24,776.167,1323.98,142.283
background01,0,patent004,23,patent,4,3,background01/patent004/frame_0197.jpeg,197,2100.0,2970.0,936.553,209.311,1015.44,811.651,1482.29,763.239,1349.35,183.32
background01,0,patent004,23,patent,4,3,background01/patent004/frame_0203.jpeg,203,2100.0,2970.0,876.681,249.006,950.871,823.782,1394.0,771.578,1268.88,223.842
background01,0,patent004,23,patent,4,3,background01/patent004/frame_0212.jpeg,212,2100.0,2970.0,779.353,259.232,875.753,800.499,1299.95,734.492,1155.18,224.902
background01,0,patent004,23,patent,4,3,background01/patent004/frame_0216.jpeg,216,2100.0,2970.0,789.162,231.677,884.997,768.474,1308.26,703.206,1164.86,196.124
background01,0,patent005,24,patent,4,4,background01/patent005/frame_0001.jpeg,1,2100.0,2970.0,756.091,309.151,933.225,783.764,1320.45,659.344,1099.65,211.384
background01,0,patent005,24,patent,4,4,background01/patent005/frame_0003.jpeg,3,2100.0,2970.0,761.814,292.506,935.002,773.545,1330.74,652.505,1112.21,195.188
background01,0,patent005,24,patent,4,4,background01/patent005/frame_0035.jpeg,35,2100.0,2970.0,781.53,149.057,825.389,752.469,1302.1,718.665,1209.48,120.337
background01,0,patent005,24,patent,4,4,background01/patent005/frame_0044.jpeg,44,2100.0,2970.0,735.521,217.991,801.897,828.164,1282.98,773.266,1164.25,170.971
background01,0,patent005,24,patent,4,4,background01/patent005/frame_0055.jpeg,55,2100.0,2970.0,708.718,240.329,702.405,863.158,1198.84,852.1,1146.48,225.234
background01,0,patent005,24,patent,4,4,background01/patent005/frame_0060.jpeg,60,2100.0,2970.0,719.026,228.71,666.883,840.796,1160.39,860.341,1154.74,232.464
background01,0,patent005,24,patent,4,4,background01/patent005/frame_0068.jpeg,68,2100.0,2970.0,723.562,251.189,629.089,844.422,1113.6,891.142,1148.23,271.838
background01,0,patent005,24,patent,4,4,background01/patent005/frame_0073.jpeg,73,2100.0,2970.0,707.957,254.836,611.871,842.053,1091.44,885.466,1128.17,272.245
background01,0,patent005,24,patent,4,4,background01/patent005/frame_0091.jpeg,91,2100.0,2970.0,686.775,327.721,718.745,929.312,1203.24,879.839,1105.21,277.001
background01,0,patent005,24,patent,4,4,background01/patent005/frame_0093.jpeg,93,2100.0,2970.0,707.167,336.819,757.84,940.351,1243.07,883.793,1126.56,281.241
background01,0,patent005,24,patent,4,4,background01/patent005/frame_0094.jpeg,94,2100.0,2970.0,724.487,346.664,782.757,951.927,1268.56,891.034,1143.54,288.692
background01,0,patent005,24,patent,4,4,background01/patent005/frame_0096.jpeg,96,2100.0,2970.0,753.4,347.1,827.63,948.78,1312.35,882.035,1172.8,285.344
background01,0,patent005,24,patent,4,4,background01/patent005/frame_0124.jpeg,124,2100.0,2970.0,847.042,284.447,958.229,901.015,1444.18,821.921,1272.86,222.442
background01,0,patent005,24,patent,4,4,background01/patent005/frame_0132.jpeg,132,2100.0,2970.0,770.985,270.405,841.938,888.782,1333.68,828.337,1199.73,221.6
background01,0,patent005,24,patent,4,4,background01/patent005/frame_0133.jpeg,133,2100.0,2970.0,768.097,274.893,834.583,892.787,1327.82,832.869,1196.53,226.361
background01,0,patent005,24,patent,4,4,background01/patent005/frame_0188.jpeg,188,2100.0,2970.0,614.49,304.965,572.836,825.554,1023.15,814.93,996.532,287.99
background01,0,patent005,24,patent,4,4,background01/patent005/frame_0195.jpeg,195,2100.0,2970.0,676.179,298.329,672.652,841.266,1138.76,817.823,1071.34,276.207
background01,0,tax001,25,tax,5,0,background01/tax001/frame_0002.jpeg,2,2100.0,2970.0,718.706,275.253,813.314,874.39,1282.17,804.634,1133.1,238.838
background01,0,tax001,25,tax,5,0,background01/tax001/frame_0005.jpeg,5,2100.0,2970.0,736.051,274.61,811.285,875.942,1286.51,815.756,1150.31,244.0
background01,0,tax001,25,tax,5,0,background01/tax001/frame_0016.jpeg,16,2100.0,2970.0,708.517,287.253,724.325,888.488,1214.73,857.913,1130.77,273.611
background01,0,tax001,25,tax,5,0,background01/tax001/frame_0017.jpeg,17,2100.0,2970.0,709.648,279.079,720.553,877.583,1211.21,849.736,1132.1,266.411
background01,0,tax001,25,tax,5,0,background01/tax001/frame_0020.jpeg,20,2100.0,2970.0,706.582,253.423,698.926,848.704,1191.85,831.069,1130.54,245.105
background01,0,tax001,25,tax,5,0,background01/tax001/frame_0050.jpeg,50,2100.0,2970.0,565.768,215.832,535.736,813.897,1033.1,799.008,996.356,204.068
background01,0,tax001,25,tax,5,0,background01/tax001/frame_0062.jpeg,62,2100.0,2970.0,778.675,198.012,775.163,811.895,1275.51,804.403,1212.82,195.302
background01,0,tax001,25,tax,5,0,background01/tax001/frame_0071.jpeg,71,2100.0,2970.0,828.37,241.623,890.135,854.528,1381.19,810.07,1256.23,215.985
background01,0,tax001,25,tax,5,0,background01/tax001/frame_0074.jpeg,74,2100.0,2970.0,802.81,222.801,868.809,850.16,1364.74,793.555,1234.88,193.777
background01,0,tax001,25,tax,5,0,background01/tax001/frame_0083.jpeg,83,2100.0,2970.0,714.812,241.423,827.698,886.969,1325.25,802.676,1150.66,205.738
background01,0,tax001,25,tax,5,0,background01/tax001/frame_0088.jpeg,88,2100.0,2970.0,721.443,240.877,840.089,885.463,1337.37,799.827,1156.43,204.501
background01,0,tax001,25,tax,5,0,background01/tax001/frame_0113.jpeg,113,2100.0,2970.0,765.884,225.705,751.468,819.311,1239.53,817.229,1188.34,227.491
background01,0,tax001,25,tax,5,0,background01/tax001/frame_0148.jpeg,148,2100.0,2970.0,601.702,245.594,561.125,836.267,1053.69,821.107,1024.09,227.327
background01,0,tax001,25,tax,5,0,background01/tax001/frame_0164.jpeg,164,2100.0,2970.0,746.918,208.997,774.413,815.009,1270.88,786.596,1177.57,197.295
background01,0,tax001,25,tax,5,0,background01/tax001/frame_0165.jpeg,165,2100.0,2970.0,756.837,197.117,789.854,803.626,1285.45,773.92,1187.23,185.28
background01,0,tax001,25,tax,5,0,background01/tax001/frame_0170.jpeg,170,2100.0,2970.0,785.417,174.809,855.149,792.476,1343.32,742.968,1214.56,153.982
background01,0,tax001,25,tax,5,0,background01/tax001/frame_0179.jpeg,179,2100.0,2970.0,718.56,185.189,822.227,793.823,1290.83,724.978,1136.37,160.153
background01,0,tax001,25,tax,5,0,background01/tax001/frame_0199.jpeg,199,2100.0,2970.0,692.963,165.455,814.097,797.35,1296.89,713.96,1124.43,129.655
background01,0,tax002,26,tax,5,1,background01/tax002/frame_0003.jpeg,3,2100.0,2970.0,680.295,190.168,723.426,850.672,1253.07,804.761,1142.83,168.581
background01,0,tax002,26,tax,5,1,background01/tax002/frame_0012.jpeg,12,2100.0,2970.0,725.969,195.743,766.479,843.192,1287.82,802.852,1175.66,181.012
background01,0,tax002,26,tax,5,1,background01/tax002/frame_0020.jpeg,20,2100.0,2970.0,799.836,198.642,855.994,837.513,1365.37,798.84,1239.76,185.034
background01,0,tax002,26,tax,5,1,background01/tax002/frame_0021.jpeg,21,2100.0,2970.0,804.883,198.223,860.779,836.884,1371.99,796.904,1245.0,184.639
background01,0,tax002,26,tax,5,1,background01/tax002/frame_0026.jpeg,26,2100.0,2970.0,873.668,197.083,949.063,827.412,1451.4,788.806,1307.52,182.445
background01,0,tax002,26,tax,5,1,background01/tax002/frame_0030.jpeg,30,2100.0,2970.0,958.252,198.682,1033.86,828.235,1533.61,795.837,1390.46,187.24
background01,0,tax002,26,tax,5,1,background01/tax002/frame_0041.jpeg,41,2100.0,2970.0,979.706,192.969,1057.79,822.659,1557.39,783.889,1411.83,176.905
background01,0,tax002,26,tax,5,1,background01/tax002/frame_0058.jpeg,58,2100.0,2970.0,632.662,185.045,618.344,854.08,1170.01,830.717,1104.32,174.438
background01,0,tax002,26,tax,5,1,background01/tax002/frame_0073.jpeg,73,2100.0,2970.0,633.503,160.193,506.767,786.808,1039.26,839.534,1087.24,198.389
background01,0,tax002,26,tax,5,1,background01/tax002/frame_0085.jpeg,85,2100.0,2970.0,730.204,239.775,608.835,812.248,1104.51,870.59,1149.15,281.216
background01,0,tax002,26,tax,5,1,background01/tax002/frame_0095.jpeg,95,2100.0,2970.0,710.243,240.663,714.495,828.334,1213.46,795.178,1132.88,213.848
background01,0,tax002,26,tax,5,1,background01/tax002/frame_0102.jpeg,102,2100.0,2970.0,687.55,255.689,779.123,841.557,1266.4,748.789,1104.38,187.7
background01,0,tax002,26,tax,5,1,background01/tax002/frame_0103.jpeg,103,2100.0,2970.0,687.152,256.352,788.629,842.283,1272.95,743.205,1103.41,183.63
background01,0,tax002,26,tax,5,1,background01/tax002/frame_0106.jpeg,106,2100.0,2970.0,680.122,263.104,815.971,843.429,1292.86,721.166,1092.55,172.856
background01,0,tax002,26,tax,5,1,background01/tax002/frame_0112.jpeg,112,2100.0,2970.0,638.892,286.034,822.05,854.906,1282.39,698.22,1042.28,172.725
background01,0,tax002,26,tax,5,1,background01/tax002/frame_0114.jpeg,114,2100.0,2970.0,623.983,303.951,817.763,864.854,1272.04,700.629,1023.09,184.815
background01,0,tax002,26,tax,5,1,background01/tax002/frame_0115.jpeg,115,2100.0,2970.0,604.803,310.707,810.96,868.662,1259.77,695.721,1001.03,186.843
background01,0,tax002,26,tax,5,1,background01/tax002/frame_0136.jpeg,136,2100.0,2970.0,684.029,227.188,782.16,795.992,1256.72,712.03,1092.21,172.146
background01,0,tax002,26,tax,5,1,background01/tax002/frame_0139.jpeg,139,2100.0,2970.0,690.307,223.564,761.188,798.753,1243.01,729.378,1102.73,179.127
background01,0,tax002,26,tax,5,1,background01/tax002/frame_0146.jpeg,146,2100.0,2970.0,686.062,203.643,667.257,778.921,1166.26,767.026,1106.89,199.011
background01,0,tax002,26,tax,5,1,background01/tax002/frame_0147.jpeg,147,2100.0,2970.0,685.484,198.813,657.269,773.006,1156.4,766.1,1105.26,198.115
background01,0,tax002,26,tax,5,1,background01/tax002/frame_0152.jpeg,152,2100.0,2970.0,692.978,186.139,612.164,748.957,1109.08,779.961,1110.85,212.843
background01,0,tax002,26,tax,5,1,background01/tax002/frame_0160.jpeg,160,2100.0,2970.0,707.509,171.467,600.974,736.357,1105.81,785.375,1129.52,209.956
background01,0,tax002,26,tax,5,1,background01/tax002/frame_0181.jpeg,181,2100.0,2970.0,737.947,179.147,710.441,824.943,1271.01,822.64,1201.67,182.977
background01,0,tax002,26,tax,5,1,background01/tax002/frame_0189.jpeg,189,2100.0,2970.0,730.008,216.821,748.22,884.869,1315.71,848.553,1198.41,200.244
background01,0,tax002,26,tax,5,1,background01/tax002/frame_0191.jpeg,191,2100.0,2970.0,740.078,230.221,790.476,902.438,1353.64,847.959,1208.5,201.611
background01,0,tax002,26,tax,5,1,background01/tax002/frame_0209.jpeg,209,2100.0,2970.0,700.651,257.959,838.369,856.239,1317.57,754.249,1117.0,200.496
background01,0,tax003,27,tax,5,2,background01/tax003/frame_0013.jpeg,13,2100.0,2970.0,848.293,284.753,971.837,817.163,1397.54,740.411,1217.72,239.431
background01,0,tax003,27,tax,5,2,background01/tax003/frame_0023.jpeg,23,2100.0,2970.0,844.979,297.083,1019.9,813.388,1432.32,700.148,1206.65,221.496
background01,0,tax003,27,tax,5,2,background01/tax003/frame_0035.jpeg,35,2100.0,2970.0,806.841,301.454,962.387,828.562,1383.96,725.069,1173.96,234.408
background01,0,tax003,27,tax,5,2,background01/tax003/frame_0041.jpeg,41,2100.0,2970.0,805.44,304.178,903.742,848.229,1348.4,777.668,1186.11,262.458
background01,0,tax003,27,tax,5,2,background01/tax003/frame_0068.jpeg,68,2100.0,2970.0,598.418,299.018,509.811,836.423,982.938,846.901,991.068,308.758
background01,0,tax003,27,tax,5,2,background01/tax003/frame_0079.jpeg,79,2100.0,2970.0,434.495,277.042,367.278,823.007,850.145,800.772,837.427,264.949
background01,0,tax003,27,tax,5,2,background01/tax003/frame_0083.jpeg,83,2100.0,2970.0,401.88,262.864,340.629,810.787,825.974,781.537,806.212,247.464
background01,0,tax003,27,tax,5,2,background01/tax003/frame_0087.jpeg,87,2100.0,2970.0,390.092,251.807,339.313,801.054,824.91,768.619,798.058,234.328
background01,0,tax003,27,tax,5,2,background01/tax003/frame_0088.jpeg,88,2100.0,2970.0,390.917,248.455,339.599,798.775,826.487,765.975,798.249,230.382
background01,0,tax003,27,tax,5,2,background01/tax003/frame_0090.jpeg,90,2100.0,2970.0,397.838,243.404,350.326,798.598,839.65,766.241,807.243,226.445
background01,0,tax003,27,tax,5,2,background01/tax003/frame_0100.jpeg,100,2100.0,2970.0,551.874,233.346,529.529,790.302,1013.17,764.401,957.19,222.277
background01,0,tax003,27,tax,5,2,background01/tax003/frame_0102.jpeg,102,2100.0,2970.0,573.335,235.614,558.568,794.382,1042.1,765.703,978.963,223.522
background01,0,tax003,27,tax,5,2,background01/tax003/frame_0118.jpeg,118,2100.0,2970.0,816.045,257.205,908.968,819.399,1371.52,756.065,1212.24,221.687
background01,0,tax003,27,tax,5,2,background01/tax003/frame_0119.jpeg,119,2100.0,2970.0,816.518,253.181,910.792,818.144,1371.95,754.206,1213.27,217.935
background01,0,tax003,27,tax,5,2,background01/tax003/frame_0123.jpeg,123,2100.0,2970.0,811.24,251.607,910.239,816.597,1363.65,752.198,1202.7,221.235
background01,0,tax003,27,tax,5,2,background01/tax003/frame_0130.jpeg,130,2100.0,2970.0,695.896,252.883,801.447,832.205,1245.4,769.534,1086.19,241.671
background01,0,tax003,27,tax,5,2,background01/tax003/frame_0134.jpeg,134,2100.0,2970.0,695.601,248.197,800.46,823.83,1237.68,766.279,1081.45,243.803
background01,0,tax003,27,tax,5,2,background01/tax003/frame_0142.jpeg,142,2100.0,2970.0,674.828,239.943,776.222,810.851,1203.13,759.623,1054.18,245.209
background01,0,tax003,27,tax,5,2,background01/tax003/frame_0162.jpeg,162,2100.0,2970.0,783.807,249.341,860.435,804.431,1325.18,744.171,1178.47,216.272
background01,0,tax003,27,tax,5,2,background01/tax003/frame_0164.jpeg,164,2100.0,2970.0,753.396,249.984,819.308,808.489,1291.1,748.399,1153.96,215.218
background01,0,tax003,27,tax,5,2,background01/tax003/frame_0171.jpeg,171,2100.0,2970.0,706.265,246.203,726.877,806.5,1212.4,762.921,1114.02,215.476
background01,0,tax003,27,tax,5,2,background01/tax003/frame_0176.jpeg,176,2100.0,2970.0,724.818,258.684,719.939,813.516,1205.31,778.661,1129.87,226.305
background01,0,tax003,27,tax,5,2,background01/tax003/frame_0178.jpeg,178,2100.0,2970.0,733.039,263.694,722.106,810.858,1205.62,779.181,1134.41,229.448
background01,0,tax003,27,tax,5,2,background01/tax003/frame_0181.jpeg,181,2100.0,2970.0,755.493,259.871,738.218,801.922,1218.81,772.255,1155.28,223.214
background01,0,tax003,27,tax,5,2,background01/tax003/frame_0186.jpeg,186,2100.0,2970.0,778.172,252.502,756.569,787.737,1234.46,758.434,1176.73,209.964
background01,0,tax003,27,tax,5,2,background01/tax003/frame_0196.jpeg,196,2100.0,2970.0,771.325,258.494,736.478,789.658,1210.7,763.012,1166.06,215.832
background01,0,tax004,28,tax,5,3,background01/tax004/frame_0041.jpeg,41,2100.0,2970.0,763.085,249.328,703.637,819.95,1208.25,832.978,1181.52,256.763
background01,0,tax004,28,tax,5,3,background01/tax004/frame_0045.jpeg,45,2100.0,2970.0,811.509,261.301,745.21,823.953,1247.58,849.601,1228.0,273.493
background01,0,tax004,28,tax,5,3,background01/tax004/frame_0046.jpeg,46,2100.0,2970.0,826.053,262.867,757.697,821.701,1258.93,849.599,1242.35,275.346
background01,0,tax004,28,tax,5,3,background01/tax004/frame_0049.jpeg,49,2100.0,2970.0,876.745,249.724,801.447,807.294,1303.17,843.354,1292.99,265.65
background01,0,tax004,28,tax,5,3,background01/tax004/frame_0074.jpeg,74,2100.0,2970.0,814.331,256.95,820.878,865.02,1338.58,834.968,1245.92,236.289
background01,0,tax004,28,tax,5,3,background01/tax004/frame_0090.jpeg,90,2100.0,2970.0,702.165,275.474,885.414,863.36,1352.89,720.335,1111.18,182.169
background01,0,tax004,28,tax,5,3,background01/tax004/frame_0100.jpeg,100,2100.0,2970.0,692.751,284.706,884.448,849.038,1325.69,712.592,1083.72,199.767
background01,0,tax004,28,tax,5,3,background01/tax004/frame_0102.jpeg,102,2100.0,2970.0,769.366,283.555,952.428,841.235,1391.67,716.638,1154.59,204.352
background01,0,tax004,28,tax,5,3,background01/tax004/frame_0103.jpeg,103,2100.0,2970.0,786.83,285.53,967.235,841.385,1405.95,721.088,1171.33,208.83
background01,0,tax004,28,tax,5,3,background01/tax004/frame_0118.jpeg,118,2100.0,2970.0,973.636,235.279,1099.62,800.607,1549.5,734.759,1363.27,199.936
background01,0,tax004,28,tax,5,3,background01/tax004/frame_0121.jpeg,121,2100.0,2970.0,1010.91,227.874,1127.08,797.879,1583.76,739.934,1403.42,197.284
background01,0,tax004,28,tax,5,3,background01/tax004/frame_0123.jpeg,123,2100.0,2970.0,1012.28,226.626,1123.7,799.364,1582.96,744.068,1407.21,197.423
background01,0,tax004,28,tax,5,3,background01/tax004/frame_0139.jpeg,139,2100.0,2970.0,809.213,217.036,822.184,811.093,1323.63,789.769,1233.54,207.607
background01,0,tax005,29,tax,5,4,background01/tax005/frame_0025.jpeg,25,2100.0,2970.0,756.185,262.24,877.793,839.805,1337.24,749.194,1156.79,211.249
background01,0,tax005,29,tax,5,4,background01/tax005/frame_0029.jpeg,29,2100.0,2970.0,703.424,246.326,783.572,830.377,1261.24,758.701,1114.3,208.589
background01,0,tax005,29,tax,5,4,background01/tax005/frame_0061.jpeg,61,2100.0,2970.0,426.012,164.839,449.605,749.97,955.916,684.93,859.275,129.561
background01,0,tax005,29,tax,5,4,background01/tax005/frame_0088.jpeg,88,2100.0,2970.0,895.606,227.581,997.308,804.864,1468.06,740.75,1301.15,190.68
background01,0,tax005,29,tax,5,4,background01/tax005/frame_0093.jpeg,93,2100.0,2970.0,899.305,248.523,1024.4,826.855,1491.74,745.42,1301.4,198.616
background01,0,tax005,29,tax,5,4,background01/tax005/frame_0107.jpeg,107,2100.0,2970.0,956.371,259.624,1104.38,846.576,1576.03,756.34,1362.8,200.855
background01,0,tax005,29,tax,5,4,background01/tax005/frame_0117.jpeg,117,2100.0,2970.0,996.165,247.949,1134.96,847.66,1618.72,766.191,1411.36,194.747
background01,0,tax005,29,tax,5,4,background01/tax005/frame_0121.jpeg,121,2100.0,2970.0,997.6,242.739,1120.42,843.918,1608.3,772.893,1415.82,196.447
background01,0,tax005,29,tax,5,4,background01/tax005/frame_0149.jpeg,149,2100.0,2970.0,740.635,203.231,689.631,797.271,1203.98,803.683,1172.51,210.747
background01,0,tax005,29,tax,5,4,background01/tax005/frame_0159.jpeg,159,2100.0,2970.0,598.889,239.189,536.653,803.254,1031.4,790.251,1013.43,231.125
background01,0,tax005,29,tax,5,4,background01/tax005/frame_0164.jpeg,164,2100.0,2970.0,531.715,250.997,495.012,799.77,977.047,764.62,936.644,226.836
background01,0,tax005,29,tax,5,4,background01/tax005/frame_0168.jpeg,168,2100.0,2970.0,512.517,254.192,487.881,796.21,961.324,755.579,912.263,227.051
background01,0,tax005,29,tax,5,4,background01/tax005/frame_0170.jpeg,170,2100.0,2970.0,516.834,255.837,494.783,792.821,963.244,752.821,914.079,229.557
background01,0,tax005,29,tax,5,4,background01/tax005/frame_0176.jpeg,176,2100.0,2970.0,564.35,264.351,547.411,793.181,1008.64,758.232,954.042,243.948
background01,0,tax005,29,tax,5,4,background01/tax005/frame_0184.jpeg,184,2100.0,2970.0,632.87,264.159,630.64,796.632,1092.24,765.14,1023.22,247.279
background01,0,tax005,29,tax,5,4,background01/tax005/frame_0189.jpeg,189,2100.0,2970.0,674.363,251.066,690.737,793.22,1155.46,758.043,1069.17,233.946
background01,0,tax005,29,tax,5,4,background01/tax005/frame_0193.jpeg,193,2100.0,2970.0,693.858,256.341,723.749,806.522,1190.39,766.103,1091.11,236.963
background01,0,tax005,29,tax,5,4,background01/tax005/frame_0195.jpeg,195,2100.0,2970.0,696.609,260.784,730.148,814.186,1197.19,768.873,1094.69,239.464
background01,0,tax005,29,tax,5,4,background01/tax005/frame_0203.jpeg,203,2100.0,2970.0,701.038,244.563,767.671,821.56,1243.81,763.617,1109.37,220.264
background01,0,tax005,29,tax,5,4,background01/tax005/frame_0221.jpeg,221,2100.0,2970.0,681.521,120.826,759.608,760.305,1261.1,713.125,1119.22,124.88
background01,0,tax005,29,tax,5,4,background01/tax005/frame_0228.jpeg,228,2100.0,2970.0,719.608,155.545,789.89,789.82,1284.11,749.437,1148.25,166.391
background01,0,tax005,29,tax,5,4,background01/tax005/frame_0231.jpeg,231,2100.0,2970.0,731.572,169.844,802.395,800.887,1295.11,759.872,1158.6,179.454
background01,0,tax005,29,tax,5,4,background01/tax005/frame_0239.jpeg,239,2100.0,2970.0,774.769,196.849,857.416,815.764,1341.41,770.2,1192.81,197.106
background02,1,datasheet001,0,datasheet,0,0,background02/datasheet001/frame_0002.jpeg,2,2100.0,2970.0,638.356,190.979,644.105,840.38,1190.93,806.391,1101.54,183.786
background02,1,datasheet001,0,datasheet,0,0,background02/datasheet001/frame_0041.jpeg,41,2100.0,2970.0,595.072,181.456,518.818,732.851,1015.86,738.357,1012.41,190.088
background02,1,datasheet001,0,datasheet,0,0,background02/datasheet001/frame_0046.jpeg,46,2100.0,2970.0,609.185,183.7,519.501,722.776,1008.93,737.24,1019.77,197.682
background02,1,datasheet001,0,datasheet,0,0,background02/datasheet001/frame_0047.jpeg,47,2100.0,2970.0,610.18,183.689,516.325,719.105,1005.58,736.404,1019.05,199.659
background02,1,datasheet001,0,datasheet,0,0,background02/datasheet001/frame_0062.jpeg,62,2100.0,2970.0,660.117,206.829,622.037,769.986,1123.81,765.373,1079.14,213.594
background02,1,datasheet001,0,datasheet,0,0,background02/datasheet001/frame_0072.jpeg,72,2100.0,2970.0,766.164,200.918,803.084,767.901,1294.66,734.164,1182.58,191.222
background02,1,datasheet001,0,datasheet,0,0,background02/datasheet001/frame_0083.jpeg,83,2100.0,2970.0,805.481,164.361,889.396,748.289,1380.85,695.664,1226.56,146.27
background02,1,datasheet001,0,datasheet,0,0,background02/datasheet001/frame_0110.jpeg,110,2100.0,2970.0,851.314,274.367,907.57,816.209,1393.38,783.427,1252.67,266.462
background02,1,datasheet001,0,datasheet,0,0,background02/datasheet001/frame_0121.jpeg,121,2100.0,2970.0,907.749,217.391,897.13,718.964,1379.84,729.273,1301.97,230.582
background02,1,datasheet001,0,datasheet,0,0,background02/datasheet001/frame_0136.jpeg,136,2100.0,2970.0,875.941,170.375,827.964,628.494,1300.01,651.3,1261.67,187.681
background02,1,datasheet001,0,datasheet,0,0,background02/datasheet001/frame_0137.jpeg,137,2100.0,2970.0,877.619,162.265,828.91,619.44,1299.74,641.831,1262.12,179.561
background02,1,datasheet001,0,datasheet,0,0,background02/datasheet001/frame_0139.jpeg,139,2100.0,2970.0,875.543,162.405,827.126,623.673,1297.07,644.196,1258.84,178.971
background02,1,datasheet001,0,datasheet,0,0,background02/datasheet001/frame_0150.jpeg,150,2100.0,2970.0,844.893,195.451,840.243,723.682,1331.45,715.918,1250.06,194.962
background02,1,datasheet001,0,datasheet,0,0,background02/datasheet001/frame_0199.jpeg,199,2100.0,2970.0,862.978,146.424,741.527,620.341,1214.92,690.402,1255.81,195.993
background02,1,datasheet001,0,datasheet,0,0,background02/datasheet001/frame_0214.jpeg,214,2100.0,2970.0,924.661,170.042,767.727,606.422,1220.67,704.444,1299.68,239.749
background02,1,datasheet002,1,datasheet,0,1,background02/datasheet002/frame_0002.jpeg,2,2100.0,2970.0,682.194,286.565,693.169,816.679,1175.44,782.082,1078.25,274.035
background02,1,datasheet002,1,datasheet,0,1,background02/datasheet002/frame_0006.jpeg,6,2100.0,2970.0,686.18,287.369,697.701,815.727,1178.72,780.926,1081.55,274.883
background02,1,datasheet002,1,datasheet,0,1,background02/datasheet002/frame_0027.jpeg,27,2100.0,2970.0,753.475,281.866,800.932,802.179,1267.65,757.93,1139.77,264.384
background02,1,datasheet002,1,datasheet,0,1,background02/datasheet002/frame_0031.jpeg,31,2100.0,2970.0,760.13,286.152,836.921,807.835,1301.12,748.457,1146.57,258.239
background02,1,datasheet002,1,datasheet,0,1,background02/datasheet002/frame_0056.jpeg,56,2100.0,2970.0,749.778,275.137,929.891,791.064,1362.53,674.414,1125.76,208.083
background02,1,datasheet002,1,datasheet,0,1,background02/datasheet002/frame_0064.jpeg,64,2100.0,2970.0,755.949,278.673,841.646,807.178,1306.4,745.92,1144.86,250.754
background02,1,datasheet002,1,datasheet,0,1,background02/datasheet002/frame_0078.jpeg,78,2100.0,2970.0,758.731,236.363,692.611,709.137,1152.17,739.057,1134.82,266.247
background02,1,datasheet002,1,datasheet,0,1,background02/datasheet002/frame_0091.jpeg,91,2100.0,2970.0,734.885,182.502,690.151,653.096,1131.5,662.518,1105.21,195.884
background02,1,datasheet002,1,datasheet,0,1,background02/datasheet002/frame_0121.jpeg,121,2100.0,2970.0,762.932,245.833,845.668,834.245,1314.04,762.381,1174.16,199.996
background02,1,datasheet002,1,datasheet,0,1,background02/datasheet002/frame_0123.jpeg,123,2100.0,2970.0,760.724,259.052,844.105,844.079,1311.09,771.494,1170.67,212.773
background02,1,datasheet002,1,datasheet,0,1,background02/datasheet002/frame_0134.jpeg,134,2100.0,2970.0,749.924,287.781,789.027,806.559,1233.73,763.005,1129.62,262.282
background02,1,datasheet002,1,datasheet,0,1,background02/datasheet002/frame_0141.jpeg,141,2100.0,2970.0,775.971,260.033,741.151,723.882,1172.1,740.114,1136.44,280.097
background02,1,datasheet002,1,datasheet,0,1,background02/datasheet002/frame_0146.jpeg,146,2100.0,2970.0,845.836,236.857,769.836,666.964,1184.93,724.16,1192.14,287.477
background02,1,datasheet002,1,datasheet,0,1,background02/datasheet002/frame_0158.jpeg,158,2100.0,2970.0,1028.89,251.363,911.207,645.297,1311.35,752.643,1362.7,335.617
background02,1,datasheet002,1,datasheet,0,1,background02/datasheet002/frame_0174.jpeg,174,2100.0,2970.0,893.074,249.594,889.278,681.805,1303.45,690.834,1239.31,263.242
background02,1,datasheet002,1,datasheet,0,1,background02/datasheet002/frame_0176.jpeg,176,2100.0,2970.0,905.043,245.61,923.157,681.952,1338.37,676.151,1252.03,247.082
background02,1,datasheet002,1,datasheet,0,1,background02/datasheet002/frame_0180.jpeg,180,2100.0,2970.0,907.769,247.879,949.727,690.605,1362.56,669.411,1254.59,238.622
background02,1,datasheet002,1,datasheet,0,1,background02/datasheet002/frame_0184.jpeg,184,2100.0,2970.0,881.152,253.775,945.216,698.821,1355.22,663.503,1226.71,235.895
background02,1,datasheet003,2,datasheet,0,2,background02/datasheet003/frame_0005.jpeg,5,2100.0,2970.0,734.828,351.678,753.155,840.061,1198.09,806.294,1101.78,336.521
background02,1,datasheet003,2,datasheet,0,2,background02/datasheet003/frame_0020.jpeg,20,2100.0,2970.0,774.305,348.706,849.619,836.136,1284.21,776.084,1137.59,315.421
background02,1,datasheet003,2,datasheet,0,2,background02/datasheet003/frame_0025.jpeg,25,2100.0,2970.0,806.822,340.829,907.448,827.481,1336.98,754.505,1168.36,297.343
background02,1,datasheet003,2,datasheet,0,2,background02/datasheet003/frame_0028.jpeg,28,2100.0,2970.0,817.955,336.255,926.694,823.6,1353.77,746.76,1178.47,290.131
background02,1,datasheet003,2,datasheet,0,2,background02/datasheet003/frame_0033.jpeg,33,2100.0,2970.0,833.563,328.226,953.22,813.392,1377.83,732.865,1193.54,278.96
background02,1,datasheet003,2,datasheet,0,2,background02/datasheet003/frame_0046.jpeg,46,2100.0,2970.0,843.802,296.211,981.086,792.547,1404.95,705.774,1207.11,242.491
background02,1,datasheet003,2,datasheet,0,2,background02/datasheet003/frame_0060.jpeg,60,2100.0,2970.0,827.817,282.346,839.859,776.174,1289.23,760.922,1202.1,277.312
background02,1,datasheet003,2,datasheet,0,2,background02/datasheet003/frame_0062.jpeg,62,2100.0,2970.0,822.564,272.646,814.665,760.991,1265.37,756.906,1197.54,274.918
background02,1,datasheet003,2,datasheet,0,2,background02/datasheet003/frame_0066.jpeg,66,2100.0,2970.0,798.56,234.34,738.076,702.642,1182.56,729.892,1168.91,259.004
background02,1,datasheet003,2,datasheet,0,2,background02/datasheet003/frame_0085.jpeg,85,2100.0,2970.0,801.401,352.146,716.606,736.849,1091.57,773.821,1115.64,380.069
background02,1,datasheet003,2,datasheet,0,2,background02/datasheet003/frame_0089.jpeg,89,2100.0,2970.0,822.614,352.857,752.532,727.008,1117.37,755.379,1131.04,372.9
background02,1,datasheet003,2,datasheet,0,2,background02/datasheet003/frame_0105.jpeg,105,2100.0,2970.0,855.909,301.004,825.096,730.427,1217.32,742.667,1189.3,311.67
background02,1,datasheet003,2,datasheet,0,2,background02/datasheet003/frame_0127.jpeg,127,2100.0,2970.0,789.793,193.582,862.107,792.813,1364.29,732.685,1218.3,161.37
background02,1,datasheet003,2,datasheet,0,2,background02/datasheet003/frame_0134.jpeg,134,2100.0,2970.0,769.55,234.345,839.85,822.411,1335.24,760.116,1190.74,197.817
background02,1,datasheet003,2,datasheet,0,2,background02/datasheet003/frame_0136.jpeg,136,2100.0,2970.0,779.326,228.689,834.302,811.363,1329.19,760.153,1199.23,199.478
background02,1,datasheet003,2,datasheet,0,2,background02/datasheet003/frame_0139.jpeg,139,2100.0,2970.0,776.317,227.256,807.854,805.469,1304.62,769.524,1195.4,210.33
background02,1,datasheet003,2,datasheet,0,2,background02/datasheet003/frame_0147.jpeg,147,2100.0,2970.0,792.893,181.504,724.624,735.43,1220.14,769.69,1209.72,212.403
background02,1,datasheet003,2,datasheet,0,2,background02/datasheet003/frame_0156.jpeg,156,2100.0,2970.0,810.382,209.492,651.663,721.8,1129.44,821.893,1207.89,288.122
background02,1,datasheet003,2,datasheet,0,2,background02/datasheet003/frame_0174.jpeg,174,2100.0,2970.0,825.945,334.921,770.814,807.345,1205.31,823.208,1187.21,343.741
background02,1,datasheet003,2,datasheet,0,2,background02/datasheet003/frame_0182.jpeg,182,2100.0,2970.0,835.748,324.349,850.159,822.662,1296.6,799.668,1207.97,309.959
background02,1,datasheet003,2,datasheet,0,2,background02/datasheet003/frame_0185.jpeg,185,2100.0,2970.0,849.022,297.748,880.594,806.969,1333.9,775.874,1229.25,277.718
background02,1,datasheet003,2,datasheet,0,2,background02/datasheet003/frame_0192.jpeg,192,2100.0,2970.0,833.608,242.597,880.71,791.62,1347.37,755.255,1231.0,225.214
background02,1,datasheet003,2,datasheet,0,2,background02/datasheet003/frame_0196.jpeg,196,2100.0,2970.0,842.869,266.169,895.242,813.487,1361.44,773.993,1239.48,245.192
background02,1,datasheet003,2,datasheet,0,2,background02/datasheet003/frame_0198.jpeg,198,2100.0,2970.0,852.888,265.572,904.836,812.571,1371.31,773.672,1247.83,244.185
background02,1,datasheet004,3,datasheet,0,3,background02/datasheet004/frame_0006.jpeg,6,2100.0,2970.0,722.255,310.259,739.442,803.513,1167.72,777.093,1083.67,300.683
background02,1,datasheet004,3,datasheet,0,3,background02/datasheet004/frame_0047.jpeg,47,2100.0,2970.0,830.425,231.517,796.939,743.955,1239.06,758.721,1207.87,246.809
background02,1,datasheet004,3,datasheet,0,3,background02/datasheet004/frame_0072.jpeg,72,2100.0,2970.0,796.67,202.283,774.749,792.806,1256.37,798.481,1213.05,217.257
background02,1,datasheet004,3,datasheet,0,3,background02/datasheet004/frame_0073.jpeg,73,2100.0,2970.0,791.318,203.519,768.888,796.709,1252.17,801.316,1208.92,218.415
background02,1,datasheet004,3,datasheet,0,3,background02/datasheet004/frame_0080.jpeg,80,2100.0,2970.0,775.224,213.404,755.1,816.382,1242.58,819.594,1197.09,227.678
background02,1,datasheet004,3,datasheet,0,3,background02/datasheet004/frame_0110.jpeg,110,2100.0,2970.0,827.827,270.258,776.319,731.397,1194.83,756.771,1181.5,290.054
background02,1,datasheet004,3,datasheet,0,3,background02/datasheet004/frame_0129.jpeg,129,2100.0,2970.0,936.926,266.59,987.399,762.116,1420.47,731.876,1305.03,244.902
background02,1,datasheet004,3,datasheet,0,3,background02/datasheet004/frame_0130.jpeg,130,2100.0,2970.0,946.796,267.333,999.569,764.943,1431.31,732.911,1313.67,244.384
background02,1,datasheet004,3,datasheet,0,3,background02/datasheet004/frame_0143.jpeg,143,2100.0,2970.0,1077.91,273.936,1140.23,770.888,1568.23,754.245,1442.28,264.057
background02,1,datasheet004,3,datasheet,0,3,background02/datasheet004/frame_0144.jpeg,144,2100.0,2970.0,1095.01,275.071,1154.8,773.64,1582.53,759.453,1459.88,267.656
background02,1,datasheet004,3,datasheet,0,3,background02/datasheet004/frame_0146.jpeg,146,2100.0,2970.0,1102.3,273.764,1158.56,771.753,1586.77,760.949,1466.65,268.866
background02,1,datasheet004,3,datasheet,0,3,background02/datasheet004/frame_0184.jpeg,184,2100.0,2970.0,660.353,228.429,594.34,708.714,1030.28,723.392,1027.43,245.747
background02,1,datasheet004,3,datasheet,0,3,background02/datasheet004/frame_0196.jpeg,196,2100.0,2970.0,666.104,236.155,587.214,704.778,1016.19,729.202,1027.04,259.271
background02,1,datasheet005,4,datasheet,0,4,background02/datasheet005/frame_0008.jpeg,8,2100.0,2970.0,734.639,300.183,710.607,762.671,1125.12,775.125,1090.49,319.225
background02,1,datasheet005,4,datasheet,0,4,background02/datasheet005/frame_0019.jpeg,19,2100.0,2970.0,755.728,293.766,686.823,728.63,1092.96,774.299,1102.34,336.042
background02,1,datasheet005,4,datasheet,0,4,background02/datasheet005/frame_0028.jpeg,28,2100.0,2970.0,823.203,273.881,720.979,689.239,1116.71,763.633,1162.02,334.8
background02,1,datasheet005,4,datasheet,0,4,background02/datasheet005/frame_0032.jpeg,32,2100.0,2970.0,867.052,271.162,747.62,680.004,1138.41,772.541,1203.46,345.7
background02,1,datasheet005,4,datasheet,0,4,background02/datasheet005/frame_0035.jpeg,35,2100.0,2970.0,897.226,277.412,773.237,685.715,1164.25,785.456,1233.12,357.156
background02,1,datasheet005,4,datasheet,0,4,background02/datasheet005/frame_0042.jpeg,42,2100.0,2970.0,899.093,278.086,816.692,707.526,1220.07,770.694,1246.35,327.422
background02,1,datasheet005,4,datasheet,0,4,background02/datasheet005/frame_0046.jpeg,46,2100.0,2970.0,864.242,279.292,815.497,724.88,1225.72,757.12,1216.73,305.761
background02,1,datasheet005,4,datasheet,0,4,background02/datasheet005/frame_0066.jpeg,66,2100.0,2970.0,766.214,275.449,869.422,745.844,1274.9,675.823,1124.11,226.409
background02,1,datasheet005,4,datasheet,0,4,background02/datasheet005/frame_0108.jpeg,108,2100.0,2970.0,618.05,260.263,638.352,732.076,1060.63,696.077,985.425,241.168
background02,1,datasheet005,4,datasheet,0,4,background02/datasheet005/frame_0115.jpeg,115,2100.0,2970.0,531.642,253.663,518.201,720.222,944.55,697.01,900.41,244.937
background02,1,datasheet005,4,datasheet,0,4,background02/datasheet005/frame_0116.jpeg,116,2100.0,2970.0,526.86,249.379,511.965,717.033,939.636,696.071,896.915,242.543
background02,1,datasheet005,4,datasheet,0,4,background02/datasheet005/frame_0134.jpeg,134,2100.0,2970.0,778.705,253.589,749.402,761.665,1191.77,776.903,1161.82,270.258
background02,1,datasheet005,4,datasheet,0,4,background02/datasheet005/frame_0137.jpeg,137,2100.0,2970.0,783.63,265.19,765.589,771.22,1205.53,776.928,1165.23,274.191
background02,1,datasheet005,4,datasheet,0,4,background02/datasheet005/frame_0153.jpeg,153,2100.0,2970.0,747.972,259.448,758.933,716.835,1170.78,703.001,1104.9,253.228
background02,1,datasheet005,4,datasheet,0,4,background02/datasheet005/frame_0158.jpeg,158,2100.0,2970.0,808.495,259.37,831.893,723.771,1245.91,707.982,1167.15,250.565
background02,1,datasheet005,4,datasheet,0,4,background02/datasheet005/frame_0164.jpeg,164,2100.0,2970.0,886.991,281.729,944.172,779.018,1376.93,753.791,1261.05,266.541
background02,1,datasheet005,4,datasheet,0,4,background02/datasheet005/frame_0166.jpeg,166,2100.0,2970.0,912.11,260.879,976.982,770.228,1414.59,742.344,1292.82,244.091
background02,1,datasheet005,4,datasheet,0,4,background02/datasheet005/frame_0173.jpeg,173,2100.0,2970.0,887.296,228.073,966.322,754.801,1408.26,713.995,1275.64,204.198
background02,1,datasheet005,4,datasheet,0,4,background02/datasheet005/frame_0177.jpeg,177,2100.0,2970.0,839.852,223.66,910.24,749.315,1351.11,709.094,1228.24,201.574
background02,1,datasheet005,4,datasheet,0,4,background02/datasheet005/frame_0186.jpeg,186,2100.0,2970.0,726.048,249.878,769.21,744.037,1194.08,714.524,1097.93,237.282
background02,1,letter001,5,letter,1,0,background02/letter001/frame_0013.jpeg,13,2100.0,2970.0,788.821,296.49,789.55,819.459,1245.67,806.993,1169.68,294.538
background02,1,letter001,5,letter,1,0,background02/letter001/frame_0023.jpeg,23,2100.0,2970.0,802.65,260.124,765.49,779.039,1225.14,796.319,1186.72,279.19
background02,1,letter001,5,letter,1,0,background02/letter001/frame_0025.jpeg,25,2100.0,2970.0,809.884,254.406,762.234,773.213,1222.43,796.815,1194.5,277.894
background02,1,letter001,5,letter,1,0,background02/letter001/frame_0029.jpeg,29,2100.0,2970.0,826.081,249.976,762.206,762.835,1220.66,800.67,1209.04,282.743
background02,1,letter001,5,letter,1,0,background02/letter001/frame_0030.jpeg,30,2100.0,2970.0,827.893,248.649,757.84,759.177,1215.73,801.433,1209.98,285.302
background02,1,letter001,5,letter,1,0,background02/letter001/frame_0037.jpeg,37,2100.0,2970.0,850.67,215.206,782.701,724.878,1241.43,765.635,1235.56,249.331
background02,1,letter001,5,letter,1,0,background02/letter001/frame_0040.jpeg,40,2100.0,2970.0,858.862,220.001,818.554,735.893,1279.87,755.067,1246.52,235.694
background02,1,letter001,5,letter,1,0,background02/letter001/frame_0061.jpeg,61,2100.0,2970.0,1034.68,262.334,1101.95,817.142,1572.46,791.978,1433.03,244.803
background02,1,letter001,5,letter,1,0,background02/letter001/frame_0070.jpeg,70,2100.0,2970.0,1169.46,239.499,1236.29,798.076,1707.45,781.215,1570.15,229.047
background02,1,letter001,5,letter,1,0,background02/letter001/frame_0084.jpeg,84,2100.0,2970.0,827.445,268.284,928.881,822.17,1386.99,736.756,1219.98,212.828
background02,1,letter001,5,letter,1,0,background02/letter001/frame_0100.jpeg,100,2100.0,2970.0,543.724,247.671,575.459,791.96,1046.06,732.862,944.107,212.285
background02,1,letter001,5,letter,1,0,background02/letter001/frame_0102.jpeg,102,2100.0,2970.0,569.219,239.036,591.719,780.194,1060.85,730.42,967.669,210.198
background02,1,letter001,5,letter,1,0,background02/letter001/frame_0134.jpeg,134,2100.0,2970.0,704.472,177.331,752.01,812.713,1272.64,758.872,1152.6,146.275
background02,1,letter001,5,letter,1,0,background02/letter001/frame_0143.jpeg,143,2100.0,2970.0,740.567,234.138,802.825,861.722,1318.98,799.899,1181.39,197.036
background02,1,letter001,5,letter,1,0,background02/letter001/frame_0154.jpeg,154,2100.0,2970.0,748.09,258.784,811.992,817.38,1285.6,754.57,1148.25,222.803
background02,1,letter001,5,letter,1,0,background02/letter001/frame_0155.jpeg,155,2100.0,2970.0,742.141,269.485,810.271,823.842,1282.82,759.622,1140.32,232.602
background02,1,letter001,5,letter,1,0,background02/letter001/frame_0163.jpeg,163,2100.0,2970.0,765.953,296.05,836.923,821.581,1305.72,760.41,1152.91,259.812
background02,1,letter001,5,letter,1,0,background02/letter001/frame_0171.jpeg,171,2100.0,2970.0,822.118,230.225,846.535,720.908,1314.36,697.401,1203.18,219.091
background02,1,letter001,5,letter,1,0,background02/letter001/frame_0175.jpeg,175,2100.0,2970.0,827.416,261.88,839.695,728.388,1302.98,711.612,1200.14,255.582
background02,1,letter001,5,letter,1,0,background02/letter001/frame_0178.jpeg,178,2100.0,2970.0,794.965,279.772,806.29,738.484,1268.15,721.273,1164.82,275.147
background02,1,letter001,5,letter,1,0,background02/letter001/frame_0181.jpeg,181,2100.0,2970.0,799.763,255.436,813.442,701.063,1274.81,684.084,1168.31,250.365
background02,1,letter001,5,letter,1,0,background02/letter001/frame_0187.jpeg,187,2100.0,2970.0,804.514,218.993,820.598,649.327,1280.19,633.017,1171.67,213.531
background02,1,letter001,5,letter,1,0,background02/letter001/frame_0198.jpeg,198,2100.0,2970.0,826.242,191.11,853.028,635.559,1297.71,612.495,1189.02,179.931
background02,1,letter001,5,letter,1,0,background02/letter001/frame_0200.jpeg,200,2100.0,2970.0,824.464,191.206,854.616,643.483,1298.79,617.585,1188.76,178.167
background02,1,letter002,6,letter,1,1,background02/letter002/frame_0028.jpeg,28,2100.0,2970.0,794.487,312.136,792.717,819.221,1238.75,810.747,1165.72,318.238
background02,1,letter002,6,letter,1,1,background02/letter002/frame_0029.jpeg,29,2100.0,2970.0,811.759,311.69,793.528,809.55,1239.44,814.037,1182.57,325.479
background02,1,letter002,6,letter,1,1,background02/letter002/frame_0042.jpeg,42,2100.0,2970.0,895.641,265.589,795.154,717.948,1221.49,782.201,1252.15,317.884
background02,1,letter002,6,letter,1,1,background02/letter002/frame_0048.jpeg,48,2100.0,2970.0,874.592,294.413,827.443,748.235,1251.05,764.858,1228.28,308.811
background02,1,letter002,6,letter,1,1,background02/letter002/frame_0057.jpeg,57,2100.0,2970.0,891.762,308.777,928.987,789.695,1358.45,756.802,1251.07,289.586
background02,1,letter002,6,letter,1,1,background02/letter002/frame_0075.jpeg,75,2100.0,2970.0,897.148,289.431,971.14,814.501,1413.82,767.315,1272.39,267.3
background02,1,letter002,6,letter,1,1,background02/letter002/frame_0098.jpeg,98,2100.0,2970.0,831.26,347.665,839.556,799.835,1284.37,782.605,1189.24,343.705
background02,1,letter002,6,letter,1,1,background02/letter002/frame_0101.jpeg,101,2100.0,2970.0,795.197,352.122,797.04,795.676,1240.81,781.207,1151.73,351.712
background02,1,letter002,6,letter,1,1,background02/letter002/frame_0110.jpeg,110,2100.0,2970.0,849.963,330.285,848.194,735.138,1295.47,730.745,1201.06,334.728
background02,1,letter002,6,letter,1,1,background02/letter002/frame_0156.jpeg,156,2100.0,2970.0,691.749,310.579,840.185,824.267,1278.47,690.776,1067.57,220.137
background02,1,letter002,6,letter,1,1,background02/letter002/frame_0157.jpeg,157,2100.0,2970.0,680.95,309.402,820.224,822.702,1261.79,695.007,1058.04,222.334
background02,1,letter002,6,letter,1,1,background02/letter002/frame_0170.jpeg,170,2100.0,2970.0,731.671,261.942,694.316,739.095,1141.99,743.746,1101.78,273.486
background02,1,letter002,6,letter,1,1,background02/letter002/frame_0179.jpeg,179,2100.0,2970.0,866.005,255.534,778.933,695.981,1209.72,746.588,1221.02,297.521
background02,1,letter002,6,letter,1,1,background02/letter002/frame_0182.jpeg,182,2100.0,2970.0,884.599,246.489,797.759,690.572,1231.14,742.984,1242.07,289.549
background02,1,letter003,7,letter,1,2,background02/letter003/frame_0003.jpeg,3,2100.0,2970.0,613.422,379.564,810.588,870.181,1204.08,725.364,967.47,282.993
background02,1,letter003,7,letter,1,2,background02/letter003/frame_0008.jpeg,8,2100.0,2970.0,627.188,379.621,812.664,868.662,1205.54,730.807,978.008,289.725
background02,1,letter003,7,letter,1,2,background02/letter003/frame_0010.jpeg,10,2100.0,2970.0,633.869,381.452,813.026,871.485,1207.54,737.321,984.67,294.768
background02,1,letter003,7,letter,1,2,background02/letter003/frame_0015.jpeg,15,2100.0,2970.0,676.698,389.696,831.184,875.954,1232.7,761.717,1027.21,315.353
background02,1,letter003,7,letter,1,2,background02/letter003/frame_0035.jpeg,35,2100.0,2970.0,833.135,281.579,783.38,692.904,1186.22,727.711,1169.01,310.617
background02,1,letter003,7,letter,1,2,background02/letter003/frame_0053.jpeg,53,2100.0,2970.0,917.407,262.158,929.831,685.496,1340.29,674.774,1260.01,251.363
background02,1,letter003,7,letter,1,2,background02/letter003/frame_0054.jpeg,54,2100.0,2970.0,905.617,267.375,930.477,700.781,1342.59,680.483,1251.09,249.967
background02,1,letter003,7,letter,1,2,background02/letter003/frame_0059.jpeg,59,2100.0,2970.0,887.049,282.987,963.073,733.409,1374.66,681.608,1234.1,245.642
background02,1,letter003,7,letter,1,2,background02/letter003/frame_0098.jpeg,98,2100.0,2970.0,854.177,268.741,879.393,704.489,1347.66,685.674,1224.65,257.488
background02,1,letter003,7,letter,1,2,background02/letter003/frame_0102.jpeg,102,2100.0,2970.0,853.459,275.312,862.402,695.798,1334.17,689.022,1223.35,273.601
background02,1,letter003,7,letter,1,2,background02/letter003/frame_0114.jpeg,114,2100.0,2970.0,862.144,250.977,860.814,650.271,1319.7,644.161,1224.17,246.802
background02,1,letter003,7,letter,1,2,background02/letter003/frame_0124.jpeg,124,2100.0,2970.0,848.268,283.73,855.987,704.882,1286.83,693.853,1198.94,276.345
background02,1,letter003,7,letter,1,2,background02/letter003/frame_0132.jpeg,132,2100.0,2970.0,839.175,284.064,862.234,745.831,1295.85,728.491,1198.6,274.879
background02,1,letter003,7,letter,1,2,background02/letter003/frame_0138.jpeg,138,2100.0,2970.0,828.976,226.474,881.685,718.085,1318.63,684.145,1200.88,207.576
background02,1,letter003,7,letter,1,2,background02/letter003/frame_0139.jpeg,139,2100.0,2970.0,833.419,212.746,890.517,714.873,1328.45,676.977,1206.88,191.69
background02,1,letter003,7,letter,1,2,background02/letter003/frame_0143.jpeg,143,2100.0,2970.0,835.594,223.404,905.061,736.567,1343.44,690.246,1211.78,196.199
background02,1,letter003,7,letter,1,2,background02/letter003/frame_0145.jpeg,145,2100.0,2970.0,832.377,224.539,910.539,746.197,1349.73,694.895,1211.57,194.493
background02,1,letter003,7,letter,1,2,background02/letter003/frame_0164.jpeg,164,2100.0,2970.0,864.482,353.098,874.497,857.368,1330.25,851.144,1240.14,354.297
background02,1,letter003,7,letter,1,2,background02/letter003/frame_0165.jpeg,165,2100.0,2970.0,860.626,327.679,854.392,827.108,1309.48,832.564,1236.65,336.738
background02,1,letter003,7,letter,1,2,background02/letter003/frame_0179.jpeg,179,2100.0,2970.0,860.763,330.273,764.581,767.734,1203.18,829.455,1217.56,374.505
background02,1,letter003,7,letter,1,2,background02/letter003/frame_0185.jpeg,185,2100.0,2970.0,889.732,311.659,784.678,734.096,1226.99,802.735,1247.0,358.016
background02,1,letter003,7,letter,1,2,background02/letter003/frame_0198.jpeg,198,2100.0,2970.0,892.135,276.717,786.912,686.42,1232.01,755.146,1250.16,324.034
background02,1,letter003,7,letter,1,2,background02/letter003/frame_0200.jpeg,200,2100.0,2970.0,892.64,279.947,794.731,687.735,1234.94,752.032,1248.23,324.079
background02,1,letter003,7,letter,1,2,background02/letter003/frame_0221.jpeg,221,2100.0,2970.0,787.511,329.464,924.966,740.42,1324.26,637.633,1120.91,257.449
background02,1,letter003,7,letter,1,2,background02/letter003/frame_0223.jpeg,223,2100.0,2970.0,787.404,338.84,942.199,743.408,1335.49,632.711,1116.47,261.572
background02,1,letter004,8,letter,1,3,background02/letter004/frame_0012.jpeg,12,2100.0,2970.0,785.5,297.545,864.478,828.567,1323.54,766.003,1170.86,260.911
background02,1,letter004,8,letter,1,3,background02/letter004/frame_0019.jpeg,19,2100.0,2970.0,810.348,283.106,820.869,809.219,1289.34,794.945,1199.51,278.013
background02,1,letter004,8,letter,1,3,background02/letter004/frame_0021.jpeg,21,2100.0,2970.0,806.323,281.354,789.01,802.52,1256.61,806.333,1193.62,290.024
background02,1,letter004,8,letter,1,3,background02/letter004/frame_0029.jpeg,29,2100.0,2970.0,836.793,238.089,753.753,725.423,1208.61,778.259,1213.52,280.462
background02,1,letter004,8,letter,1,3,background02/letter004/frame_0032.jpeg,32,2100.0,2970.0,847.646,255.575,759.56,732.693,1209.75,789.217,1219.71,300.65
background02,1,letter004,8,letter,1,3,background02/letter004/frame_0035.jpeg,35,2100.0,2970.0,852.807,256.629,782.057,735.247,1230.78,774.445,1224.3,287.663
background02,1,letter004,8,letter,1,3,background02/letter004/frame_0054.jpeg,54,2100.0,2970.0,857.128,308.551,919.223,857.316,1401.79,809.625,1255.41,281.145
background02,1,letter004,8,letter,1,3,background02/letter004/frame_0060.jpeg,60,2100.0,2970.0,844.032,287.455,909.429,854.771,1406.85,802.433,1252.4,256.518
background02,1,letter004,8,letter,1,3,background02/letter004/frame_0063.jpeg,63,2100.0,2970.0,807.978,293.661,867.499,868.687,1374.48,814.385,1222.25,264.712
background02,1,letter004,8,letter,1,3,background02/letter004/frame_0069.jpeg,69,2100.0,2970.0,774.442,282.745,827.136,884.391,1361.68,833.758,1206.83,259.903
background02,1,letter004,8,letter,1,3,background02/letter004/frame_0076.jpeg,76,2100.0,2970.0,786.157,283.779,816.595,870.703,1363.93,835.36,1218.85,270.19
background02,1,letter004,8,letter,1,3,background02/letter004/frame_0077.jpeg,77,2100.0,2970.0,789.594,285.56,819.601,867.137,1366.46,832.307,1220.56,272.468
background02,1,letter004,8,letter,1,3,background02/letter004/frame_0081.jpeg,81,2100.0,2970.0,771.335,292.172,794.307,859.826,1339.15,823.216,1198.54,277.671
background02,1,letter004,8,letter,1,3,background02/letter004/frame_0082.jpeg,82,2100.0,2970.0,767.304,288.293,790.417,851.991,1335.76,815.278,1194.52,273.471
background02,1,letter004,8,letter,1,3,background02/letter004/frame_0087.jpeg,87,2100.0,2970.0,741.593,295.115,760.106,841.701,1299.97,802.951,1161.76,278.523
background02,1,letter004,8,letter,1,3,background02/letter004/frame_0090.jpeg,90,2100.0,2970.0,735.133,296.876,756.094,832.246,1292.48,793.347,1152.01,279.819
background02,1,letter004,8,letter,1,3,background02/letter004/frame_0102.jpeg,102,2100.0,2970.0,819.227,192.68,792.108,676.875,1263.47,687.951,1204.85,204.031
background02,1,letter004,8,letter,1,3,background02/letter004/frame_0125.jpeg,125,2100.0,2970.0,837.664,291.948,847.72,752.91,1262.92,724.308,1187.73,264.522
background02,1,letter004,8,letter,1,3,background02/letter004/frame_0144.jpeg,144,2100.0,2970.0,1000.17,284.614,1079.85,800.105,1534.05,747.699,1381.57,239.531
background02,1,letter004,8,letter,1,3,background02/letter004/frame_0146.jpeg,146,2100.0,2970.0,982.327,284.068,1057.5,807.441,1514.24,757.435,1365.58,243.913
background02,1,letter004,8,letter,1,3,background02/letter004/frame_0152.jpeg,152,2100.0,2970.0,906.648,307.869,961.81,834.36,1424.53,790.136,1291.96,276.952
background02,1,letter004,8,letter,1,3,background02/letter004/frame_0157.jpeg,157,2100.0,2970.0,849.068,255.19,890.252,785.005,1357.48,748.497,1240.29,232.445
background02,1,letter004,8,letter,1,3,background02/letter004/frame_0165.jpeg,165,2100.0,2970.0,797.377,245.814,795.427,777.287,1269.7,765.32,1192.82,241.507
background02,1,letter004,8,letter,1,3,background02/letter004/frame_0185.jpeg,185,2100.0,2970.0,858.589,240.409,839.948,743.301,1303.71,739.659,1243.84,233.95
background02,1,letter004,8,letter,1,3,background02/letter004/frame_0186.jpeg,186,2100.0,2970.0,859.14,243.249,844.404,743.399,1308.24,737.584,1244.11,234.536
background02,1,letter005,9,letter,1,4,background02/letter005/frame_0021.jpeg,21,2100.0,2970.0,793.34,245.426,758.331,717.818,1194.94,739.212,1158.24,267.312
background02,1,letter005,9,letter,1,4,background02/letter005/frame_0023.jpeg,23,2100.0,2970.0,810.058,246.149,774.241,712.927,1207.04,737.395,1172.37,269.477
background02,1,letter005,9,letter,1,4,background02/letter005/frame_0026.jpeg,26,2100.0,2970.0,832.285,273.663,804.008,733.06,1232.1,750.51,1189.66,290.209
background02,1,letter005,9,letter,1,4,background02/letter005/frame_0054.jpeg,54,2100.0,2970.0,829.787,370.353,919.949,825.118,1351.82,766.254,1182.91,335.514
background02,1,letter005,9,letter,1,4,background02/letter005/frame_0056.jpeg,56,2100.0,2970.0,816.695,396.795,913.13,850.063,1346.55,785.798,1168.77,359.83
background02,1,letter005,9,letter,1,4,background02/letter005/frame_0057.jpeg,57,2100.0,2970.0,807.291,391.997,907.607,846.794,1343.41,781.087,1161.21,355.47
background02,1,letter005,9,letter,1,4,background02/letter005/frame_0065.jpeg,65,2100.0,2970.0,799.996,331.202,907.338,786.786,1352.31,721.069,1162.04,294.662
background02,1,letter005,9,letter,1,4,background02/letter005/frame_0067.jpeg,67,2100.0,2970.0,802.518,335.995,907.959,788.128,1354.57,724.741,1164.74,300.823
background02,1,letter005,9,letter,1,4,background02/letter005/frame_0069.jpeg,69,2100.0,2970.0,809.372,347.064,907.949,803.064,1358.61,743.802,1172.6,314.531
background02,1,letter005,9,letter,1,4,background02/letter005/frame_0074.jpeg,74,2100.0,2970.0,845.263,358.951,922.038,808.872,1383.25,767.927,1210.24,337.749
background02,1,letter005,9,letter,1,4,background02/letter005/frame_0077.jpeg,77,2100.0,2970.0,848.451,356.712,911.049,799.844,1378.23,772.298,1215.18,345.233
background02,1,letter005,9,letter,1,4,background02/letter005/frame_0079.jpeg,79,2100.0,2970.0,850.71,345.977,900.493,782.897,1370.03,764.455,1217.11,342.138
background02,1,letter005,9,letter,1,4,background02/letter005/frame_0080.jpeg,80,2100.0,2970.0,844.73,337.532,890.636,770.155,1361.08,755.565,1212.35,336.87
background02,1,letter005,9,letter,1,4,background02/letter005/frame_0081.jpeg,81,2100.0,2970.0,845.493,329.471,891.045,759.418,1361.13,746.589,1213.1,329.534
background02,1,letter005,9,letter,1,4,background02/letter005/frame_0110.jpeg,110,2100.0,2970.0,800.836,282.828,704.422,683.764,1151.63,751.727,1152.44,338.753
background02,1,letter005,9,letter,1,4,background02/letter005/frame_0121.jpeg,121,2100.0,2970.0,674.284,307.519,706.132,731.432,1150.07,674.583,1031.72,269.657
background02,1,letter005,9,letter,1,4,background02/letter005/frame_0122.jpeg,122,2100.0,2970.0,681.343,311.409,717.283,734.264,1160.79,674.435,1037.61,271.037
background02,1,letter005,9,letter,1,4,background02/letter005/frame_0125.jpeg,125,2100.0,2970.0,694.839,321.207,747.315,745.034,1190.36,675.378,1050.97,273.743
background02,1,letter005,9,letter,1,4,background02/letter005/frame_0127.jpeg,127,2100.0,2970.0,695.622,323.945,762.66,752.727,1203.87,676.868,1052.04,273.069
background02,1,letter005,9,letter,1,4,background02/letter005/frame_0133.jpeg,133,2100.0,2970.0,737.697,330.926,859.397,762.87,1294.19,662.505,1092.07,263.161
background02,1,letter005,9,letter,1,4,background02/letter005/frame_0150.jpeg,150,2100.0,2970.0,930.941,249.497,1061.4,722.239,1496.82,655.265,1294.31,205.865
background02,1,letter005,9,letter,1,4,background02/letter005/frame_0157.jpeg,157,2100.0,2970.0,870.759,256.805,914.776,756.097,1366.58,733.75,1246.76,247.531
background02,1,letter005,9,letter,1,4,background02/letter005/frame_0193.jpeg,193,2100.0,2970.0,855.93,278.733,892.191,734.003,1322.37,700.685,1213.28,251.274
background02,1,letter005,9,letter,1,4,background02/letter005/frame_0217.jpeg,217,2100.0,2970.0,899.867,253.563,1019.72,729.08,1458.1,662.876,1266.32,211.661
background02,1,magazine001,10,magazine,2,0,background02/magazine001/frame_0008.jpeg,8,2100.0,2970.0,672.052,328.992,781.133,827.032,1200.95,733.405,1033.72,275.372
background02,1,magazine001,10,magazine,2,0,background02/magazine001/frame_0029.jpeg,29,2100.0,2970.0,715.911,328.069,722.886,810.583,1159.01,784.01,1077.5,319.808
background02,1,magazine001,10,magazine,2,0,background02/magazine001/frame_0067.jpeg,67,2100.0,2970.0,846.039,246.188,854.263,674.37,1270.26,660.339,1190.1,241.657
background02,1,magazine001,10,magazine,2,0,background02/magazine001/frame_0084.jpeg,84,2100.0,2970.0,851.45,241.229,928.847,727.165,1356.6,676.778,1213.98,214.711
background02,1,magazine001,10,magazine,2,0,background02/magazine001/frame_0088.jpeg,88,2100.0,2970.0,846.863,229.408,919.362,729.718,1352.95,681.478,1215.73,205.143
background02,1,magazine001,10,magazine,2,0,background02/magazine001/frame_0132.jpeg,132,2100.0,2970.0,814.002,211.19,875.385,846.072,1365.78,788.385,1255.71,166.913
background02,1,magazine001,10,magazine,2,0,background02/magazine001/frame_0139.jpeg,139,2100.0,2970.0,858.809,204.21,931.346,846.07,1424.21,783.535,1303.58,155.763
background02,1,magazine001,10,magazine,2,0,background02/magazine001/frame_0159.jpeg,159,2100.0,2970.0,1013.0,200.003,1091.53,845.812,1583.63,792.955,1456.88,162.394
background02,1,magazine001,10,magazine,2,0,background02/magazine001/frame_0161.jpeg,161,2100.0,2970.0,1022.1,202.123,1100.9,846.879,1592.62,794.347,1465.38,165.767
background02,1,magazine001,10,magazine,2,0,background02/magazine001/frame_0179.jpeg,179,2100.0,2970.0,920.128,209.513,993.654,849.309,1486.41,787.044,1362.62,165.433
background02,1,magazine001,10,magazine,2,0,background02/magazine001/frame_0204.jpeg,204,2100.0,2970.0,518.827,216.682,535.818,856.461,1042.92,799.145,967.352,178.042
background02,1,magazine002,11,magazine,2,1,background02/magazine002/frame_0001.jpeg,1,2100.0,2970.0,649.664,311.49,726.027,806.764,1150.84,731.249,1014.42,266.225
background02,1,magazine002,11,magazine,2,1,background02/magazine002/frame_0004.jpeg,4,2100.0,2970.0,661.945,308.913,741.934,802.736,1164.18,725.223,1024.6,262.475
background02,1,magazine002,11,magazine,2,1,background02/magazine002/frame_0018.jpeg,18,2100.0,2970.0,689.91,308.223,796.029,803.496,1218.49,721.948,1054.25,263.297
background02,1,magazine002,11,magazine,2,1,background02/magazine002/frame_0048.jpeg,48,2100.0,2970.0,713.639,270.227,784.887,813.268,1213.92,787.818,1083.14,294.823
background02,1,magazine002,11,magazine,2,1,background02/magazine002/frame_0052.jpeg,52,2100.0,2970.0,701.528,286.762,773.13,826.692,1203.56,804.336,1070.07,315.119
background02,1,magazine002,11,magazine,2,1,background02/magazine002/frame_0068.jpeg,68,2100.0,2970.0,716.494,194.166,821.043,723.786,1249.93,684.854,1089.1,207.035
background02,1,magazine002,11,magazine,2,1,background02/magazine002/frame_0075.jpeg,75,2100.0,2970.0,739.493,220.122,899.646,744.547,1314.67,682.509,1105.46,216.8
background02,1,magazine002,11,magazine,2,1,background02/magazine002/frame_0079.jpeg,79,2100.0,2970.0,786.848,236.305,970.303,753.865,1381.03,684.988,1148.14,226.419
background02,1,magazine002,11,magazine,2,1,background02/magazine002/frame_0093.jpeg,93,2100.0,2970.0,767.615,200.745,986.085,735.104,1395.35,673.733,1131.93,211.936
background02,1,magazine002,11,magazine,2,1,background02/magazine002/frame_0100.jpeg,100,2100.0,2970.0,795.662,211.315,1019.13,756.048,1431.16,699.019,1161.27,229.048
background02,1,magazine002,11,magazine,2,1,background02/magazine002/frame_0114.jpeg,114,2100.0,2970.0,744.866,248.978,957.532,751.611,1358.44,651.673,1103.0,212.518
background02,1,magazine002,11,magazine,2,1,background02/magazine002/frame_0119.jpeg,119,2100.0,2970.0,771.076,286.017,972.988,770.188,1380.53,653.895,1125.9,223.606
background02,1,magazine002,11,magazine,2,1,background02/magazine002/frame_0134.jpeg,134,2100.0,2970.0,784.502,336.991,847.292,797.143,1299.01,730.571,1148.53,291.755
background02,1,magazine002,11,magazine,2,1,background02/magazine002/frame_0139.jpeg,139,2100.0,2970.0,847.286,378.204,869.011,821.708,1322.07,771.954,1206.17,336.561
background02,1,magazine002,11,magazine,2,1,background02/magazine002/frame_0150.jpeg,150,2100.0,2970.0,856.621,290.986,807.015,709.859,1273.6,696.393,1224.17,270.073
background02,1,magazine002,11,magazine,2,1,background02/magazine002/frame_0154.jpeg,154,2100.0,2970.0,849.489,274.663,789.639,689.006,1261.41,680.071,1219.18,257.969
background02,1,magazine002,11,magazine,2,1,background02/magazine002/frame_0178.jpeg,178,2100.0,2970.0,752.216,340.918,810.41,782.256,1253.98,724.051,1108.64,308.214
background02,1,magazine002,11,magazine,2,1,background02/magazine002/frame_0185.jpeg,185,2100.0,2970.0,787.819,382.002,919.109,831.492,1341.89,746.299,1136.37,335.683
background02,1,magazine002,11,magazine,2,1,background02/magazine002/frame_0189.jpeg,189,2100.0,2970.0,798.837,372.995,957.37,825.0,1369.03,735.265,1143.64,327.195
background02,1,magazine002,11,magazine,2,1,background02/magazine002/frame_0195.jpeg,195,2100.0,2970.0,799.901,344.153,978.102,796.982,1384.32,707.73,1143.58,303.057
background02,1,magazine003,12,magazine,2,2,background02/magazine003/frame_0006.jpeg,6,2100.0,2970.0,732.25,298.224,788.866,794.148,1222.65,743.829,1099.47,274.939
background02,1,magazine003,12,magazine,2,2,background02/magazine003/frame_0013.jpeg,13,2100.0,2970.0,752.666,337.376,794.261,814.196,1219.9,776.708,1108.75,323.334
background02,1,magazine003,12,magazine,2,2,background02/magazine003/frame_0015.jpeg,15,2100.0,2970.0,756.004,342.447,791.93,810.676,1215.06,777.761,1109.7,331.688
background02,1,magazine003,12,magazine,2,2,background02/magazine003/frame_0023.jpeg,23,2100.0,2970.0,767.928,296.851,797.359,737.397,1211.73,713.549,1113.71,291.632
background02,1,magazine003,12,magazine,2,2,background02/magazine003/frame_0056.jpeg,56,2100.0,2970.0,491.32,314.657,600.233,802.145,1030.64,702.212,863.387,262.042
background02,1,magazine003,12,magazine,2,2,background02/magazine003/frame_0062.jpeg,62,2100.0,2970.0,728.451,296.733,808.255,777.203,1235.64,725.253,1089.76,272.96
background02,1,magazine003,12,magazine,2,2,background02/magazine003/frame_0071.jpeg,71,2100.0,2970.0,1042.63,286.525,1064.37,767.554,1501.8,784.81,1406.65,309.135
background02,1,magazine003,12,magazine,2,2,background02/magazine003/frame_0082.jpeg,82,2100.0,2970.0,729.036,254.194,787.636,737.852,1221.99,682.494,1096.57,230.091
background02,1,magazine003,12,magazine,2,2,background02/magazine003/frame_0083.jpeg,83,2100.0,2970.0,670.176,257.332,741.694,740.929,1175.1,673.015,1039.0,224.851
background02,1,magazine003,12,magazine,2,2,background02/magazine003/frame_0087.jpeg,87,2100.0,2970.0,552.539,271.729,639.896,758.993,1075.99,670.014,926.184,225.086
background02,1,magazine003,12,magazine,2,2,background02/magazine003/frame_0101.jpeg,101,2100.0,2970.0,922.85,191.886,859.346,663.847,1310.95,709.209,1299.55,228.22
background02,1,magazine003,12,magazine,2,2,background02/magazine003/frame_0103.jpeg,103,2100.0,2970.0,921.542,188.178,834.001,648.971,1279.94,709.987,1292.98,236.116
background02,1,magazine003,12,magazine,2,2,background02/magazine003/frame_0118.jpeg,118,2100.0,2970.0,880.649,305.03,772.09,707.457,1178.38,765.645,1216.35,347.154
background02,1,magazine003,12,magazine,2,2,background02/magazine003/frame_0119.jpeg,119,2100.0,2970.0,879.077,307.759,778.09,713.853,1185.79,764.859,1215.35,344.728
background02,1,magazine003,12,magazine,2,2,background02/magazine003/frame_0122.jpeg,122,2100.0,2970.0,888.018,288.817,827.17,704.588,1244.37,718.295,1233.29,292.033
background02,1,magazine003,12,magazine,2,2,background02/magazine003/frame_0123.jpeg,123,2100.0,2970.0,893.207,277.634,839.132,694.799,1257.86,704.146,1240.26,276.507
background02,1,magazine003,12,magazine,2,2,background02/magazine003/frame_0128.jpeg,128,2100.0,2970.0,872.425,252.652,845.372,688.728,1275.32,679.099,1227.95,238.457
background02,1,magazine003,12,magazine,2,2,background02/magazine003/frame_0129.jpeg,129,2100.0,2970.0,874.444,249.578,856.62,690.942,1288.4,677.157,1231.1,233.297
background02,1,magazine003,12,magazine,2,2,background02/magazine003/frame_0134.jpeg,134,2100.0,2970.0,870.331,270.825,893.155,726.511,1330.8,695.978,1231.29,247.404
background02,1,magazine003,12,magazine,2,2,background02/magazine003/frame_0151.jpeg,151,2100.0,2970.0,941.105,204.234,986.413,708.795,1475.25,690.804,1338.43,199.627
background02,1,magazine003,12,magazine,2,2,background02/magazine003/frame_0162.jpeg,162,2100.0,2970.0,880.124,202.27,875.935,663.859,1312.69,665.892,1245.0,210.225
background02,1,magazine003,12,magazine,2,2,background02/magazine003/frame_0184.jpeg,184,2100.0,2970.0,929.481,198.968,782.272,619.339,1203.19,726.477,1281.47,282.823
background02,1,magazine004,13,magazine,2,3,background02/magazine004/frame_0019.jpeg,19,2100.0,2970.0,759.806,317.307,750.265,778.797,1176.91,777.784,1113.11,326.575
background02,1,magazine004,13,magazine,2,3,background02/magazine004/frame_0020.jpeg,20,2100.0,2970.0,767.127,312.461,754.743,772.747,1180.21,772.997,1119.88,322.397
background02,1,magazine004,13,magazine,2,3,background02/magazine004/frame_0024.jpeg,24,2100.0,2970.0,796.547,288.105,762.258,738.39,1187.21,761.323,1147.76,313.672
background02,1,magazine004,13,magazine,2,3,background02/magazine004/frame_0036.jpeg,36,2100.0,2970.0,916.957,252.711,792.823,658.615,1192.91,772.7,1246.42,350.028
background02,1,magazine004,13,magazine,2,3,background02/magazine004/frame_0047.jpeg,47,2100.0,2970.0,842.322,292.039,841.557,727.773,1259.17,724.914,1187.4,296.858
background02,1,magazine004,13,magazine,2,3,background02/magazine004/frame_0048.jpeg,48,2100.0,2970.0,846.827,281.314,855.253,717.911,1272.73,708.541,1193.36,279.861
background02,1,magazine004,13,magazine,2,3,background02/magazine004/frame_0076.jpeg,76,2100.0,2970.0,832.878,286.292,970.062,755.32,1387.45,704.184,1184.15,273.953
background02,1,magazine004,13,magazine,2,3,background02/magazine004/frame_0088.jpeg,88,2100.0,2970.0,868.973,315.079,972.88,774.753,1405.78,719.771,1224.16,288.028
background02,1,magazine004,13,magazine,2,3,background02/magazine004/frame_0092.jpeg,92,2100.0,2970.0,810.806,347.039,875.595,801.08,1315.78,757.352,1166.65,326.797
background02,1,magazine004,13,magazine,2,3,background02/magazine004/frame_0096.jpeg,96,2100.0,2970.0,795.293,343.806,824.566,788.142,1270.18,764.63,1152.71,336.121
background02,1,magazine004,13,magazine,2,3,background02/magazine004/frame_0113.jpeg,113,2100.0,2970.0,952.447,322.532,854.176,685.516,1277.76,743.76,1290.37,358.811
background02,1,magazine004,13,magazine,2,3,background02/magazine004/frame_0115.jpeg,115,2100.0,2970.0,963.25,313.324,861.251,672.364,1282.63,733.204,1300.6,350.434
background02,1,magazine004,13,magazine,2,3,background02/magazine004/frame_0129.jpeg,129,2100.0,2970.0,907.854,153.905,818.912,528.704,1219.44,576.281,1242.29,186.834
background02,1,magazine004,13,magazine,2,3,background02/magazine004/frame_0132.jpeg,132,2100.0,2970.0,880.853,152.229,801.87,541.056,1203.95,582.176,1217.92,181.912
background02,1,magazine004,13,magazine,2,3,background02/magazine004/frame_0138.jpeg,138,2100.0,2970.0,854.68,180.816,796.41,606.244,1208.79,637.397,1200.31,205.211
background02,1,magazine004,13,magazine,2,3,background02/magazine004/frame_0142.jpeg,142,2100.0,2970.0,863.372,223.365,826.191,668.715,1247.9,690.411,1215.82,241.375
background02,1,magazine004,13,magazine,2,3,background02/magazine004/frame_0146.jpeg,146,2100.0,2970.0,888.206,230.885,868.932,699.241,1297.91,711.216,1249.13,242.239
background02,1,magazine004,13,magazine,2,3,background02/magazine004/frame_0152.jpeg,152,2100.0,2970.0,850.902,221.88,871.039,736.406,1312.57,721.308,1226.55,219.992
background02,1,magazine004,13,magazine,2,3,background02/magazine004/frame_0160.jpeg,160,2100.0,2970.0,864.346,225.393,921.749,791.47,1383.58,755.684,1263.94,211.524
background02,1,magazine004,13,magazine,2,3,background02/magazine004/frame_0168.jpeg,168,2100.0,2970.0,851.359,261.172,915.966,824.254,1373.41,780.31,1245.3,240.692
background02,1,magazine004,13,magazine,2,3,background02/magazine004/frame_0178.jpeg,178,2100.0,2970.0,828.344,295.855,853.078,798.972,1296.72,775.193,1200.71,284.296
background02,1,magazine004,13,magazine,2,3,background02/magazine004/frame_0186.jpeg,186,2100.0,2970.0,791.772,198.817,750.7,659.883,1187.2,674.924,1155.55,214.778
background02,1,magazine004,13,magazine,2,3,background02/magazine004/frame_0211.jpeg,211,2100.0,2970.0,892.151,267.673,949.943,740.513,1383.1,707.352,1252.45,249.776
background02,1,magazine004,13,magazine,2,3,background02/magazine004/frame_0223.jpeg,223,2100.0,2970.0,924.616,254.245,1035.89,750.968,1464.16,699.016,1287.67,228.996
background02,1,magazine005,14,magazine,2,4,background02/magazine005/frame_0002.jpeg,2,2100.0,2970.0,806.304,370.934,802.856,839.063,1226.21,828.029,1158.69,366.945
background02,1,magazine005,14,magazine,2,4,background02/magazine005/frame_0026.jpeg,26,2100.0,2970.0,825.908,398.825,925.294,857.732,1328.75,785.461,1166.02,353.146
background02,1,magazine005,14,magazine,2,4,background02/magazine005/frame_0030.jpeg,30,2100.0,2970.0,844.576,366.863,973.371,812.923,1368.12,728.049,1180.32,311.288
background02,1,magazine005,14,magazine,2,4,background02/magazine005/frame_0042.jpeg,42,2100.0,2970.0,876.567,353.284,984.425,801.236,1388.85,739.55,1216.04,317.009
background02,1,magazine005,14,magazine,2,4,background02/magazine005/frame_0052.jpeg,52,2100.0,2970.0,864.471,336.925,867.835,788.308,1297.96,785.011,1216.69,338.802
background02,1,magazine005,14,magazine,2,4,background02/magazine005/frame_0075.jpeg,75,2100.0,2970.0,895.105,315.54,806.456,721.229,1251.65,777.201,1249.86,355.034
background02,1,magazine005,14,magazine,2,4,background02/magazine005/frame_0077.jpeg,77,2100.0,2970.0,883.354,324.38,805.089,728.761,1251.96,775.935,1236.74,358.717
background02,1,magazine005,14,magazine,2,4,background02/magazine005/frame_0079.jpeg,79,2100.0,2970.0,890.143,307.006,825.925,709.937,1273.92,749.27,1245.27,335.074
background02,1,magazine005,14,magazine,2,4,background02/magazine005/frame_0080.jpeg,80,2100.0,2970.0,896.736,302.995,837.81,704.633,1285.41,740.224,1251.76,328.524
background02,1,magazine005,14,magazine,2,4,background02/magazine005/frame_0094.jpeg,94,2100.0,2970.0,961.163,297.352,994.716,727.658,1409.25,720.465,1304.66,296.201
background02,1,magazine005,14,magazine,2,4,background02/magazine005/frame_0096.jpeg,96,2100.0,2970.0,972.91,295.378,1019.75,731.477,1428.07,717.092,1313.46,289.681
background02,1,magazine005,14,magazine,2,4,background02/magazine005/frame_0097.jpeg,97,2100.0,2970.0,977.675,289.1,1029.79,725.304,1436.64,709.358,1318.66,282.13
background02,1,magazine005,14,magazine,2,4,background02/magazine005/frame_0115.jpeg,115,2100.0,2970.0,901.161,298.931,949.867,779.159,1361.94,753.39,1253.74,286.321
background02,1,magazine005,14,magazine,2,4,background02/magazine005/frame_0120.jpeg,120,2100.0,2970.0,854.336,289.293,856.314,778.02,1279.6,774.243,1215.33,291.259
background02,1,magazine005,14,magazine,2,4,background02/magazine005/frame_0129.jpeg,129,2100.0,2970.0,807.646,281.103,720.17,753.281,1141.98,801.174,1164.1,320.001
background02,1,magazine005,14,magazine,2,4,background02/magazine005/frame_0134.jpeg,134,2100.0,2970.0,763.805,401.422,674.106,866.63,1097.01,905.901,1114.75,436.392
background02,1,magazine005,14,magazine,2,4,background02/magazine005/frame_0160.jpeg,160,2100.0,2970.0,893.656,332.022,940.86,758.655,1359.23,725.453,1236.83,308.539
background02,1,paper001,15,paper,3,0,background02/paper001/frame_0017.jpeg,17,2100.0,2970.0,757.547,348.053,873.706,831.081,1288.9,732.419,1113.09,279.014
background02,1,paper001,15,paper,3,0,background02/paper001/frame_0034.jpeg,34,2100.0,2970.0,785.853,335.885,863.447,813.045,1285.03,743.481,1142.91,286.911
background02,1,paper001,15,paper,3,0,background02/paper001/frame_0049.jpeg,49,2100.0,2970.0,780.778,309.03,805.96,778.596,1231.77,744.04,1138.54,286.401
background02,1,paper001,15,paper,3,0,background02/paper001/frame_0066.jpeg,66,2100.0,2970.0,834.0,254.505,795.388,711.866,1219.32,733.745,1189.99,275.978
background02,1,paper001,15,paper,3,0,background02/paper001/frame_0078.jpeg,78,2100.0,2970.0,882.061,274.33,811.033,721.962,1230.98,777.723,1232.67,323.434
background02,1,paper001,15,paper,3,0,background02/paper001/frame_0083.jpeg,83,2100.0,2970.0,885.764,275.956,839.136,727.801,1260.88,761.797,1238.76,308.103
background02,1,paper001,15,paper,3,0,background02/paper001/frame_0094.jpeg,94,2100.0,2970.0,830.863,297.979,870.77,758.446,1292.26,717.883,1184.93,271.056
background02,1,paper001,15,paper,3,0,background02/paper001/frame_0099.jpeg,99,2100.0,2970.0,820.771,302.367,902.615,768.125,1320.71,698.077,1174.39,253.167
background02,1,paper001,15,paper,3,0,background02/paper001/frame_0105.jpeg,105,2100.0,2970.0,839.93,335.018,973.16,800.515,1382.07,695.913,1187.39,259.773
background02,1,paper001,15,paper,3,0,background02/paper001/frame_0116.jpeg,116,2100.0,2970.0,849.982,374.659,1083.13,821.789,1461.64,659.419,1179.79,256.649
background02,1,paper001,15,paper,3,0,background02/paper001/frame_0117.jpeg,117,2100.0,2970.0,851.123,369.855,1088.9,813.486,1466.06,650.034,1180.97,250.132
background02,1,paper001,15,paper,3,0,background02/paper001/frame_0129.jpeg,129,2100.0,2970.0,831.376,405.534,1070.56,847.689,1443.93,690.48,1157.93,299.215
background02,1,paper001,15,paper,3,0,background02/paper001/frame_0136.jpeg,136,2100.0,2970.0,831.434,379.02,1075.56,818.314,1456.29,662.659,1162.94,275.05
background02,1,paper001,15,paper,3,0,background02/paper001/frame_0149.jpeg,149,2100.0,2970.0,815.14,376.371,1041.01,810.808,1429.58,675.781,1148.95,292.882
background02,1,paper001,15,paper,3,0,background02/paper001/frame_0154.jpeg,154,2100.0,2970.0,836.429,374.172,1046.91,807.443,1442.6,681.299,1171.87,295.65
background02,1,paper001,15,paper,3,0,background02/paper001/frame_0167.jpeg,167,2100.0,2970.0,897.153,308.844,1024.14,745.933,1461.25,671.837,1252.8,262.48
background02,1,paper001,15,paper,3,0,background02/paper001/frame_0172.jpeg,172,2100.0,2970.0,890.086,303.92,983.196,731.994,1424.44,675.149,1246.56,268.09
background02,1,paper001,15,paper,3,0,background02/paper001/frame_0198.jpeg,198,2100.0,2970.0,938.68,300.722,894.97,670.093,1325.96,691.572,1280.76,312.707
background02,1,paper001,15,paper,3,0,background02/paper001/frame_0201.jpeg,201,2100.0,2970.0,935.424,292.754,881.596,657.964,1308.21,686.196,1276.23,309.931
background02,1,paper001,15,paper,3,0,background02/paper001/frame_0206.jpeg,206,2100.0,2970.0,925.749,294.728,855.507,655.759,1273.79,692.678,1261.34,317.876
background02,1,paper001,15,paper,3,0,background02/paper001/frame_0212.jpeg,212,2100.0,2970.0,909.381,314.202,837.446,676.217,1245.13,713.639,1239.35,339.386
background02,1,paper001,15,paper,3,0,background02/paper001/frame_0220.jpeg,220,2100.0,2970.0,905.739,285.298,847.282,665.063,1251.7,693.712,1237.58,304.648
background02,1,paper001,15,paper,3,0,background02/paper001/frame_0222.jpeg,222,2100.0,2970.0,893.288,277.845,841.386,658.582,1245.75,682.604,1225.84,293.833
background02,1,paper001,15,paper,3,0,background02/paper001/frame_0227.jpeg,227,2100.0,2970.0,865.587,253.768,829.935,658.663,1237.01,671.451,1202.58,264.088
background02,1,paper001,15,paper,3,0,background02/paper001/frame_0233.jpeg,233,2100.0,2970.0,861.67,256.164,851.077,685.365,1267.41,686.554,1208.55,259.003
background02,1,paper001,15,paper,3,0,background02/paper001/frame_0251.jpeg,251,2100.0,2970.0,849.774,297.943,917.026,792.286,1348.61,744.282,1215.38,270.057
background02,1,paper001,15,paper,3,0,background02/paper001/frame_0256.jpeg,256,2100.0,2970.0,843.084,276.841,926.407,784.286,1359.75,727.137,1213.42,243.521
background02,1,paper001,15,paper,3,0,background02/paper001/frame_0259.jpeg,259,2100.0,2970.0,839.218,275.376,928.767,788.867,1363.13,726.502,1211.48,238.823
background02,1,paper002,16,paper,3,1,background02/paper002/frame_0027.jpeg,27,2100.0,2970.0,752.215,286.889,722.091,755.913,1154.09,769.895,1112.17,308.994
background02,1,paper002,16,paper,3,1,background02/paper002/frame_0031.jpeg,31,2100.0,2970.0,777.771,272.232,713.511,722.651,1137.63,764.866,1129.32,314.609
background02,1,paper002,16,paper,3,1,background02/paper002/frame_0035.jpeg,35,2100.0,2970.0,822.375,270.359,731.875,699.177,1147.26,763.956,1165.85,327.497
background02,1,paper002,16,paper,3,1,background02/paper002/frame_0038.jpeg,38,2100.0,2970.0,848.477,258.565,744.011,673.292,1154.19,753.023,1186.72,326.857
background02,1,paper002,16,paper,3,1,background02/paper002/frame_0043.jpeg,43,2100.0,2970.0,872.983,254.003,760.786,658.55,1167.11,747.687,1207.67,328.941
background02,1,paper002,16,paper,3,1,background02/paper002/frame_0044.jpeg,44,2100.0,2970.0,879.753,258.513,767.737,661.303,1173.23,749.41,1213.24,332.851
background02,1,paper002,16,paper,3,1,background02/paper002/frame_0052.jpeg,52,2100.0,2970.0,903.826,258.645,820.611,658.638,1226.51,722.716,1239.03,311.81
background02,1,paper002,16,paper,3,1,background02/paper002/frame_0070.jpeg,70,2100.0,2970.0,890.417,236.141,956.141,723.982,1391.8,692.467,1257.12,224.702
background02,1,paper002,16,paper,3,1,background02/paper002/frame_0107.jpeg,107,2100.0,2970.0,788.281,193.332,827.093,821.559,1309.82,783.887,1224.55,169.138
background02,1,paper002,16,paper,3,1,background02/paper002/frame_0131.jpeg,131,2100.0,2970.0,731.673,283.555,780.343,924.641,1274.13,872.438,1173.8,247.893
background02,1,paper002,16,paper,3,1,background02/paper002/frame_0132.jpeg,132,2100.0,2970.0,730.933,278.099,784.378,914.44,1275.63,858.715,1170.48,240.565
background02,1,paper002,16,paper,3,1,background02/paper002/frame_0144.jpeg,144,2100.0,2970.0,736.047,266.121,847.422,855.651,1307.75,764.579,1144.09,207.199
background02,1,paper002,16,paper,3,1,background02/paper002/frame_0148.jpeg,148,2100.0,2970.0,751.23,312.828,879.458,875.924,1326.42,777.426,1144.29,250.711
background02,1,paper002,16,paper,3,1,background02/paper002/frame_0151.jpeg,151,2100.0,2970.0,774.973,305.739,911.998,853.312,1351.91,753.223,1159.97,243.4
background02,1,paper002,16,paper,3,1,background02/paper002/frame_0153.jpeg,153,2100.0,2970.0,777.195,301.12,919.386,844.985,1355.74,743.754,1159.5,238.772
background02,1,paper002,16,paper,3,1,background02/paper002/frame_0159.jpeg,159,2100.0,2970.0,811.135,234.028,968.558,756.202,1398.96,658.53,1187.52,177.08
background02,1,paper002,16,paper,3,1,background02/paper002/frame_0161.jpeg,161,2100.0,2970.0,818.7,232.1,978.104,749.098,1405.33,654.285,1192.52,177.76
background02,1,paper002,16,paper,3,1,background02/paper002/frame_0165.jpeg,165,2100.0,2970.0,813.267,233.598,969.233,746.461,1392.2,657.05,1181.68,187.851
background02,1,paper002,16,paper,3,1,background02/paper002/frame_0168.jpeg,168,2100.0,2970.0,801.236,241.613,955.221,748.626,1377.89,664.433,1168.49,202.724
background02,1,paper003,17,paper,3,2,background02/paper003/frame_0014.jpeg,14,2100.0,2970.0,792.567,312.28,813.556,782.392,1228.56,755.69,1144.49,295.626
background02,1,paper003,17,paper,3,2,background02/paper003/frame_0015.jpeg,15,2100.0,2970.0,793.67,310.507,818.554,780.917,1233.05,753.279,1145.94,293.699
background02,1,paper003,17,paper,3,2,background02/paper003/frame_0021.jpeg,21,2100.0,2970.0,805.737,308.845,873.592,784.075,1283.84,733.725,1157.92,277.732
background02,1,paper003,17,paper,3,2,background02/paper003/frame_0024.jpeg,24,2100.0,2970.0,802.956,296.496,883.489,775.231,1292.58,717.931,1155.57,261.137
background02,1,paper003,17,paper,3,2,background02/paper003/frame_0045.jpeg,45,2100.0,2970.0,769.402,224.826,814.715,753.654,1213.13,754.883,1121.52,268.174
background02,1,paper003,17,paper,3,2,background02/paper003/frame_0046.jpeg,46,2100.0,2970.0,768.7,218.445,810.465,748.779,1208.95,750.516,1120.42,262.92
background02,1,paper003,17,paper,3,2,background02/paper003/frame_0050.jpeg,50,2100.0,2970.0,737.555,192.776,786.426,730.824,1185.47,730.009,1092.19,239.783
background02,1,paper003,17,paper,3,2,background02/paper003/frame_0061.jpeg,61,2100.0,2970.0,737.324,186.345,797.711,727.436,1196.04,724.811,1091.88,233.682
background02,1,paper003,17,paper,3,2,background02/paper003/frame_0074.jpeg,74,2100.0,2970.0,881.823,268.857,951.475,759.518,1366.56,726.814,1239.42,256.624
background02,1,paper003,17,paper,3,2,background02/paper003/frame_0075.jpeg,75,2100.0,2970.0,887.497,274.243,956.576,758.597,1372.38,725.232,1243.55,259.591
background02,1,paper003,17,paper,3,2,background02/paper003/frame_0091.jpeg,91,2100.0,2970.0,977.575,304.558,968.57,761.918,1401.79,748.486,1339.82,274.193
background02,1,paper003,17,paper,3,2,background02/paper003/frame_0092.jpeg,92,2100.0,2970.0,992.55,296.432,982.595,756.723,1418.92,742.994,1357.3,263.666
background02,1,paper003,17,paper,3,2,background02/paper003/frame_0095.jpeg,95,2100.0,2970.0,1027.69,282.274,1013.86,742.295,1454.9,729.283,1396.22,245.668
background02,1,paper003,17,paper,3,2,background02/paper003/frame_0097.jpeg,97,2100.0,2970.0,1046.98,273.254,1032.47,733.469,1475.04,720.396,1418.42,234.871
background02,1,paper003,17,paper,3,2,background02/paper003/frame_0098.jpeg,98,2100.0,2970.0,1061.01,271.97,1042.52,734.205,1485.73,720.421,1433.7,230.609
background02,1,paper003,17,paper,3,2,background02/paper003/frame_0108.jpeg,108,2100.0,2970.0,1071.84,264.79,1047.81,724.694,1495.34,703.67,1447.59,210.039
background02,1,paper003,17,paper,3,2,background02/paper003/frame_0113.jpeg,113,2100.0,2970.0,1063.6,256.097,1039.1,716.272,1486.34,692.103,1438.25,199.396
background02,1,paper003,17,paper,3,2,background02/paper003/frame_0115.jpeg,115,2100.0,2970.0,1062.21,259.557,1037.08,719.823,1484.9,694.684,1436.36,201.686
background02,1,paper003,17,paper,3,2,background02/paper003/frame_0123.jpeg,123,2100.0,2970.0,933.721,329.141,908.151,780.722,1340.07,754.32,1291.85,282.864
background02,1,paper003,17,paper,3,2,background02/paper003/frame_0136.jpeg,136,2100.0,2970.0,891.255,323.368,903.524,780.695,1333.47,746.72,1249.24,286.722
background02,1,paper003,17,paper,3,2,background02/paper003/frame_0153.jpeg,153,2100.0,2970.0,785.83,338.006,993.687,788.371,1389.43,618.939,1124.88,203.301
background02,1,paper003,17,paper,3,2,background02/paper003/frame_0157.jpeg,157,2100.0,2970.0,801.087,368.553,982.75,823.991,1386.03,682.373,1142.71,259.572
background02,1,paper003,17,paper,3,2,background02/paper003/frame_0160.jpeg,160,2100.0,2970.0,805.553,327.469,958.571,796.216,1376.78,678.476,1158.85,241.024
background02,1,paper003,17,paper,3,2,background02/paper003/frame_0163.jpeg,163,2100.0,2970.0,811.225,291.387,951.588,765.455,1377.11,662.494,1171.34,216.664
background02,1,paper003,17,paper,3,2,background02/paper003/frame_0168.jpeg,168,2100.0,2970.0,826.061,327.585,928.641,799.972,1365.16,722.987,1187.29,274.461
background02,1,paper003,17,paper,3,2,background02/paper003/frame_0191.jpeg,191,2100.0,2970.0,870.51,295.91,872.861,701.045,1344.87,694.488,1237.91,292.097
background02,1,paper003,17,paper,3,2,background02/paper003/frame_0192.jpeg,192,2100.0,2970.0,869.029,293.939,871.668,698.866,1344.79,691.891,1237.66,290.084
background02,1,paper003,17,paper,3,2,background02/paper003/frame_0199.jpeg,199,2100.0,2970.0,875.133,276.702,878.163,680.549,1348.84,670.46,1241.81,269.195
background02,1,paper003,17,paper,3,2,background02/paper003/frame_0203.jpeg,203,2100.0,2970.0,870.698,289.576,875.988,698.724,1329.61,686.75,1229.6,280.798
background02,1,paper004,18,paper,3,3,background02/paper004/frame_0013.jpeg,13,2100.0,2970.0,812.125,325.191,828.072,786.015,1229.24,769.799,1155.58,319.316
background02,1,paper004,18,paper,3,3,background02/paper004/frame_0020.jpeg,20,2100.0,2970.0,833.69,308.727,830.522,755.535,1228.85,755.594,1173.05,315.571
background02,1,paper004,18,paper,3,3,background02/paper004/frame_0023.jpeg,23,2100.0,2970.0,849.547,276.8,841.237,718.452,1238.99,725.564,1188.96,288.228
background02,1,paper004,18,paper,3,3,background02/paper004/frame_0038.jpeg,38,2100.0,2970.0,931.493,293.312,892.271,724.892,1291.15,763.407,1268.43,328.427
background02,1,paper004,18,paper,3,3,background02/paper004/frame_0061.jpeg,61,2100.0,2970.0,904.203,316.687,837.236,703.118,1241.36,738.702,1235.98,341.46
background02,1,paper004,18,paper,3,3,background02/paper004/frame_0065.jpeg,65,2100.0,2970.0,878.582,301.83,814.511,677.332,1220.54,707.67,1209.33,323.294
background02,1,paper004,18,paper,3,3,background02/paper004/frame_0098.jpeg,98,2100.0,2970.0,893.203,220.987,935.814,706.934,1350.07,682.233,1253.49,208.145
background02,1,paper004,18,paper,3,3,background02/paper004/frame_0108.jpeg,108,2100.0,2970.0,865.994,195.799,923.535,719.676,1352.65,684.276,1243.33,180.211
background02,1,paper004,18,paper,3,3,background02/paper004/frame_0131.jpeg,131,2100.0,2970.0,892.81,280.073,921.852,784.854,1350.38,767.754,1260.64,274.123
background02,1,paper004,18,paper,3,3,background02/paper004/frame_0136.jpeg,136,2100.0,2970.0,889.933,265.935,900.45,756.59,1330.64,750.392,1257.65,265.505
background02,1,paper004,18,paper,3,3,background02/paper004/frame_0153.jpeg,153,2100.0,2970.0,897.947,209.905,764.145,640.812,1171.84,729.549,1245.81,279.012
background02,1,paper004,18,paper,3,3,background02/paper004/frame_0156.jpeg,156,2100.0,2970.0,902.411,262.213,794.734,697.446,1203.72,759.163,1249.4,306.359
background02,1,paper004,18,paper,3,3,background02/paper004/frame_0157.jpeg,157,2100.0,2970.0,893.442,274.389,790.567,712.679,1201.72,766.576,1240.58,312.732
background02,1,paper004,18,paper,3,3,background02/paper004/frame_0159.jpeg,159,2100.0,2970.0,857.469,303.41,781.042,744.779,1195.67,777.188,1206.04,324.019
background02,1,paper004,18,paper,3,3,background02/paper004/frame_0161.jpeg,161,2100.0,2970.0,854.636,306.61,800.563,749.577,1216.56,764.307,1203.29,313.212
background02,1,paper004,18,paper,3,3,background02/paper004/frame_0165.jpeg,165,2100.0,2970.0,866.116,287.119,855.76,739.607,1277.16,723.863,1219.76,268.433
background02,1,paper005,19,paper,3,4,background02/paper005/frame_0002.jpeg,2,2100.0,2970.0,816.375,278.118,854.064,725.277,1272.83,693.122,1165.68,263.114
background02,1,paper005,19,paper,3,4,background02/paper005/frame_0009.jpeg,9,2100.0,2970.0,816.979,285.968,853.209,728.976,1270.07,698.919,1163.92,271.613
background02,1,paper005,19,paper,3,4,background02/paper005/frame_0030.jpeg,30,2100.0,2970.0,866.92,234.208,742.823,673.806,1169.84,748.156,1222.86,290.842
background02,1,paper005,19,paper,3,4,background02/paper005/frame_0038.jpeg,38,2100.0,2970.0,925.623,211.583,768.317,618.026,1171.41,717.51,1266.93,285.692
background02,1,paper005,19,paper,3,4,background02/paper005/frame_0055.jpeg,55,2100.0,2970.0,922.465,201.927,890.528,670.337,1305.53,686.817,1280.92,214.549
background02,1,paper005,19,paper,3,4,background02/paper005/frame_0064.jpeg,64,2100.0,2970.0,905.372,90.9544,896.316,597.804,1314.01,599.796,1278.22,95.9521
background02,1,paper005,19,paper,3,4,background02/paper005/frame_0065.jpeg,65,2100.0,2970.0,898.695,101.416,890.704,611.543,1307.53,613.528,1272.05,106.497
background02,1,paper005,19,paper,3,4,background02/paper005/frame_0069.jpeg,69,2100.0,2970.0,900.435,137.34,886.247,665.872,1311.79,670.922,1281.82,143.555
background02,1,paper005,19,paper,3,4,background02/paper005/frame_0095.jpeg,95,2100.0,2970.0,816.231,228.617,807.485,792.533,1251.61,786.637,1217.2,226.125
background02,1,paper005,19,paper,3,4,background02/paper005/frame_0117.jpeg,117,2100.0,2970.0,789.007,304.857,841.321,766.612,1261.34,721.419,1141.41,280.04
background02,1,paper005,19,paper,3,4,background02/paper005/frame_0122.jpeg,122,2100.0,2970.0,829.204,273.16,872.415,731.252,1301.57,696.857,1185.63,256.42
background02,1,paper005,19,paper,3,4,background02/paper005/frame_0128.jpeg,128,2100.0,2970.0,832.667,289.169,865.443,747.768,1301.2,724.805,1190.58,281.749
background02,1,paper005,19,paper,3,4,background02/paper005/frame_0137.jpeg,137,2100.0,2970.0,910.647,240.843,883.59,695.421,1331.84,712.344,1277.79,256.242
background02,1,paper005,19,paper,3,4,background02/paper005/frame_0142.jpeg,142,2100.0,2970.0,890.23,234.507,818.327,676.775,1258.65,723.213,1251.13,271.861
background02,1,paper005,19,paper,3,4,background02/paper005/frame_0144.jpeg,144,2100.0,2970.0,903.63,230.006,815.437,663.318,1252.39,722.564,1261.82,276.728
background02,1,paper005,19,paper,3,4,background02/paper005/frame_0154.jpeg,154,2100.0,2970.0,989.962,182.416,828.73,578.634,1247.28,703.144,1336.9,277.43
background02,1,paper005,19,paper,3,4,background02/paper005/frame_0156.jpeg,156,2100.0,2970.0,1003.18,181.229,841.155,578.019,1259.24,703.49,1350.02,278.034
background02,1,paper005,19,paper,3,4,background02/paper005/frame_0165.jpeg,165,2100.0,2970.0,921.999,228.226,860.008,658.993,1294.88,686.332,1280.54,246.951
background02,1,paper005,19,paper,3,4,background02/paper005/frame_0170.jpeg,170,2100.0,2970.0,890.412,236.254,874.962,685.893,1315.12,674.481,1252.2,225.01
background02,1,paper005,19,paper,3,4,background02/paper005/frame_0176.jpeg,176,2100.0,2970.0,876.261,268.447,914.298,728.325,1356.46,682.289,1238.74,233.13
background02,1,paper005,19,paper,3,4,background02/paper005/frame_0180.jpeg,180,2100.0,2970.0,914.279,283.192,977.759,748.078,1420.58,695.165,1278.85,242.915
background02,1,paper005,19,paper,3,4,background02/paper005/frame_0183.jpeg,183,2100.0,2970.0,966.904,268.459,1031.57,737.383,1476.45,692.165,1334.0,233.384
background02,1,paper005,19,paper,3,4,background02/paper005/frame_0197.jpeg,197,2100.0,2970.0,1153.42,252.679,1177.49,740.317,1643.1,749.747,1536.56,257.242
background02,1,patent001,20,patent,4,0,background02/patent001/frame_0048.jpeg,48,2100.0,2970.0,937.328,294.767,1061.48,742.863,1450.83,667.332,1272.08,243.817
background02,1,patent001,20,patent,4,0,background02/patent001/frame_0054.jpeg,54,2100.0,2970.0,942.92,289.15,1029.3,758.206,1435.09,705.007,1289.76,255.006
background02,1,patent001,20,patent,4,0,background02/patent001/frame_0066.jpeg,66,2100.0,2970.0,867.177,235.191,807.446,695.597,1232.42,731.988,1226.76,267.245
background02,1,patent001,20,patent,4,0,background02/patent001/frame_0074.jpeg,74,2100.0,2970.0,926.479,243.175,847.554,681.349,1256.86,726.318,1274.52,275.038
background02,1,patent001,20,patent,4,0,background02/patent001/frame_0098.jpeg,98,2100.0,2970.0,858.205,201.347,866.833,733.152,1299.83,718.109,1242.4,191.754
background02,1,patent001,20,patent,4,0,background02/patent001/frame_0100.jpeg,100,2100.0,2970.0,860.335,199.359,875.517,738.56,1309.63,721.647,1247.32,188.91
background02,1,patent001,20,patent,4,0,background02/patent001/frame_0105.jpeg,105,2100.0,2970.0,852.478,216.684,870.386,773.565,1308.3,751.753,1244.11,205.564
background02,1,patent001,20,patent,4,0,background02/patent001/frame_0115.jpeg,115,2100.0,2970.0,858.74,328.258,890.762,880.598,1334.2,847.011,1246.14,308.568
background02,1,patent001,20,patent,4,0,background02/patent001/frame_0121.jpeg,121,2100.0,2970.0,839.198,274.414,885.679,810.611,1326.89,770.598,1225.09,249.307
background02,1,patent001,20,patent,4,0,background02/patent001/frame_0122.jpeg,122,2100.0,2970.0,843.791,261.955,888.894,795.062,1330.06,755.197,1229.13,236.911
background02,1,patent001,20,patent,4,0,background02/patent001/frame_0126.jpeg,126,2100.0,2970.0,853.514,236.127,889.107,753.437,1324.19,720.535,1231.78,215.271
background02,1,patent001,20,patent,4,0,background02/patent001/frame_0127.jpeg,127,2100.0,2970.0,854.351,239.971,887.17,754.166,1320.89,722.582,1230.27,220.419
background02,1,patent001,20,patent,4,0,background02/patent001/frame_0128.jpeg,128,2100.0,2970.0,848.353,253.546,876.63,758.61,1306.77,729.979,1220.08,236.633
background02,1,patent001,20,patent,4,0,background02/patent001/frame_0134.jpeg,134,2100.0,2970.0,864.939,269.765,878.843,736.765,1295.03,719.893,1219.37,261.166
background02,1,patent001,20,patent,4,0,background02/patent001/frame_0135.jpeg,135,2100.0,2970.0,861.728,268.996,875.276,731.59,1289.91,716.932,1215.47,262.313
background02,1,patent001,20,patent,4,0,background02/patent001/frame_0141.jpeg,141,2100.0,2970.0,869.49,236.454,877.655,678.63,1284.98,671.33,1215.32,236.307
background02,1,patent001,20,patent,4,0,background02/patent001/frame_0147.jpeg,147,2100.0,2970.0,903.661,222.837,932.867,660.645,1338.9,642.515,1247.99,213.96
background02,1,patent001,20,patent,4,0,background02/patent001/frame_0150.jpeg,150,2100.0,2970.0,900.999,239.45,947.179,681.25,1351.18,647.476,1244.31,219.08
background02,1,patent001,20,patent,4,0,background02/patent001/frame_0155.jpeg,155,2100.0,2970.0,867.521,282.466,966.869,725.996,1360.21,660.984,1205.11,240.905
background02,1,patent001,20,patent,4,0,background02/patent001/frame_0161.jpeg,161,2100.0,2970.0,893.244,313.967,1026.41,759.993,1411.35,673.608,1225.15,255.975
background02,1,patent002,21,patent,4,1,background02/patent002/frame_0007.jpeg,7,2100.0,2970.0,826.289,344.407,860.309,801.415,1277.59,768.687,1173.49,326.101
background02,1,patent002,21,patent,4,1,background02/patent002/frame_0021.jpeg,21,2100.0,2970.0,887.66,324.001,881.537,771.173,1294.95,778.486,1230.99,336.68
background02,1,patent002,21,patent,4,1,background02/patent002/frame_0028.jpeg,28,2100.0,2970.0,916.062,315.894,892.432,759.644,1304.02,787.603,1257.92,345.157
background02,1,patent002,21,patent,4,1,background02/patent002/frame_0038.jpeg,38,2100.0,2970.0,892.825,302.683,919.484,754.21,1331.27,736.281,1237.25,298.241
background02,1,patent002,21,patent,4,1,background02/patent002/frame_0039.jpeg,39,2100.0,2970.0,880.348,302.143,924.859,753.048,1335.47,722.576,1225.41,287.518
background02,1,patent002,21,patent,4,1,background02/patent002/frame_0052.jpeg,52,2100.0,2970.0,935.506,307.544,1044.66,744.851,1445.58,675.404,1271.73,261.84
background02,1,patent002,21,patent,4,1,background02/patent002/frame_0058.jpeg,58,2100.0,2970.0,905.544,281.634,1018.96,710.676,1417.6,641.791,1241.38,236.904
background02,1,patent002,21,patent,4,1,background02/patent002/frame_0068.jpeg,68,2100.0,2970.0,902.921,250.335,965.785,663.025,1371.95,625.658,1240.31,228.579
background02,1,patent002,21,patent,4,1,background02/patent002/frame_0085.jpeg,85,2100.0,2970.0,854.887,225.302,852.881,620.773,1267.12,614.28,1194.52,224.744
background02,1,patent002,21,patent,4,1,background02/patent002/frame_0086.jpeg,86,2100.0,2970.0,845.026,229.34,848.681,627.732,1261.86,617.576,1184.32,226.608
background02,1,patent002,21,patent,4,1,background02/patent002/frame_0093.jpeg,93,2100.0,2970.0,893.806,219.751,940.812,636.076,1349.3,610.63,1234.46,206.508
background02,1,patent002,21,patent,4,1,background02/patent002/frame_0117.jpeg,117,2100.0,2970.0,936.465,202.17,1045.54,702.142,1437.63,633.087,1289.19,156.453
background02,1,patent002,21,patent,4,1,background02/patent002/frame_0119.jpeg,119,2100.0,2970.0,925.765,213.312,1037.36,713.051,1428.1,644.219,1277.14,168.823
background02,1,patent002,21,patent,4,1,background02/patent002/frame_0144.jpeg,144,2100.0,2970.0,817.677,377.801,882.8,814.406,1272.81,767.607,1147.0,352.444
background02,1,patent002,21,patent,4,1,background02/patent002/frame_0165.jpeg,165,2100.0,2970.0,808.678,301.898,839.427,686.44,1224.56,659.986,1127.99,289.419
background02,1,patent003,22,patent,4,2,background02/patent003/frame_0025.jpeg,25,2100.0,2970.0,735.52,292.659,815.427,779.629,1215.19,729.133,1089.52,270.231
background02,1,patent003,22,patent,4,2,background02/patent003/frame_0028.jpeg,28,2100.0,2970.0,744.419,287.731,827.208,778.459,1225.36,730.409,1098.08,268.756
background02,1,patent003,22,patent,4,2,background02/patent003/frame_0033.jpeg,33,2100.0,2970.0,764.183,272.785,855.313,772.379,1248.94,725.891,1117.44,258.55
background02,1,patent003,22,patent,4,2,background02/patent003/frame_0037.jpeg,37,2100.0,2970.0,758.808,273.843,856.116,782.978,1245.77,736.48,1111.13,264.822
background02,1,patent003,22,patent,4,2,background02/patent003/frame_0041.jpeg,41,2100.0,2970.0,751.841,267.253,848.489,787.677,1235.94,743.464,1104.7,265.803
background02,1,patent003,22,patent,4,2,background02/patent003/frame_0053.jpeg,53,2100.0,2970.0,778.376,253.742,857.046,807.235,1239.32,784.104,1128.86,283.282
background02,1,patent003,22,patent,4,2,background02/patent003/frame_0071.jpeg,71,2100.0,2970.0,835.924,254.036,882.309,823.978,1267.35,827.681,1183.74,311.144
background02,1,patent003,22,patent,4,2,background02/patent003/frame_0076.jpeg,76,2100.0,2970.0,836.587,223.124,881.854,779.653,1265.57,789.147,1183.37,281.786
background02,1,patent003,22,patent,4,2,background02/patent003/frame_0088.jpeg,88,2100.0,2970.0,901.232,188.87,869.608,664.083,1236.29,751.776,1216.96,299.98
background02,1,patent003,22,patent,4,2,background02/patent003/frame_0092.jpeg,92,2100.0,2970.0,898.637,186.793,855.108,636.18,1209.85,736.77,1203.0,305.654
background02,1,patent003,22,patent,4,2,background02/patent003/frame_0093.jpeg,93,2100.0,2970.0,901.916,193.668,856.509,635.856,1209.2,740.759,1203.38,314.42
background02,1,patent003,22,patent,4,2,background02/patent003/frame_0098.jpeg,98,2100.0,2970.0,929.813,224.467,869.789,638.761,1211.42,757.273,1218.45,351.087
background02,1,patent003,22,patent,4,2,background02/patent003/frame_0145.jpeg,145,2100.0,2970.0,787.651,456.046,971.689,789.664,1312.21,608.465,1070.34,309.586
background02,1,patent003,22,patent,4,2,background02/patent003/frame_0148.jpeg,148,2100.0,2970.0,768.992,380.222,946.986,733.953,1303.18,563.487,1067.52,240.199
background02,1,patent003,22,patent,4,2,background02/patent003/frame_0156.jpeg,156,2100.0,2970.0,769.852,360.692,917.759,764.163,1302.35,629.859,1093.49,252.654
background02,1,patent003,22,patent,4,2,background02/patent003/frame_0169.jpeg,169,2100.0,2970.0,835.279,396.33,940.058,853.537,1351.25,773.163,1181.93,337.194
background02,1,patent003,22,patent,4,2,background02/patent003/frame_0170.jpeg,170,2100.0,2970.0,833.379,387.955,936.712,851.214,1345.86,771.234,1179.84,329.736
background02,1,patent003,22,patent,4,2,background02/patent003/frame_0182.jpeg,182,2100.0,2970.0,851.152,269.541,951.337,738.383,1352.1,667.83,1201.92,215.821
background02,1,patent004,23,patent,4,3,background02/patent004/frame_0010.jpeg,10,2100.0,2970.0,835.034,269.427,636.724,692.594,1057.2,804.789,1191.77,340.441
background02,1,patent004,23,patent,4,3,background02/patent004/frame_0014.jpeg,14,2100.0,2970.0,836.184,265.451,636.948,687.625,1058.31,799.454,1193.05,337.105
background02,1,patent004,23,patent,4,3,background02/patent004/frame_0016.jpeg,16,2100.0,2970.0,840.993,264.145,642.954,683.83,1062.36,795.517,1196.51,335.898
background02,1,patent004,23,patent,4,3,background02/patent004/frame_0019.jpeg,19,2100.0,2970.0,838.372,258.245,641.402,678.707,1061.8,790.27,1194.48,329.958
background02,1,patent004,23,patent,4,3,background02/patent004/frame_0020.jpeg,20,2100.0,2970.0,837.711,258.144,641.865,677.513,1062.44,788.183,1193.8,329.852
background02,1,patent004,23,patent,4,3,background02/patent004/frame_0027.jpeg,27,2100.0,2970.0,881.228,254.056,704.966,670.773,1126.93,776.69,1238.18,322.611
background02,1,patent004,23,patent,4,3,background02/patent004/frame_0029.jpeg,29,2100.0,2970.0,893.95,241.098,726.147,657.841,1148.37,761.177,1251.11,308.854
background02,1,patent004,23,patent,4,3,background02/patent004/frame_0030.jpeg,30,2100.0,2970.0,898.973,238.448,731.858,653.466,1154.09,755.732,1256.09,305.057
background02,1,patent004,23,patent,4,3,background02/patent004/frame_0035.jpeg,35,2100.0,2970.0,910.098,234.867,764.708,652.578,1188.02,741.674,1266.23,293.461
background02,1,patent004,23,patent,4,3,background02/patent004/frame_0041.jpeg,41,2100.0,2970.0,901.559,255.441,779.209,671.314,1200.81,743.946,1253.49,303.182
background02,1,patent004,23,patent,4,3,background02/patent004/frame_0051.jpeg,51,2100.0,2970.0,884.253,212.595,800.086,625.11,1224.49,676.846,1236.23,248.05
background02,1,patent004,23,patent,4,3,background02/patent004/frame_0075.jpeg,75,2100.0,2970.0,809.603,255.699,873.447,739.153,1318.91,689.979,1181.76,224.407
background02,1,patent004,23,patent,4,3,background02/patent004/frame_0078.jpeg,78,2100.0,2970.0,767.754,275.766,868.366,767.574,1307.73,691.496,1139.23,228.609
background02,1,patent004,23,patent,4,3,background02/patent004/frame_0133.jpeg,133,2100.0,2970.0,697.483,274.82,771.802,720.549,1191.43,654.726,1050.88,233.718
background02,1,patent004,23,patent,4,3,background02/patent004/frame_0142.jpeg,142,2100.0,2970.0,785.752,270.177,823.137,709.742,1247.76,680.435,1139.15,251.895
background02,1,patent004,23,patent,4,3,background02/patent004/frame_0143.jpeg,143,2100.0,2970.0,805.575,266.079,836.018,701.546,1260.21,678.692,1159.3,252.47
background02,1,patent004,23,patent,4,3,background02/patent004/frame_0166.jpeg,166,2100.0,2970.0,857.635,219.522,898.978,684.095,1314.09,654.639,1214.12,198.92
background02,1,patent004,23,patent,4,3,background02/patent004/frame_0187.jpeg,187,2100.0,2970.0,767.283,288.518,741.771,769.512,1182.98,775.893,1138.52,295.229
background02,1,patent004,23,patent,4,3,background02/patent004/frame_0193.jpeg,193,2100.0,2970.0,792.648,188.219,705.549,648.77,1135.1,692.08,1157.56,221.077
background02,1,patent005,24,patent,4,4,background02/patent005/frame_0001.jpeg,1,2100.0,2970.0,813.988,284.948,855.285,788.419,1301.88,757.737,1188.15,270.741
background02,1,patent005,24,patent,4,4,background02/patent005/frame_0016.jpeg,16,2100.0,2970.0,855.067,249.254,748.548,693.792,1176.77,766.315,1210.41,308.091
background02,1,patent005,24,patent,4,4,background02/patent005/frame_0018.jpeg,18,2100.0,2970.0,855.524,275.837,748.539,710.641,1171.66,782.454,1204.88,332.757
background02,1,patent005,24,patent,4,4,background02/patent005/frame_0022.jpeg,22,2100.0,2970.0,878.627,320.283,777.617,739.515,1193.83,801.989,1220.93,366.021
background02,1,patent005,24,patent,4,4,background02/patent005/frame_0026.jpeg,26,2100.0,2970.0,869.378,307.589,780.325,717.555,1194.17,767.369,1208.83,343.521
background02,1,patent005,24,patent,4,4,background02/patent005/frame_0028.jpeg,28,2100.0,2970.0,854.256,306.289,775.314,715.202,1190.28,755.36,1193.31,336.159
background02,1,patent005,24,patent,4,4,background02/patent005/frame_0064.jpeg,64,2100.0,2970.0,758.854,269.825,839.525,711.533,1316.81,709.867,1133.66,298.16
background02,1,patent005,24,patent,4,4,background02/patent005/frame_0066.jpeg,66,2100.0,2970.0,764.643,265.371,847.416,706.785,1326.11,706.489,1140.08,295.494
background02,1,patent005,24,patent,4,4,background02/patent005/frame_0102.jpeg,102,2100.0,2970.0,906.02,176.992,998.058,661.044,1494.89,726.677,1291.45,266.68
background02,1,patent005,24,patent,4,4,background02/patent005/frame_0115.jpeg,115,2100.0,2970.0,834.165,228.271,826.978,680.83,1355.49,695.82,1235.22,251.188
background02,1,patent005,24,patent,4,4,background02/patent005/frame_0120.jpeg,120,2100.0,2970.0,833.043,250.27,780.176,690.97,1315.66,708.974,1236.88,262.097
background02,1,patent005,24,patent,4,4,background02/patent005/frame_0155.jpeg,155,2100.0,2970.0,1083.06,238.299,832.801,530.446,1202.49,722.286,1396.77,377.991
background02,1,patent005,24,patent,4,4,background02/patent005/frame_0172.jpeg,172,2100.0,2970.0,914.007,197.196,679.144,556.365,1043.55,765.161,1212.22,373.288
background02,1,patent005,24,patent,4,4,background02/patent005/frame_0196.jpeg,196,2100.0,2970.0,888.257,341.286,805.325,785.839,1212.49,878.083,1219.11,431.533
background02,1,tax001,25,tax,5,0,background02/tax001/frame_0006.jpeg,6,2100.0,2970.0,795.661,357.35,831.351,781.339,1230.13,754.944,1130.16,347.62
background02,1,tax001,25,tax,5,0,background02/tax001/frame_0011.jpeg,11,2100.0,2970.0,826.8,354.764,872.552,778.08,1268.38,749.518,1158.83,343.791
background02,1,tax001,25,tax,5,0,background02/tax001/frame_0013.jpeg,13,2100.0,2970.0,841.818,357.173,894.628,779.519,1290.08,749.807,1173.46,345.03
background02,1,tax001,25,tax,5,0,background02/tax001/frame_0015.jpeg,15,2100.0,2970.0,850.126,356.545,906.263,781.376,1302.44,749.905,1183.37,343.498
background02,1,tax001,25,tax,5,0,background02/tax001/frame_0021.jpeg,21,2100.0,2970.0,863.428,312.808,938.579,735.713,1330.13,701.124,1196.44,299.408
background02,1,tax001,25,tax,5,0,background02/tax001/frame_0028.jpeg,28,2100.0,2970.0,924.046,251.539,998.159,677.94,1387.95,647.975,1258.66,238.498
background02,1,tax001,25,tax,5,0,background02/tax001/frame_0033.jpeg,33,2100.0,2970.0,902.028,243.596,964.94,665.743,1346.79,639.945,1231.96,234.327
background02,1,tax001,25,tax,5,0,background02/tax001/frame_0037.jpeg,37,2100.0,2970.0,911.004,220.1,967.417,636.677,1345.12,612.825,1239.2,210.472
background02,1,tax001,25,tax,5,0,background02/tax001/frame_0051.jpeg,51,2100.0,2970.0,870.781,331.025,876.238,703.45,1223.9,698.408,1171.19,331.535
background02,1,tax001,25,tax,5,0,background02/tax001/frame_0057.jpeg,57,2100.0,2970.0,775.172,326.103,763.291,684.063,1104.8,680.626,1068.55,329.943
background02,1,tax001,25,tax,5,0,background02/tax001/frame_0065.jpeg,65,2100.0,2970.0,608.891,356.416,626.687,722.271,980.414,691.21,911.957,344.698
background02,1,tax001,25,tax,5,0,background02/tax001/frame_0081.jpeg,81,2100.0,2970.0,763.413,276.369,911.136,657.692,1269.13,566.612,1077.21,216.606
background02,1,tax001,25,tax,5,0,background02/tax001/frame_0086.jpeg,86,2100.0,2970.0,824.794,252.208,964.124,663.18,1345.69,584.165,1154.24,203.679
background02,1,tax001,25,tax,5,0,background02/tax001/frame_0090.jpeg,90,2100.0,2970.0,803.617,242.839,938.154,679.911,1340.53,602.163,1149.32,199.63
background02,1,tax001,25,tax,5,0,background02/tax001/frame_0097.jpeg,97,2100.0,2970.0,842.007,210.451,986.112,686.258,1418.36,611.717,1210.33,172.744
background02,1,tax001,25,tax,5,0,background02/tax001/frame_0099.jpeg,99,2100.0,2970.0,849.065,195.249,995.881,679.779,1434.36,605.857,1222.35,158.934
background02,1,tax001,25,tax,5,0,background02/tax001/frame_0108.jpeg,108,2100.0,2970.0,864.829,199.813,961.964,729.998,1450.17,691.956,1268.75,195.247
background02,1,tax001,25,tax,5,0,background02/tax001/frame_0112.jpeg,112,2100.0,2970.0,845.817,189.899,912.704,723.033,1411.8,702.739,1255.54,198.154
background02,1,tax002,26,tax,5,1,background02/tax002/frame_0013.jpeg,13,2100.0,2970.0,812.114,387.756,843.05,796.576,1247.1,775.562,1139.21,383.283
background02,1,tax002,26,tax,5,1,background02/tax002/frame_0024.jpeg,24,2100.0,2970.0,821.111,352.482,837.617,754.202,1253.04,744.942,1154.83,355.597
background02,1,tax002,26,tax,5,1,background02/tax002/frame_0029.jpeg,29,2100.0,2970.0,824.974,341.389,842.641,743.938,1262.92,734.893,1160.73,345.197
background02,1,tax002,26,tax,5,1,background02/tax002/frame_0042.jpeg,42,2100.0,2970.0,855.816,372.573,871.507,767.75,1296.06,773.928,1190.82,390.144
background02,1,tax002,26,tax,5,1,background02/tax002/frame_0043.jpeg,43,2100.0,2970.0,851.782,363.902,870.276,759.86,1295.52,766.108,1188.44,381.373
background02,1,tax002,26,tax,5,1,background02/tax002/frame_0051.jpeg,51,2100.0,2970.0,843.823,353.238,890.641,745.868,1315.25,741.345,1178.71,365.694
background02,1,tax002,26,tax,5,1,background02/tax002/frame_0058.jpeg,58,2100.0,2970.0,883.246,370.564,951.318,747.856,1383.33,739.618,1220.2,379.05
background02,1,tax002,26,tax,5,1,background02/tax002/frame_0089.jpeg,89,2100.0,2970.0,944.0,336.736,888.656,689.781,1335.51,757.484,1288.04,389.408
background02,1,tax002,26,tax,5,1,background02/tax002/frame_0113.jpeg,113,2100.0,2970.0,1014.34,242.995,913.043,577.291,1313.88,657.985,1338.6,301.719
background02,1,tax002,26,tax,5,1,background02/tax002/frame_0118.jpeg,118,2100.0,2970.0,973.932,238.183,887.445,591.141,1279.84,658.497,1295.31,289.755
background02,1,tax002,26,tax,5,1,background02/tax002/frame_0124.jpeg,124,2100.0,2970.0,920.056,144.499,868.228,528.033,1260.27,562.848,1249.7,175.172
background02,1,tax002,26,tax,5,1,background02/tax002/frame_0136.jpeg,136,2100.0,2970.0,926.108,181.516,957.952,621.671,1360.97,599.181,1270.6,166.168
background02,1,tax002,26,tax,5,1,background02/tax002/frame_0138.jpeg,138,2100.0,2970.0,916.946,195.93,962.17,637.912,1365.22,606.55,1261.42,174.706
background02,1,tax002,26,tax,5,1,background02/tax002/frame_0148.jpeg,148,2100.0,2970.0,881.555,273.55,983.411,716.032,1380.63,639.746,1218.63,219.512
background02,1,tax002,26,tax,5,1,background02/tax002/frame_0152.jpeg,152,2100.0,2970.0,848.601,304.937,971.328,744.121,1366.2,653.746,1184.02,242.644
background02,1,tax002,26,tax,5,1,background02/tax002/frame_0162.jpeg,162,2100.0,2970.0,787.162,329.221,923.655,771.866,1320.98,672.182,1124.44,265.737
background02,1,tax002,26,tax,5,1,background02/tax002/frame_0169.jpeg,169,2100.0,2970.0,720.427,328.698,850.602,782.157,1257.55,702.561,1066.53,290.418
background02,1,tax002,26,tax,5,1,background02/tax002/frame_0181.jpeg,181,2100.0,2970.0,866.441,323.457,957.261,778.543,1381.07,744.497,1214.72,317.774
background02,1,tax002,26,tax,5,1,background02/tax002/frame_0192.jpeg,192,2100.0,2970.0,892.94,300.261,928.693,732.815,1370.16,716.558,1246.74,297.095
background02,1,tax003,27,tax,5,2,background02/tax003/frame_0009.jpeg,9,2100.0,2970.0,767.872,387.756,813.946,813.298,1224.56,771.923,1104.73,365.509
background02,1,tax003,27,tax,5,2,background02/tax003/frame_0010.jpeg,10,2100.0,2970.0,775.013,370.08,808.967,788.847,1219.75,755.655,1111.53,352.491
background02,1,tax003,27,tax,5,2,background02/tax003/frame_0021.jpeg,21,2100.0,2970.0,828.22,323.466,819.254,705.28,1212.97,701.278,1151.49,323.292
background02,1,tax003,27,tax,5,2,background02/tax003/frame_0026.jpeg,26,2100.0,2970.0,856.862,254.763,864.608,637.273,1252.2,621.956,1180.71,243.47
background02,1,tax003,27,tax,5,2,background02/tax003/frame_0038.jpeg,38,2100.0,2970.0,821.873,273.99,903.934,698.886,1293.86,638.606,1154.08,233.726
background02,1,tax003,27,tax,5,2,background02/tax003/frame_0044.jpeg,44,2100.0,2970.0,848.759,266.623,995.241,700.378,1375.52,601.501,1179.09,195.056
background02,1,tax003,27,tax,5,2,background02/tax003/frame_0068.jpeg,68,2100.0,2970.0,871.071,307.979,1069.73,752.626,1447.47,627.96,1202.23,220.818
background02,1,tax003,27,tax,5,2,background02/tax003/frame_0071.jpeg,71,2100.0,2970.0,864.176,286.225,1044.4,732.683,1431.25,619.792,1200.07,208.261
background02,1,tax003,27,tax,5,2,background02/tax003/frame_0104.jpeg,104,2100.0,2970.0,923.438,253.844,831.715,617.856,1223.13,689.842,1246.37,308.83
background02,1,tax003,27,tax,5,2,background02/tax003/frame_0109.jpeg,109,2100.0,2970.0,878.159,244.669,782.179,612.949,1174.47,686.968,1200.4,306.288
background02,1,tax003,27,tax,5,2,background02/tax003/frame_0124.jpeg,124,2100.0,2970.0,803.097,310.075,900.2,717.762,1294.11,641.257,1132.46,257.672
background02,1,tax003,27,tax,5,2,background02/tax003/frame_0150.jpeg,150,2100.0,2970.0,874.309,260.423,1032.75,715.879,1406.59,619.39,1206.59,194.976
background02,1,tax003,27,tax,5,2,background02/tax003/frame_0152.jpeg,152,2100.0,2970.0,863.856,266.656,1016.98,724.419,1393.94,630.386,1196.88,203.221
background02,1,tax003,27,tax,5,2,background02/tax003/frame_0168.jpeg,168,2100.0,2970.0,774.798,271.676,823.862,754.418,1242.88,714.052,1134.08,248.841
background02,1,tax004,28,tax,5,3,background02/tax004/frame_0001.jpeg,1,2100.0,2970.0,765.896,373.307,820.011,827.31,1234.12,785.195,1111.79,351.733
background02,1,tax004,28,tax,5,3,background02/tax004/frame_0004.jpeg,4,2100.0,2970.0,760.112,373.699,806.303,826.113,1219.45,787.53,1104.53,354.777
background02,1,tax004,28,tax,5,3,background02/tax004/frame_0009.jpeg,9,2100.0,2970.0,773.661,365.509,790.387,816.599,1208.96,797.719,1119.55,359.119
background02,1,tax004,28,tax,5,3,background02/tax004/frame_0018.jpeg,18,2100.0,2970.0,784.553,312.926,694.816,727.8,1107.7,781.371,1124.14,356.333
background02,1,tax004,28,tax,5,3,background02/tax004/frame_0021.jpeg,21,2100.0,2970.0,806.357,296.539,687.727,696.543,1089.61,770.449,1139.29,353.938
background02,1,tax004,28,tax,5,3,background02/tax004/frame_0030.jpeg,30,2100.0,2970.0,820.767,290.204,720.625,686.573,1119.71,738.556,1152.72,328.86
background02,1,tax004,28,tax,5,3,background02/tax004/frame_0037.jpeg,37,2100.0,2970.0,841.907,235.169,801.898,657.545,1206.54,667.761,1184.36,237.783
background02,1,tax004,28,tax,5,3,background02/tax004/frame_0045.jpeg,45,2100.0,2970.0,877.201,230.264,884.136,680.083,1293.38,669.631,1228.51,218.968
background02,1,tax004,28,tax,5,3,background02/tax004/frame_0047.jpeg,47,2100.0,2970.0,889.231,188.854,906.131,645.25,1313.94,631.065,1243.47,175.568
background02,1,tax004,28,tax,5,3,background02/tax004/frame_0056.jpeg,56,2100.0,2970.0,891.763,146.124,945.334,634.397,1346.49,599.047,1250.26,119.376
background02,1,tax004,28,tax,5,3,background02/tax004/frame_0060.jpeg,60,2100.0,2970.0,888.78,191.428,952.621,682.037,1353.66,640.858,1246.35,161.923
background02,1,tax004,28,tax,5,3,background02/tax004/frame_0062.jpeg,62,2100.0,2970.0,882.721,207.546,952.141,703.758,1353.07,659.028,1240.05,175.252
background02,1,tax004,28,tax,5,3,background02/tax004/frame_0069.jpeg,69,2100.0,2970.0,886.517,264.673,960.539,778.161,1382.21,730.905,1255.18,233.16
background02,1,tax004,28,tax,5,3,background02/tax004/frame_0070.jpeg,70,2100.0,2970.0,887.977,256.718,961.408,775.256,1385.74,729.12,1259.13,225.625
background02,1,tax004,28,tax,5,3,background02/tax004/frame_0082.jpeg,82,2100.0,2970.0,845.638,308.468,838.044,839.367,1303.74,839.139,1235.34,312.983
background02,1,tax004,28,tax,5,3,background02/tax004/frame_0091.jpeg,91,2100.0,2970.0,811.877,225.418,708.677,719.427,1163.95,779.127,1194.0,270.746
background02,1,tax004,28,tax,5,3,background02/tax004/frame_0103.jpeg,103,2100.0,2970.0,810.013,375.533,704.297,809.41,1124.87,863.295,1155.61,412.472
background02,1,tax004,28,tax,5,3,background02/tax004/frame_0116.jpeg,116,2100.0,2970.0,866.168,317.6,807.948,730.021,1215.2,762.456,1202.83,341.66
background02,1,tax004,28,tax,5,3,background02/tax004/frame_0141.jpeg,141,2100.0,2970.0,866.885,267.207,976.597,743.671,1395.6,682.819,1224.01,231.444
background02,1,tax004,28,tax,5,3,background02/tax004/frame_0163.jpeg,163,2100.0,2970.0,767.749,330.112,1061.94,779.477,1421.61,597.852,1099.51,206.627
background02,1,tax004,28,tax,5,3,background02/tax004/frame_0193.jpeg,193,2100.0,2970.0,772.602,297.957,1022.15,752.709,1425.78,605.238,1122.42,206.26
background02,1,tax004,28,tax,5,3,background02/tax004/frame_0197.jpeg,197,2100.0,2970.0,755.991,300.124,971.633,766.425,1398.38,635.409,1118.74,222.088
background02,1,tax005,29,tax,5,4,background02/tax005/frame_0003.jpeg,3,2100.0,2970.0,760.899,423.136,910.434,876.443,1304.49,776.341,1099.59,363.868
background02,1,tax005,29,tax,5,4,background02/tax005/frame_0010.jpeg,10,2100.0,2970.0,769.046,414.952,885.837,858.391,1284.28,776.023,1107.31,366.539
background02,1,tax005,29,tax,5,4,background02/tax005/frame_0015.jpeg,15,2100.0,2970.0,745.523,407.887,826.738,837.462,1228.35,773.96,1082.44,371.481
background02,1,tax005,29,tax,5,4,background02/tax005/frame_0016.jpeg,16,2100.0,2970.0,744.817,404.509,815.462,827.352,1216.56,769.095,1079.77,371.788
background02,1,tax005,29,tax,5,4,background02/tax005/frame_0021.jpeg,21,2100.0,2970.0,729.717,381.9,771.387,787.394,1169.93,745.612,1060.64,359.981
background02,1,tax005,29,tax,5,4,background02/tax005/frame_0033.jpeg,33,2100.0,2970.0,803.954,385.289,822.075,759.878,1213.77,741.746,1125.84,378.122
background02,1,tax005,29,tax,5,4,background02/tax005/frame_0051.jpeg,51,2100.0,2970.0,814.413,309.444,881.136,670.232,1280.37,637.865,1141.56,295.366
background02,1,tax005,29,tax,5,4,background02/tax005/frame_0054.jpeg,54,2100.0,2970.0,815.509,294.399,890.346,658.737,1289.82,625.476,1143.97,281.064
background02,1,tax005,29,tax,5,4,background02/tax005/frame_0067.jpeg,67,2100.0,2970.0,828.948,322.082,951.898,725.298,1328.94,655.674,1152.33,281.495
background02,1,tax005,29,tax,5,4,background02/tax005/frame_0073.jpeg,73,2100.0,2970.0,800.264,313.614,939.688,726.089,1308.1,644.33,1121.97,263.637
background02,1,tax005,29,tax,5,4,background02/tax005/frame_0074.jpeg,74,2100.0,2970.0,799.168,315.279,937.947,726.517,1306.4,643.95,1121.02,264.792
background02,1,tax005,29,tax,5,4,background02/tax005/frame_0078.jpeg,78,2100.0,2970.0,778.374,331.467,925.538,747.716,1290.08,659.072,1099.32,277.299
background02,1,tax005,29,tax,5,4,background02/tax005/frame_0089.jpeg,89,2100.0,2970.0,775.832,279.875,923.51,711.789,1296.63,612.918,1106.06,214.017
background02,1,tax005,29,tax,5,4,background02/tax005/frame_0097.jpeg,97,2100.0,2970.0,711.889,347.607,819.467,792.944,1211.64,707.93,1051.43,293.485
background02,1,tax005,29,tax,5,4,background02/tax005/frame_0100.jpeg,100,2100.0,2970.0,696.857,360.199,788.43,813.973,1189.27,736.677,1042.7,311.553
background02,1,tax005,29,tax,5,4,background02/tax005/frame_0118.jpeg,118,2100.0,2970.0,750.593,338.984,793.155,779.328,1197.91,737.184,1093.87,314.411
background02,1,tax005,29,tax,5,4,background02/tax005/frame_0123.jpeg,123,2100.0,2970.0,773.302,344.282,833.109,784.399,1233.31,733.826,1113.53,314.487
background02,1,tax005,29,tax,5,4,background02/tax005/frame_0134.jpeg,134,2100.0,2970.0,804.741,346.57,907.353,779.251,1295.74,708.566,1139.17,301.598
background02,1,tax005,29,tax,5,4,background02/tax005/frame_0171.jpeg,171,2100.0,2970.0,810.144,310.403,991.572,707.315,1340.41,600.78,1120.53,239.678
background02,1,tax005,29,tax,5,4,background02/tax005/frame_0177.jpeg,177,2100.0,2970.0,805.874,310.187,967.84,708.141,1326.04,612.307,1121.28,247.538
background02,1,tax005,29,tax,5,4,background02/tax005/frame_0185.jpeg,185,2100.0,2970.0,787.673,293.664,905.639,689.847,1278.35,615.965,1108.92,246.441
background02,1,tax005,29,tax,5,4,background02/tax005/frame_0187.jpeg,187,2100.0,2970.0,786.333,278.131,879.696,673.045,1256.07,614.783,1110.19,241.986
background02,1,tax005,29,tax,5,4,background02/tax005/frame_0189.jpeg,189,2100.0,2970.0,791.845,275.172,866.367,667.564,1245.62,620.545,1116.0,247.43
background02,1,tax005,29,tax,5,4,background02/tax005/frame_0214.jpeg,214,2100.0,2970.0,831.867,295.63,856.605,666.12,1234.01,641.906,1148.27,281.378
background02,1,tax005,29,tax,5,4,background02/tax005/frame_0215.jpeg,215,2100.0,2970.0,828.33,297.752,855.313,669.582,1233.06,644.264,1144.95,282.067
background02,1,tax005,29,tax,5,4,background02/tax005/frame_0220.jpeg,220,2100.0,2970.0,817.351,322.377,871.623,709.75,1252.52,669.76,1138.45,297.991
background03,2,datasheet001,0,datasheet,0,0,background03/datasheet001/frame_0007.jpeg,7,2100.0,2970.0,704.055,250.103,784.489,861.831,1273.64,788.977,1128.75,212.989
background03,2,datasheet001,0,datasheet,0,0,background03/datasheet001/frame_0014.jpeg,14,2100.0,2970.0,711.688,244.206,795.541,864.451,1293.2,790.892,1142.68,206.734
background03,2,datasheet001,0,datasheet,0,0,background03/datasheet001/frame_0015.jpeg,15,2100.0,2970.0,714.759,242.711,797.565,865.744,1296.33,791.583,1146.58,205.652
background03,2,datasheet001,0,datasheet,0,0,background03/datasheet001/frame_0026.jpeg,26,2100.0,2970.0,759.377,240.263,849.835,829.69,1324.75,761.229,1170.89,206.515
background03,2,datasheet001,0,datasheet,0,0,background03/datasheet001/frame_0034.jpeg,34,2100.0,2970.0,792.925,263.621,894.691,834.398,1356.21,761.772,1191.34,226.65
background03,2,datasheet001,0,datasheet,0,0,background03/datasheet001/frame_0038.jpeg,38,2100.0,2970.0,791.911,273.656,896.919,836.11,1355.28,761.869,1186.65,236.541
background03,2,datasheet001,0,datasheet,0,0,background03/datasheet001/frame_0039.jpeg,39,2100.0,2970.0,791.752,274.095,897.518,834.941,1355.07,760.152,1185.23,236.5
background03,2,datasheet001,0,datasheet,0,0,background03/datasheet001/frame_0042.jpeg,42,2100.0,2970.0,796.674,278.733,900.072,833.52,1357.59,761.075,1188.36,241.77
background03,2,datasheet001,0,datasheet,0,0,background03/datasheet001/frame_0051.jpeg,51,2100.0,2970.0,796.008,275.656,852.442,819.714,1320.4,770.484,1188.95,249.586
background03,2,datasheet001,0,datasheet,0,0,background03/datasheet001/frame_0052.jpeg,52,2100.0,2970.0,793.721,274.569,843.206,816.415,1312.27,770.702,1186.97,250.648
background03,2,datasheet001,0,datasheet,0,0,background03/datasheet001/frame_0062.jpeg,62,2100.0,2970.0,779.529,215.358,732.371,724.35,1199.81,738.119,1168.57,229.427
background03,2,datasheet001,0,datasheet,0,0,background03/datasheet001/frame_0069.jpeg,69,2100.0,2970.0,806.201,235.762,737.926,718.44,1191.92,745.725,1183.51,256.737
background03,2,datasheet001,0,datasheet,0,0,background03/datasheet001/frame_0080.jpeg,80,2100.0,2970.0,851.838,287.117,824.61,777.708,1274.03,781.943,1225.34,290.375
background03,2,datasheet001,0,datasheet,0,0,background03/datasheet001/frame_0103.jpeg,103,2100.0,2970.0,875.26,227.354,943.687,770.782,1399.12,725.384,1265.98,203.732
background03,2,datasheet001,0,datasheet,0,0,background03/datasheet001/frame_0109.jpeg,109,2100.0,2970.0,818.976,210.059,856.086,776.265,1332.87,740.493,1225.27,192.578
background03,2,datasheet001,0,datasheet,0,0,background03/datasheet001/frame_0111.jpeg,111,2100.0,2970.0,789.0,209.706,806.061,779.038,1289.75,753.4,1200.05,199.28
background03,2,datasheet001,0,datasheet,0,0,background03/datasheet001/frame_0113.jpeg,113,2100.0,2970.0,765.428,198.352,758.958,771.019,1248.82,760.948,1181.31,199.373
background03,2,datasheet001,0,datasheet,0,0,background03/datasheet001/frame_0119.jpeg,119,2100.0,2970.0,743.048,173.373,640.844,729.754,1132.06,781.189,1157.71,217.559
background03,2,datasheet001,0,datasheet,0,0,background03/datasheet001/frame_0132.jpeg,132,2100.0,2970.0,794.208,179.486,619.832,646.217,1066.35,742.834,1168.37,250.602
background03,2,datasheet001,0,datasheet,0,0,background03/datasheet001/frame_0139.jpeg,139,2100.0,2970.0,801.056,229.687,632.994,683.058,1084.32,770.156,1172.02,290.815
background03,2,datasheet001,0,datasheet,0,0,background03/datasheet001/frame_0145.jpeg,145,2100.0,2970.0,763.57,290.576,614.14,737.183,1071.91,803.424,1131.68,337.212
background03,2,datasheet001,0,datasheet,0,0,background03/datasheet001/frame_0157.jpeg,157,2100.0,2970.0,736.648,314.586,645.772,785.893,1127.32,813.761,1116.73,338.209
background03,2,datasheet001,0,datasheet,0,0,background03/datasheet001/frame_0163.jpeg,163,2100.0,2970.0,765.36,324.699,734.094,818.599,1225.31,815.009,1152.96,328.287
background03,2,datasheet001,0,datasheet,0,0,background03/datasheet001/frame_0169.jpeg,169,2100.0,2970.0,816.518,325.17,836.301,840.336,1332.5,813.537,1212.41,312.464
background03,2,datasheet001,0,datasheet,0,0,background03/datasheet001/frame_0179.jpeg,179,2100.0,2970.0,853.492,272.07,929.605,793.055,1406.01,742.895,1244.56,246.171
background03,2,datasheet001,0,datasheet,0,0,background03/datasheet001/frame_0208.jpeg,208,2100.0,2970.0,824.093,233.976,910.181,776.485,1353.57,713.186,1210.13,195.146
background03,2,datasheet002,1,datasheet,0,1,background03/datasheet002/frame_0004.jpeg,4,2100.0,2970.0,671.662,201.119,751.956,888.558,1315.83,804.884,1148.17,156.539
background03,2,datasheet002,1,datasheet,0,1,background03/datasheet002/frame_0022.jpeg,22,2100.0,2970.0,653.163,218.902,725.474,883.184,1275.93,802.03,1117.93,174.546
background03,2,datasheet002,1,datasheet,0,1,background03/datasheet002/frame_0023.jpeg,23,2100.0,2970.0,652.611,219.502,722.932,883.733,1273.94,801.893,1116.95,174.602
background03,2,datasheet002,1,datasheet,0,1,background03/datasheet002/frame_0036.jpeg,36,2100.0,2970.0,545.976,221.156,592.231,884.455,1153.09,801.336,1016.21,172.856
background03,2,datasheet002,1,datasheet,0,1,background03/datasheet002/frame_0041.jpeg,41,2100.0,2970.0,511.148,225.505,555.506,884.911,1114.69,797.829,979.6,173.643
background03,2,datasheet002,1,datasheet,0,1,background03/datasheet002/frame_0043.jpeg,43,2100.0,2970.0,502.902,228.72,547.157,884.726,1105.01,796.772,970.122,176.398
background03,2,datasheet002,1,datasheet,0,1,background03/datasheet002/frame_0046.jpeg,46,2100.0,2970.0,499.298,227.603,544.189,876.665,1097.84,789.265,963.266,175.653
background03,2,datasheet002,1,datasheet,0,1,background03/datasheet002/frame_0049.jpeg,49,2100.0,2970.0,498.061,223.143,545.865,860.199,1091.62,773.487,957.266,172.267
background03,2,datasheet002,1,datasheet,0,1,background03/datasheet002/frame_0053.jpeg,53,2100.0,2970.0,537.572,221.43,593.002,839.758,1123.24,756.857,984.18,173.537
background03,2,datasheet002,1,datasheet,0,1,background03/datasheet002/frame_0068.jpeg,68,2100.0,2970.0,763.142,248.31,841.481,801.333,1327.18,733.837,1168.98,208.812
background03,2,datasheet002,1,datasheet,0,1,background03/datasheet002/frame_0070.jpeg,70,2100.0,2970.0,774.102,250.787,845.916,800.607,1332.37,737.654,1177.97,214.347
background03,2,datasheet002,1,datasheet,0,1,background03/datasheet002/frame_0084.jpeg,84,2100.0,2970.0,744.774,182.052,649.723,712.511,1155.59,753.215,1158.22,214.484
background03,2,datasheet002,1,datasheet,0,1,background03/datasheet002/frame_0094.jpeg,94,2100.0,2970.0,758.156,206.553,612.919,690.282,1088.44,761.164,1147.98,257.41
background03,2,datasheet002,1,datasheet,0,1,background03/datasheet002/frame_0128.jpeg,128,2100.0,2970.0,778.565,352.721,768.361,833.497,1248.27,808.531,1158.3,335.517
background03,2,datasheet002,1,datasheet,0,1,background03/datasheet002/frame_0136.jpeg,136,2100.0,2970.0,816.403,316.007,852.355,797.389,1321.38,754.622,1194.11,288.866
background03,2,datasheet002,1,datasheet,0,1,background03/datasheet002/frame_0140.jpeg,140,2100.0,2970.0,796.112,242.252,845.094,726.239,1302.26,682.157,1173.69,217.043
background03,2,datasheet002,1,datasheet,0,1,background03/datasheet002/frame_0144.jpeg,144,2100.0,2970.0,785.582,238.036,846.227,729.061,1294.7,683.839,1160.38,214.959
background03,2,datasheet002,1,datasheet,0,1,background03/datasheet002/frame_0145.jpeg,145,2100.0,2970.0,789.022,235.07,849.082,728.41,1297.47,683.78,1165.55,212.328
background03,2,datasheet002,1,datasheet,0,1,background03/datasheet002/frame_0146.jpeg,146,2100.0,2970.0,792.149,232.595,852.775,727.556,1300.61,683.453,1168.6,210.355
background03,2,datasheet002,1,datasheet,0,1,background03/datasheet002/frame_0147.jpeg,147,2100.0,2970.0,799.553,220.967,860.876,718.106,1309.45,673.259,1177.16,197.926
background03,2,datasheet002,1,datasheet,0,1,background03/datasheet002/frame_0163.jpeg,163,2100.0,2970.0,780.667,227.964,854.297,791.592,1315.01,728.123,1181.23,185.964
background03,2,datasheet002,1,datasheet,0,1,background03/datasheet002/frame_0168.jpeg,168,2100.0,2970.0,772.452,231.663,851.587,814.785,1319.65,745.375,1183.55,183.667
background03,2,datasheet002,1,datasheet,0,1,background03/datasheet002/frame_0172.jpeg,172,2100.0,2970.0,755.209,242.897,837.374,837.56,1310.99,763.003,1171.71,189.767
background03,2,datasheet002,1,datasheet,0,1,background03/datasheet002/frame_0176.jpeg,176,2100.0,2970.0,741.588,247.482,824.464,852.885,1304.53,776.13,1164.23,191.231
background03,2,datasheet002,1,datasheet,0,1,background03/datasheet002/frame_0178.jpeg,178,2100.0,2970.0,729.047,243.58,808.532,854.174,1292.72,776.506,1156.21,186.295
background03,2,datasheet002,1,datasheet,0,1,background03/datasheet002/frame_0182.jpeg,182,2100.0,2970.0,683.86,225.502,765.11,850.826,1256.07,768.39,1119.57,165.026
background03,2,datasheet002,1,datasheet,0,1,background03/datasheet002/frame_0218.jpeg,218,2100.0,2970.0,661.928,207.414,730.706,826.974,1225.64,755.306,1097.5,155.986
background03,2,datasheet003,2,datasheet,0,2,background03/datasheet003/frame_0009.jpeg,9,2100.0,2970.0,747.672,248.408,781.059,877.809,1302.3,839.359,1189.05,232.789
background03,2,datasheet003,2,datasheet,0,2,background03/datasheet003/frame_0011.jpeg,11,2100.0,2970.0,772.484,243.299,808.842,871.367,1328.23,834.081,1211.97,228.378
background03,2,datasheet003,2,datasheet,0,2,background03/datasheet003/frame_0024.jpeg,24,2100.0,2970.0,939.942,255.647,1005.7,865.299,1511.19,828.896,1367.2,239.263
background03,2,datasheet003,2,datasheet,0,2,background03/datasheet003/frame_0031.jpeg,31,2100.0,2970.0,939.205,248.029,1016.8,841.438,1509.85,795.253,1355.59,225.669
background03,2,datasheet003,2,datasheet,0,2,background03/datasheet003/frame_0034.jpeg,34,2100.0,2970.0,915.279,252.039,998.332,844.456,1490.06,793.131,1330.93,226.9
background03,2,datasheet003,2,datasheet,0,2,background03/datasheet003/frame_0040.jpeg,40,2100.0,2970.0,896.122,271.17,953.626,850.636,1448.44,812.626,1308.91,253.747
background03,2,datasheet003,2,datasheet,0,2,background03/datasheet003/frame_0045.jpeg,45,2100.0,2970.0,861.217,257.757,884.737,829.861,1384.32,808.764,1275.23,251.136
background03,2,datasheet003,2,datasheet,0,2,background03/datasheet003/frame_0049.jpeg,49,2100.0,2970.0,807.202,260.819,794.232,832.479,1302.9,828.741,1224.58,267.833
background03,2,datasheet003,2,datasheet,0,2,background03/datasheet003/frame_0063.jpeg,63,2100.0,2970.0,704.116,304.252,630.481,844.069,1136.2,861.174,1109.65,323.215
background03,2,datasheet003,2,datasheet,0,2,background03/datasheet003/frame_0072.jpeg,72,2100.0,2970.0,682.605,325.764,598.074,848.79,1113.22,860.052,1087.39,337.531
background03,2,datasheet003,2,datasheet,0,2,background03/datasheet003/frame_0082.jpeg,82,2100.0,2970.0,675.124,368.686,596.952,891.557,1127.33,889.123,1081.88,370.162
background03,2,datasheet003,2,datasheet,0,2,background03/datasheet003/frame_0091.jpeg,91,2100.0,2970.0,684.294,359.716,623.683,876.969,1162.26,864.223,1095.16,355.161
background03,2,datasheet003,2,datasheet,0,2,background03/datasheet003/frame_0092.jpeg,92,2100.0,2970.0,683.823,353.613,625.423,871.023,1165.3,858.168,1095.93,348.474
background03,2,datasheet003,2,datasheet,0,2,background03/datasheet003/frame_0094.jpeg,94,2100.0,2970.0,687.074,343.661,634.346,862.512,1173.52,846.423,1099.11,337.648
background03,2,datasheet003,2,datasheet,0,2,background03/datasheet003/frame_0099.jpeg,99,2100.0,2970.0,696.035,343.903,660.317,866.031,1198.86,841.895,1108.51,333.138
background03,2,datasheet003,2,datasheet,0,2,background03/datasheet003/frame_0106.jpeg,106,2100.0,2970.0,709.589,350.034,714.342,883.058,1254.78,838.36,1124.36,327.645
background03,2,datasheet003,2,datasheet,0,2,background03/datasheet003/frame_0116.jpeg,116,2100.0,2970.0,767.055,319.652,840.92,861.551,1368.41,788.777,1180.3,280.859
background03,2,datasheet003,2,datasheet,0,2,background03/datasheet003/frame_0132.jpeg,132,2100.0,2970.0,760.787,286.773,910.888,831.945,1402.91,723.641,1164.98,227.246
background03,2,datasheet003,2,datasheet,0,2,background03/datasheet003/frame_0168.jpeg,168,2100.0,2970.0,787.08,264.631,820.266,756.705,1242.0,727.014,1148.55,252.224
background03,2,datasheet003,2,datasheet,0,2,background03/datasheet003/frame_0181.jpeg,181,2100.0,2970.0,704.938,268.693,714.243,754.787,1136.28,729.481,1064.89,260.712
background03,2,datasheet004,3,datasheet,0,3,background03/datasheet004/frame_0012.jpeg,12,2100.0,2970.0,727.306,185.599,775.479,864.545,1363.63,811.144,1207.37,168.21
background03,2,datasheet004,3,datasheet,0,3,background03/datasheet004/frame_0017.jpeg,17,2100.0,2970.0,766.139,197.43,821.857,863.09,1400.34,811.757,1238.28,180.579
background03,2,datasheet004,3,datasheet,0,3,background03/datasheet004/frame_0043.jpeg,43,2100.0,2970.0,886.844,237.552,975.904,804.412,1489.86,756.316,1303.86,220.296
background03,2,datasheet004,3,datasheet,0,3,background03/datasheet004/frame_0049.jpeg,49,2100.0,2970.0,894.617,233.001,955.089,774.054,1465.34,739.09,1305.62,219.315
background03,2,datasheet004,3,datasheet,0,3,background03/datasheet004/frame_0055.jpeg,55,2100.0,2970.0,831.413,213.726,850.96,748.535,1362.76,728.244,1242.95,209.472
background03,2,datasheet004,3,datasheet,0,3,background03/datasheet004/frame_0056.jpeg,56,2100.0,2970.0,819.705,228.184,830.135,755.949,1336.67,738.777,1227.55,225.486
background03,2,datasheet004,3,datasheet,0,3,background03/datasheet004/frame_0057.jpeg,57,2100.0,2970.0,812.006,227.32,818.804,752.483,1324.56,737.731,1219.86,226.009
background03,2,datasheet004,3,datasheet,0,3,background03/datasheet004/frame_0060.jpeg,60,2100.0,2970.0,822.678,250.887,816.005,766.402,1307.45,761.356,1219.76,252.909
background03,2,datasheet004,3,datasheet,0,3,background03/datasheet004/frame_0066.jpeg,66,2100.0,2970.0,856.58,188.123,841.394,692.387,1315.67,690.493,1250.94,187.359
background03,2,datasheet004,3,datasheet,0,3,background03/datasheet004/frame_0088.jpeg,88,2100.0,2970.0,873.475,242.94,935.57,775.086,1368.59,732.039,1251.65,216.169
background03,2,datasheet004,3,datasheet,0,3,background03/datasheet004/frame_0103.jpeg,103,2100.0,2970.0,886.473,267.416,998.906,814.859,1437.19,737.152,1270.64,215.371
background03,2,datasheet004,3,datasheet,0,3,background03/datasheet004/frame_0109.jpeg,109,2100.0,2970.0,856.944,263.841,989.063,818.408,1431.6,726.537,1245.55,202.312
background03,2,datasheet004,3,datasheet,0,3,background03/datasheet004/frame_0117.jpeg,117,2100.0,2970.0,833.495,274.333,978.9,831.782,1429.19,729.006,1225.49,207.415
background03,2,datasheet004,3,datasheet,0,3,background03/datasheet004/frame_0124.jpeg,124,2100.0,2970.0,802.089,273.171,949.203,827.359,1400.08,721.277,1193.08,207.302
background03,2,datasheet004,3,datasheet,0,3,background03/datasheet004/frame_0143.jpeg,143,2100.0,2970.0,788.567,249.743,894.014,807.904,1362.59,729.662,1187.54,205.441
background03,2,datasheet004,3,datasheet,0,3,background03/datasheet004/frame_0147.jpeg,147,2100.0,2970.0,780.987,252.46,869.621,807.014,1339.47,736.939,1179.39,213.617
background03,2,datasheet004,3,datasheet,0,3,background03/datasheet004/frame_0150.jpeg,150,2100.0,2970.0,782.75,253.694,857.724,804.752,1329.37,742.102,1180.55,219.137
background03,2,datasheet004,3,datasheet,0,3,background03/datasheet004/frame_0155.jpeg,155,2100.0,2970.0,762.983,245.93,809.515,788.149,1282.85,741.282,1161.06,221.04
background03,2,datasheet004,3,datasheet,0,3,background03/datasheet004/frame_0165.jpeg,165,2100.0,2970.0,733.575,243.851,737.403,768.201,1206.68,745.363,1123.86,236.629
background03,2,datasheet004,3,datasheet,0,3,background03/datasheet004/frame_0168.jpeg,168,2100.0,2970.0,740.313,247.452,740.464,765.817,1208.35,747.175,1129.4,242.479
background03,2,datasheet004,3,datasheet,0,3,background03/datasheet004/frame_0177.jpeg,177,2100.0,2970.0,755.169,269.359,760.149,771.212,1216.1,748.774,1134.47,259.914
background03,2,datasheet004,3,datasheet,0,3,background03/datasheet004/frame_0180.jpeg,180,2100.0,2970.0,758.729,269.972,767.106,771.39,1222.69,747.283,1137.36,259.836
background03,2,datasheet005,4,datasheet,0,4,background03/datasheet005/frame_0001.jpeg,1,2100.0,2970.0,638.007,221.82,713.688,875.233,1217.86,799.423,1085.91,185.726
background03,2,datasheet005,4,datasheet,0,4,background03/datasheet005/frame_0003.jpeg,3,2100.0,2970.0,639.636,221.08,715.603,872.054,1218.93,795.771,1085.81,185.04
background03,2,datasheet005,4,datasheet,0,4,background03/datasheet005/frame_0004.jpeg,4,2100.0,2970.0,641.185,222.537,717.679,872.249,1219.82,795.813,1086.05,185.404
background03,2,datasheet005,4,datasheet,0,4,background03/datasheet005/frame_0016.jpeg,16,2100.0,2970.0,653.501,245.055,740.576,870.298,1230.77,788.515,1084.72,203.559
background03,2,datasheet005,4,datasheet,0,4,background03/datasheet005/frame_0020.jpeg,20,2100.0,2970.0,638.414,257.525,724.669,873.22,1211.19,787.925,1064.41,215.403
background03,2,datasheet005,4,datasheet,0,4,background03/datasheet005/frame_0028.jpeg,28,2100.0,2970.0,627.376,292.675,711.969,882.359,1188.9,797.794,1039.62,251.422
background03,2,datasheet005,4,datasheet,0,4,background03/datasheet005/frame_0036.jpeg,36,2100.0,2970.0,637.003,296.228,676.409,873.054,1162.91,815.048,1046.14,271.268
background03,2,datasheet005,4,datasheet,0,4,background03/datasheet005/frame_0038.jpeg,38,2100.0,2970.0,626.358,291.636,649.893,865.816,1139.18,814.226,1036.53,270.765
background03,2,datasheet005,4,datasheet,0,4,background03/datasheet005/frame_0042.jpeg,42,2100.0,2970.0,588.207,310.226,591.757,878.652,1085.56,832.238,996.829,292.43
background03,2,datasheet005,4,datasheet,0,4,background03/datasheet005/frame_0045.jpeg,45,2100.0,2970.0,583.778,307.694,571.237,871.172,1067.79,832.562,992.143,293.078
background03,2,datasheet005,4,datasheet,0,4,background03/datasheet005/frame_0047.jpeg,47,2100.0,2970.0,582.511,318.253,559.524,876.526,1056.68,843.238,989.355,307.133
background03,2,datasheet005,4,datasheet,0,4,background03/datasheet005/frame_0061.jpeg,61,2100.0,2970.0,575.809,353.288,543.724,905.407,1053.56,869.436,983.348,339.569
background03,2,datasheet005,4,datasheet,0,4,background03/datasheet005/frame_0090.jpeg,90,2100.0,2970.0,694.434,303.268,809.094,864.253,1299.31,768.665,1099.98,258.04
background03,2,datasheet005,4,datasheet,0,4,background03/datasheet005/frame_0103.jpeg,103,2100.0,2970.0,672.269,341.563,790.661,910.215,1296.81,810.205,1082.98,298.57
background03,2,datasheet005,4,datasheet,0,4,background03/datasheet005/frame_0122.jpeg,122,2100.0,2970.0,624.362,287.8,633.416,842.516,1167.14,803.364,1044.98,282.677
background03,2,datasheet005,4,datasheet,0,4,background03/datasheet005/frame_0129.jpeg,129,2100.0,2970.0,634.129,301.374,583.333,827.428,1109.02,826.639,1044.21,318.423
background03,2,datasheet005,4,datasheet,0,4,background03/datasheet005/frame_0130.jpeg,130,2100.0,2970.0,636.627,298.572,579.272,823.14,1104.01,826.326,1045.51,317.711
background03,2,datasheet005,4,datasheet,0,4,background03/datasheet005/frame_0133.jpeg,133,2100.0,2970.0,626.438,301.624,547.749,815.587,1069.51,829.602,1031.92,328.185
background03,2,datasheet005,4,datasheet,0,4,background03/datasheet005/frame_0148.jpeg,148,2100.0,2970.0,643.376,324.375,541.472,800.505,1039.02,824.998,1031.71,351.775
background03,2,datasheet005,4,datasheet,0,4,background03/datasheet005/frame_0159.jpeg,159,2100.0,2970.0,623.826,359.782,572.155,829.657,1047.6,819.326,997.327,365.362
background03,2,datasheet005,4,datasheet,0,4,background03/datasheet005/frame_0177.jpeg,177,2100.0,2970.0,760.686,318.671,835.497,774.575,1260.22,718.275,1110.74,291.346
background03,2,datasheet005,4,datasheet,0,4,background03/datasheet005/frame_0196.jpeg,196,2100.0,2970.0,713.585,265.085,825.315,764.045,1243.71,679.554,1076.65,218.775
background03,2,datasheet005,4,datasheet,0,4,background03/datasheet005/frame_0200.jpeg,200,2100.0,2970.0,721.675,264.638,834.029,769.281,1255.66,680.464,1087.12,212.173
background03,2,datasheet005,4,datasheet,0,4,background03/datasheet005/frame_0209.jpeg,209,2100.0,2970.0,697.056,310.098,800.125,847.87,1238.75,758.716,1075.59,258.169
background03,2,letter001,5,letter,1,0,background03/letter001/frame_0005.jpeg,5,2100.0,2970.0,646.062,236.503,681.857,889.07,1224.55,832.331,1100.34,219.671
background03,2,letter001,5,letter,1,0,background03/letter001/frame_0038.jpeg,38,2100.0,2970.0,772.628,206.327,870.088,825.917,1378.09,760.389,1202.23,188.106
background03,2,letter001,5,letter,1,0,background03/letter001/frame_0059.jpeg,59,2100.0,2970.0,773.208,321.633,814.435,835.738,1307.06,791.762,1165.49,306.533
background03,2,letter001,5,letter,1,0,background03/letter001/frame_0067.jpeg,67,2100.0,2970.0,737.271,343.409,761.005,813.511,1244.09,775.49,1116.39,330.745
background03,2,letter001,5,letter,1,0,background03/letter001/frame_0071.jpeg,71,2100.0,2970.0,734.479,359.856,753.646,811.76,1229.53,779.378,1106.75,350.819
background03,2,letter001,5,letter,1,0,background03/letter001/frame_0074.jpeg,74,2100.0,2970.0,739.415,360.765,755.649,799.158,1228.17,768.137,1106.85,352.094
background03,2,letter001,5,letter,1,0,background03/letter001/frame_0091.jpeg,91,2100.0,2970.0,734.086,347.368,741.584,783.274,1199.24,754.271,1095.27,338.124
background03,2,letter001,5,letter,1,0,background03/letter001/frame_0093.jpeg,93,2100.0,2970.0,733.033,343.014,745.464,783.566,1201.32,753.214,1095.15,332.37
background03,2,letter001,5,letter,1,0,background03/letter001/frame_0097.jpeg,97,2100.0,2970.0,728.699,318.146,746.273,770.905,1200.19,739.781,1094.0,309.422
background03,2,letter001,5,letter,1,0,background03/letter001/frame_0107.jpeg,107,2100.0,2970.0,752.51,288.75,803.644,786.929,1251.83,745.364,1124.72,276.951
background03,2,letter001,5,letter,1,0,background03/letter001/frame_0120.jpeg,120,2100.0,2970.0,749.32,235.803,846.128,772.378,1280.97,708.574,1129.53,212.715
background03,2,letter001,5,letter,1,0,background03/letter001/frame_0129.jpeg,129,2100.0,2970.0,758.122,222.85,871.682,778.176,1296.07,709.259,1137.95,200.866
background03,2,letter001,5,letter,1,0,background03/letter001/frame_0157.jpeg,157,2100.0,2970.0,822.204,229.937,928.653,809.772,1328.54,770.75,1183.44,253.188
background03,2,letter001,5,letter,1,0,background03/letter001/frame_0164.jpeg,164,2100.0,2970.0,859.545,268.731,966.648,831.687,1366.1,795.635,1214.79,289.561
background03,2,letter001,5,letter,1,0,background03/letter001/frame_0184.jpeg,184,2100.0,2970.0,796.029,332.27,866.372,815.874,1303.41,762.121,1157.32,307.723
background03,2,letter002,6,letter,1,1,background03/letter002/frame_0001.jpeg,1,2100.0,2970.0,735.454,288.576,800.976,814.536,1246.91,755.393,1117.47,253.375
background03,2,letter002,6,letter,1,1,background03/letter002/frame_0006.jpeg,6,2100.0,2970.0,758.098,291.142,825.881,816.284,1270.14,759.35,1136.94,257.49
background03,2,letter002,6,letter,1,1,background03/letter002/frame_0011.jpeg,11,2100.0,2970.0,815.939,288.791,886.625,809.287,1328.51,758.249,1192.45,258.189
background03,2,letter002,6,letter,1,1,background03/letter002/frame_0031.jpeg,31,2100.0,2970.0,1013.7,241.171,1088.51,758.46,1529.7,725.967,1391.28,223.647
background03,2,letter002,6,letter,1,1,background03/letter002/frame_0042.jpeg,42,2100.0,2970.0,909.422,268.3,956.365,766.98,1399.84,728.422,1283.44,238.883
background03,2,letter002,6,letter,1,1,background03/letter002/frame_0055.jpeg,55,2100.0,2970.0,865.708,295.54,883.019,761.332,1322.18,716.086,1229.25,247.629
background03,2,letter002,6,letter,1,1,background03/letter002/frame_0059.jpeg,59,2100.0,2970.0,888.431,292.383,897.309,742.84,1333.22,697.477,1246.18,240.858
background03,2,letter002,6,letter,1,1,background03/letter002/frame_0073.jpeg,73,2100.0,2970.0,875.598,331.985,870.823,751.295,1299.03,703.956,1220.73,280.342
background03,2,letter002,6,letter,1,1,background03/letter002/frame_0082.jpeg,82,2100.0,2970.0,846.162,362.231,833.337,770.931,1263.25,727.759,1188.96,317.84
background03,2,letter002,6,letter,1,1,background03/letter002/frame_0085.jpeg,85,2100.0,2970.0,821.298,386.02,808.081,790.773,1238.15,750.989,1161.99,348.466
background03,2,letter002,6,letter,1,1,background03/letter002/frame_0095.jpeg,95,2100.0,2970.0,755.807,345.817,773.653,745.549,1195.74,711.908,1095.14,325.353
background03,2,letter002,6,letter,1,1,background03/letter002/frame_0108.jpeg,108,2100.0,2970.0,666.177,262.646,706.748,665.17,1105.44,651.78,999.337,273.739
background03,2,letter002,6,letter,1,1,background03/letter002/frame_0117.jpeg,117,2100.0,2970.0,695.538,260.031,748.757,676.829,1129.74,662.145,1019.82,272.234
background03,2,letter002,6,letter,1,1,background03/letter002/frame_0126.jpeg,126,2100.0,2970.0,732.199,250.021,795.384,686.444,1173.65,663.597,1059.55,254.87
background03,2,letter002,6,letter,1,1,background03/letter002/frame_0130.jpeg,130,2100.0,2970.0,731.698,230.749,797.752,686.478,1183.82,657.249,1068.69,230.357
background03,2,letter002,6,letter,1,1,background03/letter002/frame_0138.jpeg,138,2100.0,2970.0,809.241,242.297,878.508,726.604,1278.25,683.729,1158.58,221.887
background03,2,letter002,6,letter,1,1,background03/letter002/frame_0146.jpeg,146,2100.0,2970.0,760.289,273.149,824.78,786.171,1241.72,733.908,1127.45,241.614
background03,2,letter002,6,letter,1,1,background03/letter002/frame_0154.jpeg,154,2100.0,2970.0,732.544,230.468,786.138,778.341,1225.37,726.079,1122.38,192.951
background03,2,letter002,6,letter,1,1,background03/letter002/frame_0158.jpeg,158,2100.0,2970.0,706.443,250.412,754.271,811.768,1203.96,758.944,1103.66,211.799
background03,2,letter002,6,letter,1,1,background03/letter002/frame_0160.jpeg,160,2100.0,2970.0,706.375,251.085,750.597,818.441,1204.46,768.123,1107.95,213.492
background03,2,letter002,6,letter,1,1,background03/letter002/frame_0161.jpeg,161,2100.0,2970.0,703.903,251.557,744.758,822.411,1201.83,772.869,1107.52,213.943
background03,2,letter002,6,letter,1,1,background03/letter002/frame_0168.jpeg,168,2100.0,2970.0,689.924,246.661,721.576,824.043,1184.81,780.038,1098.99,213.22
background03,2,letter002,6,letter,1,1,background03/letter002/frame_0175.jpeg,175,2100.0,2970.0,702.125,254.724,741.07,836.857,1208.71,788.079,1113.04,214.008
background03,2,letter003,7,letter,1,2,background03/letter003/frame_0018.jpeg,18,2100.0,2970.0,916.512,276.594,1066.16,850.641,1494.67,770.175,1299.56,235.414
background03,2,letter003,7,letter,1,2,background03/letter003/frame_0025.jpeg,25,2100.0,2970.0,903.801,302.792,1057.63,876.675,1486.38,790.77,1285.08,258.004
background03,2,letter003,7,letter,1,2,background03/letter003/frame_0032.jpeg,32,2100.0,2970.0,868.819,319.391,1014.88,880.742,1457.45,788.476,1253.74,263.562
background03,2,letter003,7,letter,1,2,background03/letter003/frame_0036.jpeg,36,2100.0,2970.0,836.284,336.726,950.148,895.002,1407.14,819.35,1225.69,290.792
background03,2,letter003,7,letter,1,2,background03/letter003/frame_0045.jpeg,45,2100.0,2970.0,755.342,294.681,801.324,832.314,1270.88,786.526,1148.42,267.475
background03,2,letter003,7,letter,1,2,background03/letter003/frame_0048.jpeg,48,2100.0,2970.0,724.421,289.179,751.363,813.695,1218.97,773.157,1115.13,263.182
background03,2,letter003,7,letter,1,2,background03/letter003/frame_0054.jpeg,54,2100.0,2970.0,697.019,320.39,703.415,823.964,1160.98,785.779,1075.41,292.667
background03,2,letter003,7,letter,1,2,background03/letter003/frame_0055.jpeg,55,2100.0,2970.0,692.82,321.0,699.304,822.248,1155.31,784.208,1070.42,292.79
background03,2,letter003,7,letter,1,2,background03/letter003/frame_0056.jpeg,56,2100.0,2970.0,692.473,315.653,698.718,813.1,1149.91,773.731,1068.43,285.576
background03,2,letter003,7,letter,1,2,background03/letter003/frame_0062.jpeg,62,2100.0,2970.0,659.59,281.046,670.057,776.485,1109.08,732.423,1030.2,246.729
background03,2,letter003,7,letter,1,2,background03/letter003/frame_0089.jpeg,89,2100.0,2970.0,631.455,249.196,692.84,829.082,1163.44,760.953,1044.75,197.527
background03,2,letter003,7,letter,1,2,background03/letter003/frame_0099.jpeg,99,2100.0,2970.0,602.867,278.003,566.534,836.275,1040.03,824.901,1008.07,268.288
background03,2,letter003,7,letter,1,2,background03/letter003/frame_0107.jpeg,107,2100.0,2970.0,671.506,239.207,583.81,732.12,1021.63,756.439,1045.37,250.946
background03,2,letter003,7,letter,1,2,background03/letter003/frame_0110.jpeg,110,2100.0,2970.0,692.042,232.81,595.917,707.368,1024.72,737.153,1058.95,247.196
background03,2,letter003,7,letter,1,2,background03/letter003/frame_0112.jpeg,112,2100.0,2970.0,696.461,231.502,596.205,702.963,1019.79,733.726,1059.22,247.273
background03,2,letter003,7,letter,1,2,background03/letter003/frame_0123.jpeg,123,2100.0,2970.0,629.639,332.813,544.697,770.066,954.742,772.651,970.814,329.417
background03,2,letter003,7,letter,1,2,background03/letter003/frame_0128.jpeg,128,2100.0,2970.0,629.475,302.005,542.753,705.542,939.396,711.772,961.526,301.782
background03,2,letter003,7,letter,1,2,background03/letter003/frame_0143.jpeg,143,2100.0,2970.0,666.236,271.614,572.251,631.102,944.266,647.129,978.708,279.806
background03,2,letter003,7,letter,1,2,background03/letter003/frame_0147.jpeg,147,2100.0,2970.0,672.493,278.574,594.489,639.216,966.969,641.701,984.648,275.236
background03,2,letter003,7,letter,1,2,background03/letter003/frame_0155.jpeg,155,2100.0,2970.0,681.435,270.222,620.419,636.528,995.33,628.943,994.731,259.421
background03,2,letter003,7,letter,1,2,background03/letter003/frame_0157.jpeg,157,2100.0,2970.0,682.467,279.934,621.266,646.386,997.781,638.679,995.928,269.207
background03,2,letter003,7,letter,1,2,background03/letter003/frame_0162.jpeg,162,2100.0,2970.0,686.429,302.682,629.461,675.093,1011.97,670.182,1003.41,296.564
background03,2,letter003,7,letter,1,2,background03/letter003/frame_0180.jpeg,180,2100.0,2970.0,733.833,284.797,746.881,709.596,1157.8,683.735,1075.24,268.716
background03,2,letter003,7,letter,1,2,background03/letter003/frame_0196.jpeg,196,2100.0,2970.0,732.356,333.896,833.494,818.839,1257.75,750.246,1091.56,298.364
background03,2,letter004,8,letter,1,3,background03/letter004/frame_0003.jpeg,3,2100.0,2970.0,749.093,305.315,917.527,841.033,1329.03,751.844,1113.58,275.866
background03,2,letter004,8,letter,1,3,background03/letter004/frame_0043.jpeg,43,2100.0,2970.0,763.979,415.177,895.21,886.409,1337.81,805.32,1123.54,380.702
background03,2,letter004,8,letter,1,3,background03/letter004/frame_0067.jpeg,67,2100.0,2970.0,821.986,471.237,874.243,859.4,1299.14,780.331,1153.48,413.919
background03,2,letter004,8,letter,1,3,background03/letter004/frame_0070.jpeg,70,2100.0,2970.0,809.456,465.723,863.054,851.657,1285.9,768.973,1141.28,405.143
background03,2,letter004,8,letter,1,3,background03/letter004/frame_0078.jpeg,78,2100.0,2970.0,818.922,334.585,875.734,726.87,1295.92,638.404,1155.97,263.354
background03,2,letter004,8,letter,1,3,background03/letter004/frame_0084.jpeg,84,2100.0,2970.0,798.931,292.202,854.116,701.497,1267.47,625.241,1138.18,231.362
background03,2,letter004,8,letter,1,3,background03/letter004/frame_0088.jpeg,88,2100.0,2970.0,746.648,313.476,807.764,744.232,1218.36,668.324,1087.18,258.234
background03,2,letter004,8,letter,1,3,background03/letter004/frame_0102.jpeg,102,2100.0,2970.0,692.064,250.958,806.423,774.255,1228.82,680.541,1065.32,191.364
background03,2,letter004,8,letter,1,3,background03/letter004/frame_0115.jpeg,115,2100.0,2970.0,726.98,240.098,867.602,821.462,1308.61,712.983,1127.14,167.875
background03,2,letter004,8,letter,1,3,background03/letter004/frame_0136.jpeg,136,2100.0,2970.0,706.588,249.848,738.836,777.82,1182.8,715.729,1091.33,189.893
background03,2,letter004,8,letter,1,3,background03/letter004/frame_0167.jpeg,167,2100.0,2970.0,911.31,243.193,849.202,625.536,1247.25,638.798,1242.85,244.351
background03,2,letter004,8,letter,1,3,background03/letter004/frame_0176.jpeg,176,2100.0,2970.0,904.998,306.896,845.933,669.41,1233.88,681.722,1223.53,309.501
background03,2,letter005,9,letter,1,4,background03/letter005/frame_0009.jpeg,9,2100.0,2970.0,784.313,266.14,872.145,830.479,1339.32,778.121,1182.35,251.346
background03,2,letter005,9,letter,1,4,background03/letter005/frame_0027.jpeg,27,2100.0,2970.0,913.624,320.802,1035.19,833.829,1455.15,778.019,1272.07,302.216
background03,2,letter005,9,letter,1,4,background03/letter005/frame_0040.jpeg,40,2100.0,2970.0,856.752,319.381,950.489,805.851,1381.29,752.54,1216.62,295.525
background03,2,letter005,9,letter,1,4,background03/letter005/frame_0043.jpeg,43,2100.0,2970.0,846.532,322.332,909.976,798.972,1347.19,759.015,1207.81,304.507
background03,2,letter005,9,letter,1,4,background03/letter005/frame_0047.jpeg,47,2100.0,2970.0,830.974,324.373,863.368,794.239,1303.45,768.042,1190.95,314.85
background03,2,letter005,9,letter,1,4,background03/letter005/frame_0059.jpeg,59,2100.0,2970.0,764.294,300.908,749.453,741.533,1181.91,724.174,1118.43,290.955
background03,2,letter005,9,letter,1,4,background03/letter005/frame_0094.jpeg,94,2100.0,2970.0,689.91,220.403,688.575,799.736,1157.55,778.325,1100.69,209.958
background03,2,letter005,9,letter,1,4,background03/letter005/frame_0097.jpeg,97,2100.0,2970.0,690.167,215.344,683.09,804.264,1159.92,786.933,1107.45,209.067
background03,2,letter005,9,letter,1,4,background03/letter005/frame_0099.jpeg,99,2100.0,2970.0,694.424,212.085,683.071,806.444,1164.48,793.044,1115.66,208.356
background03,2,letter005,9,letter,1,4,background03/letter005/frame_0104.jpeg,104,2100.0,2970.0,684.986,186.498,669.082,792.533,1157.13,779.407,1113.71,182.508
background03,2,letter005,9,letter,1,4,background03/letter005/frame_0107.jpeg,107,2100.0,2970.0,682.014,209.148,667.523,812.207,1153.09,797.803,1107.69,203.443
background03,2,letter005,9,letter,1,4,background03/letter005/frame_0134.jpeg,134,2100.0,2970.0,838.954,316.785,791.032,798.591,1223.65,793.641,1203.81,294.608
background03,2,letter005,9,letter,1,4,background03/letter005/frame_0138.jpeg,138,2100.0,2970.0,847.35,285.231,789.532,753.179,1212.71,750.859,1208.09,262.958
background03,2,letter005,9,letter,1,4,background03/letter005/frame_0139.jpeg,139,2100.0,2970.0,848.592,280.501,790.312,744.911,1211.9,743.134,1208.06,257.785
background03,2,letter005,9,letter,1,4,background03/letter005/frame_0149.jpeg,149,2100.0,2970.0,882.999,318.131,788.09,733.885,1179.51,745.595,1214.77,304.468
background03,2,letter005,9,letter,1,4,background03/letter005/frame_0151.jpeg,151,2100.0,2970.0,881.828,330.946,778.481,738.131,1169.56,756.716,1210.32,323.794
background03,2,letter005,9,letter,1,4,background03/letter005/frame_0162.jpeg,162,2100.0,2970.0,864.416,365.458,730.458,737.887,1121.12,779.948,1186.56,382.788
background03,2,letter005,9,letter,1,4,background03/letter005/frame_0179.jpeg,179,2100.0,2970.0,796.482,394.055,700.331,753.486,1112.72,789.448,1123.06,420.32
background03,2,letter005,9,letter,1,4,background03/letter005/frame_0189.jpeg,189,2100.0,2970.0,779.828,353.326,750.775,725.259,1162.87,738.466,1107.1,372.159
background03,2,magazine001,10,magazine,2,0,background03/magazine001/frame_0004.jpeg,4,2100.0,2970.0,782.725,308.628,885.581,875.948,1351.62,803.63,1180.25,272.508
background03,2,magazine001,10,magazine,2,0,background03/magazine001/frame_0021.jpeg,21,2100.0,2970.0,682.09,274.947,660.297,779.316,1124.08,765.409,1065.1,273.123
background03,2,magazine001,10,magazine,2,0,background03/magazine001/frame_0046.jpeg,46,2100.0,2970.0,646.041,271.475,611.798,752.873,1039.93,736.71,1007.23,260.514
background03,2,magazine001,10,magazine,2,0,background03/magazine001/frame_0055.jpeg,55,2100.0,2970.0,682.957,250.258,669.481,778.515,1114.62,763.583,1067.36,245.418
background03,2,magazine001,10,magazine,2,0,background03/magazine001/frame_0065.jpeg,65,2100.0,2970.0,776.666,235.993,800.835,821.371,1265.93,795.607,1184.71,226.333
background03,2,magazine001,10,magazine,2,0,background03/magazine001/frame_0071.jpeg,71,2100.0,2970.0,846.753,220.97,875.221,825.31,1350.38,803.944,1265.81,215.169
background03,2,magazine001,10,magazine,2,0,background03/magazine001/frame_0080.jpeg,80,2100.0,2970.0,823.508,233.592,862.847,857.916,1349.5,825.308,1252.43,225.692
background03,2,magazine001,10,magazine,2,0,background03/magazine001/frame_0081.jpeg,81,2100.0,2970.0,820.651,219.151,861.732,847.908,1348.19,814.637,1248.96,211.116
background03,2,magazine001,10,magazine,2,0,background03/magazine001/frame_0094.jpeg,94,2100.0,2970.0,749.807,243.12,784.589,871.176,1272.03,839.926,1176.05,244.468
background03,2,magazine001,10,magazine,2,0,background03/magazine001/frame_0143.jpeg,143,2100.0,2970.0,963.091,335.142,952.335,742.579,1375.4,709.182,1306.58,293.242
background03,2,magazine001,10,magazine,2,0,background03/magazine001/frame_0146.jpeg,146,2100.0,2970.0,944.235,333.145,935.74,742.127,1359.49,703.87,1286.62,287.959
background03,2,magazine001,10,magazine,2,0,background03/magazine001/frame_0150.jpeg,150,2100.0,2970.0,864.856,343.074,860.069,761.928,1283.41,718.067,1208.41,298.865
background03,2,magazine001,10,magazine,2,0,background03/magazine001/frame_0163.jpeg,163,2100.0,2970.0,832.57,317.423,877.126,769.118,1309.34,730.672,1186.34,294.687
background03,2,magazine001,10,magazine,2,0,background03/magazine001/frame_0185.jpeg,185,2100.0,2970.0,618.607,256.008,740.974,753.197,1151.33,686.017,979.253,240.85
background03,2,magazine001,10,magazine,2,0,background03/magazine001/frame_0186.jpeg,186,2100.0,2970.0,614.766,252.69,736.546,751.815,1146.7,684.807,975.374,238.64
background03,2,magazine001,10,magazine,2,0,background03/magazine001/frame_0187.jpeg,187,2100.0,2970.0,608.776,252.394,729.273,752.483,1138.47,685.8,968.705,240.058
background03,2,magazine001,10,magazine,2,0,background03/magazine001/frame_0195.jpeg,195,2100.0,2970.0,600.621,246.145,718.46,757.08,1127.76,699.714,961.623,245.147
background03,2,magazine002,11,magazine,2,1,background03/magazine002/frame_0014.jpeg,14,2100.0,2970.0,850.428,290.342,1032.28,855.013,1440.71,745.627,1223.64,230.788
background03,2,magazine002,11,magazine,2,1,background03/magazine002/frame_0018.jpeg,18,2100.0,2970.0,862.359,295.488,1049.01,836.384,1446.35,722.95,1225.95,227.881
background03,2,magazine002,11,magazine,2,1,background03/magazine002/frame_0035.jpeg,35,2100.0,2970.0,883.796,361.366,1014.19,874.645,1426.52,777.526,1244.11,287.277
background03,2,magazine002,11,magazine,2,1,background03/magazine002/frame_0040.jpeg,40,2100.0,2970.0,861.261,343.859,966.095,850.637,1386.06,766.948,1224.54,276.5
background03,2,magazine002,11,magazine,2,1,background03/magazine002/frame_0052.jpeg,52,2100.0,2970.0,910.382,374.403,991.532,857.669,1428.45,764.636,1270.8,287.289
background03,2,magazine002,11,magazine,2,1,background03/magazine002/frame_0056.jpeg,56,2100.0,2970.0,855.737,326.851,931.263,802.339,1367.17,706.95,1216.25,238.629
background03,2,magazine002,11,magazine,2,1,background03/magazine002/frame_0082.jpeg,82,2100.0,2970.0,857.929,375.328,858.429,738.204,1268.24,723.808,1181.98,365.507
background03,2,magazine002,11,magazine,2,1,background03/magazine002/frame_0091.jpeg,91,2100.0,2970.0,822.574,437.682,798.634,779.018,1212.34,783.529,1144.83,443.638
background03,2,magazine002,11,magazine,2,1,background03/magazine002/frame_0093.jpeg,93,2100.0,2970.0,848.635,420.467,818.058,757.594,1230.52,766.174,1169.89,428.033
background03,2,magazine002,11,magazine,2,1,background03/magazine002/frame_0105.jpeg,105,2100.0,2970.0,879.271,331.917,739.001,664.065,1157.49,734.338,1211.77,376.842
background03,2,magazine002,11,magazine,2,1,background03/magazine002/frame_0109.jpeg,109,2100.0,2970.0,914.208,326.548,735.786,649.037,1142.6,746.819,1241.86,389.58
background03,2,magazine002,11,magazine,2,1,background03/magazine002/frame_0126.jpeg,126,2100.0,2970.0,895.427,189.092,699.354,539.401,1090.19,651.761,1224.33,268.61
background03,2,magazine002,11,magazine,2,1,background03/magazine002/frame_0127.jpeg,127,2100.0,2970.0,877.145,189.437,689.518,552.043,1083.33,660.996,1208.32,268.185
background03,2,magazine002,11,magazine,2,1,background03/magazine002/frame_0150.jpeg,150,2100.0,2970.0,825.091,227.63,821.131,707.282,1236.38,714.029,1182.15,243.104
background03,2,magazine002,11,magazine,2,1,background03/magazine002/frame_0161.jpeg,161,2100.0,2970.0,786.72,248.762,807.884,788.583,1237.29,771.713,1160.22,257.287
background03,2,magazine002,11,magazine,2,1,background03/magazine002/frame_0175.jpeg,175,2100.0,2970.0,731.877,244.1,849.249,837.498,1272.1,759.785,1122.47,217.761
background03,2,magazine002,11,magazine,2,1,background03/magazine002/frame_0176.jpeg,176,2100.0,2970.0,732.856,246.725,851.412,839.953,1273.13,761.035,1122.72,219.122
background03,2,magazine002,11,magazine,2,1,background03/magazine002/frame_0178.jpeg,178,2100.0,2970.0,723.359,246.034,847.702,842.441,1264.68,760.704,1110.62,219.643
background03,2,magazine002,11,magazine,2,1,background03/magazine002/frame_0204.jpeg,204,2100.0,2970.0,699.328,235.509,837.837,808.908,1220.37,735.835,1061.44,228.536
background03,2,magazine002,11,magazine,2,1,background03/magazine002/frame_0214.jpeg,214,2100.0,2970.0,746.677,253.647,880.286,811.155,1280.0,733.623,1112.48,229.414
background03,2,magazine002,11,magazine,2,1,background03/magazine002/frame_0216.jpeg,216,2100.0,2970.0,745.305,271.378,873.909,824.599,1279.8,748.164,1113.84,244.773
background03,2,magazine003,12,magazine,2,2,background03/magazine003/frame_0007.jpeg,7,2100.0,2970.0,667.53,271.823,742.199,887.832,1225.12,812.96,1094.93,229.692
background03,2,magazine003,12,magazine,2,2,background03/magazine003/frame_0017.jpeg,17,2100.0,2970.0,754.341,270.729,811.851,859.714,1287.67,804.234,1169.85,236.334
background03,2,magazine003,12,magazine,2,2,background03/magazine003/frame_0021.jpeg,21,2100.0,2970.0,804.761,262.66,848.929,842.24,1324.49,801.193,1216.54,236.106
background03,2,magazine003,12,magazine,2,2,background03/magazine003/frame_0024.jpeg,24,2100.0,2970.0,832.103,256.859,865.6,831.137,1341.14,799.698,1243.14,236.655
background03,2,magazine003,12,magazine,2,2,background03/magazine003/frame_0027.jpeg,27,2100.0,2970.0,868.43,250.298,885.649,811.929,1357.49,795.333,1275.18,240.204
background03,2,magazine003,12,magazine,2,2,background03/magazine003/frame_0033.jpeg,33,2100.0,2970.0,909.005,242.278,903.173,791.225,1368.83,798.106,1308.31,251.212
background03,2,magazine003,12,magazine,2,2,background03/magazine003/frame_0038.jpeg,38,2100.0,2970.0,939.525,239.254,920.808,776.313,1385.05,795.105,1335.81,256.923
background03,2,magazine003,12,magazine,2,2,background03/magazine003/frame_0045.jpeg,45,2100.0,2970.0,974.224,306.676,943.581,826.534,1404.43,855.839,1360.13,329.692
background03,2,magazine003,12,magazine,2,2,background03/magazine003/frame_0048.jpeg,48,2100.0,2970.0,979.65,308.507,940.377,811.683,1398.39,849.844,1362.19,337.833
background03,2,magazine003,12,magazine,2,2,background03/magazine003/frame_0049.jpeg,49,2100.0,2970.0,980.044,298.573,937.0,799.746,1395.26,839.944,1362.84,329.907
background03,2,magazine003,12,magazine,2,2,background03/magazine003/frame_0061.jpeg,61,2100.0,2970.0,825.138,371.181,838.271,870.167,1285.92,852.166,1192.93,369.757
background03,2,magazine003,12,magazine,2,2,background03/magazine003/frame_0107.jpeg,107,2100.0,2970.0,713.526,349.159,900.819,841.291,1281.5,736.716,1056.28,302.059
background03,2,magazine003,12,magazine,2,2,background03/magazine003/frame_0117.jpeg,117,2100.0,2970.0,741.079,359.047,880.056,829.715,1290.23,742.654,1092.48,315.05
background03,2,magazine003,12,magazine,2,2,background03/magazine003/frame_0124.jpeg,124,2100.0,2970.0,719.417,356.855,806.465,811.216,1229.33,739.02,1071.76,318.357
background03,2,magazine003,12,magazine,2,2,background03/magazine003/frame_0125.jpeg,125,2100.0,2970.0,709.183,365.046,791.065,819.227,1214.1,749.348,1060.65,328.575
background03,2,magazine003,12,magazine,2,2,background03/magazine003/frame_0141.jpeg,141,2100.0,2970.0,947.948,296.376,974.828,705.046,1408.72,657.588,1300.03,249.749
background03,2,magazine003,12,magazine,2,2,background03/magazine003/frame_0142.jpeg,142,2100.0,2970.0,949.156,291.169,973.738,700.772,1407.68,652.997,1300.15,243.97
background03,2,magazine003,12,magazine,2,2,background03/magazine003/frame_0146.jpeg,146,2100.0,2970.0,948.862,303.769,971.24,712.686,1400.92,664.122,1296.59,254.796
background03,2,magazine003,12,magazine,2,2,background03/magazine003/frame_0148.jpeg,148,2100.0,2970.0,964.311,312.799,988.837,723.544,1420.54,674.485,1313.64,261.957
background03,2,magazine003,12,magazine,2,2,background03/magazine003/frame_0153.jpeg,153,2100.0,2970.0,994.721,270.915,1019.44,694.846,1458.15,643.216,1351.88,215.586
background03,2,magazine003,12,magazine,2,2,background03/magazine003/frame_0154.jpeg,154,2100.0,2970.0,989.682,272.118,1014.2,697.477,1452.42,645.138,1346.8,216.059
background03,2,magazine003,12,magazine,2,2,background03/magazine003/frame_0167.jpeg,167,2100.0,2970.0,871.15,214.938,914.457,692.211,1350.31,643.016,1240.67,172.028
background03,2,magazine003,12,magazine,2,2,background03/magazine003/frame_0173.jpeg,173,2100.0,2970.0,804.616,241.117,864.774,751.441,1302.7,697.915,1181.46,206.042
background03,2,magazine003,12,magazine,2,2,background03/magazine003/frame_0188.jpeg,188,2100.0,2970.0,718.398,257.458,854.754,861.491,1295.66,765.138,1124.65,213.311
background03,2,magazine004,13,magazine,2,3,background03/magazine004/frame_0002.jpeg,2,2100.0,2970.0,758.398,300.628,676.145,786.848,1089.82,793.531,1116.28,280.542
background03,2,magazine004,13,magazine,2,3,background03/magazine004/frame_0023.jpeg,23,2100.0,2970.0,853.091,337.411,765.855,805.247,1174.31,812.342,1204.1,311.256
background03,2,magazine004,13,magazine,2,3,background03/magazine004/frame_0025.jpeg,25,2100.0,2970.0,867.755,345.579,780.055,810.171,1189.8,819.021,1218.25,320.469
background03,2,magazine004,13,magazine,2,3,background03/magazine004/frame_0027.jpeg,27,2100.0,2970.0,870.038,345.528,777.258,807.959,1187.85,818.299,1220.94,322.449
background03,2,magazine004,13,magazine,2,3,background03/magazine004/frame_0032.jpeg,32,2100.0,2970.0,864.513,324.406,775.157,778.816,1189.28,784.084,1215.62,301.005
background03,2,magazine004,13,magazine,2,3,background03/magazine004/frame_0040.jpeg,40,2100.0,2970.0,873.583,346.554,783.637,770.97,1194.18,781.524,1216.5,334.432
background03,2,magazine004,13,magazine,2,3,background03/magazine004/frame_0050.jpeg,50,2100.0,2970.0,868.304,320.095,765.431,707.117,1166.19,735.323,1199.73,328.089
background03,2,magazine004,13,magazine,2,3,background03/magazine004/frame_0071.jpeg,71,2100.0,2970.0,953.1,335.15,780.054,692.458,1138.49,768.364,1265.37,373.943
background03,2,magazine004,13,magazine,2,3,background03/magazine004/frame_0073.jpeg,73,2100.0,2970.0,937.338,313.01,759.843,666.213,1112.5,742.831,1246.01,353.195
background03,2,magazine004,13,magazine,2,3,background03/magazine004/frame_0076.jpeg,76,2100.0,2970.0,931.72,297.78,749.883,647.744,1093.03,724.956,1234.7,338.085
background03,2,magazine004,13,magazine,2,3,background03/magazine004/frame_0103.jpeg,103,2100.0,2970.0,802.648,254.201,723.95,631.098,1089.45,651.559,1115.31,264.148
background03,2,magazine004,13,magazine,2,3,background03/magazine004/frame_0114.jpeg,114,2100.0,2970.0,829.247,226.678,774.272,616.295,1152.8,635.13,1152.08,239.813
background03,2,magazine004,13,magazine,2,3,background03/magazine004/frame_0123.jpeg,123,2100.0,2970.0,819.555,230.702,811.877,679.795,1224.3,673.001,1169.61,228.509
background03,2,magazine004,13,magazine,2,3,background03/magazine004/frame_0130.jpeg,130,2100.0,2970.0,828.982,170.423,859.609,683.647,1303.74,655.55,1211.15,153.461
background03,2,magazine004,13,magazine,2,3,background03/magazine004/frame_0135.jpeg,135,2100.0,2970.0,785.54,213.32,829.338,764.297,1293.6,724.451,1183.7,193.392
background03,2,magazine004,13,magazine,2,3,background03/magazine004/frame_0157.jpeg,157,2100.0,2970.0,688.734,234.8,806.279,854.153,1287.64,761.437,1114.31,189.41
background03,2,magazine004,13,magazine,2,3,background03/magazine004/frame_0171.jpeg,171,2100.0,2970.0,624.216,266.257,771.757,865.469,1226.17,757.879,1033.88,219.464
background03,2,magazine004,13,magazine,2,3,background03/magazine004/frame_0174.jpeg,174,2100.0,2970.0,603.045,266.777,754.711,863.994,1202.72,755.332,1008.94,222.265
background03,2,magazine004,13,magazine,2,3,background03/magazine004/frame_0181.jpeg,181,2100.0,2970.0,587.526,275.319,754.154,861.292,1183.66,752.826,983.115,236.324
background03,2,magazine004,13,magazine,2,3,background03/magazine004/frame_0183.jpeg,183,2100.0,2970.0,605.094,278.279,774.452,859.211,1199.17,753.139,995.575,240.54
background03,2,magazine005,14,magazine,2,4,background03/magazine005/frame_0006.jpeg,6,2100.0,2970.0,724.931,228.495,865.025,866.163,1391.09,767.422,1166.55,192.603
background03,2,magazine005,14,magazine,2,4,background03/magazine005/frame_0014.jpeg,14,2100.0,2970.0,707.178,226.645,870.184,885.174,1396.92,774.156,1152.66,192.236
background03,2,magazine005,14,magazine,2,4,background03/magazine005/frame_0017.jpeg,17,2100.0,2970.0,671.54,195.794,847.555,870.81,1379.03,755.932,1127.4,166.517
background03,2,magazine005,14,magazine,2,4,background03/magazine005/frame_0025.jpeg,25,2100.0,2970.0,660.919,179.586,862.815,884.021,1400.07,759.495,1126.48,152.945
background03,2,magazine005,14,magazine,2,4,background03/magazine005/frame_0035.jpeg,35,2100.0,2970.0,707.446,190.079,918.134,891.163,1453.8,762.191,1169.03,158.67
background03,2,magazine005,14,magazine,2,4,background03/magazine005/frame_0044.jpeg,44,2100.0,2970.0,710.592,219.069,905.492,891.712,1449.88,762.412,1167.87,174.699
background03,2,magazine005,14,magazine,2,4,background03/magazine005/frame_0054.jpeg,54,2100.0,2970.0,701.121,226.695,821.619,864.427,1398.56,765.161,1162.35,186.387
background03,2,magazine005,14,magazine,2,4,background03/magazine005/frame_0069.jpeg,69,2100.0,2970.0,708.243,229.8,719.983,860.384,1343.99,815.56,1182.92,215.309
background03,2,magazine005,14,magazine,2,4,background03/magazine005/frame_0072.jpeg,72,2100.0,2970.0,733.57,223.65,730.432,847.994,1353.87,811.192,1206.02,210.105
background03,2,magazine005,14,magazine,2,4,background03/magazine005/frame_0091.jpeg,91,2100.0,2970.0,820.644,254.915,770.958,781.013,1357.74,771.003,1258.64,244.221
background03,2,magazine005,14,magazine,2,4,background03/magazine005/frame_0094.jpeg,94,2100.0,2970.0,829.228,278.586,773.463,786.383,1354.77,777.08,1260.04,266.958
background03,2,magazine005,14,magazine,2,4,background03/magazine005/frame_0125.jpeg,125,2100.0,2970.0,910.95,224.184,882.179,768.337,1455.33,721.172,1351.85,160.829
background03,2,magazine005,14,magazine,2,4,background03/magazine005/frame_0132.jpeg,132,2100.0,2970.0,875.923,260.969,848.042,822.717,1416.18,781.091,1315.58,205.434
background03,2,magazine005,14,magazine,2,4,background03/magazine005/frame_0137.jpeg,137,2100.0,2970.0,862.334,217.5,842.699,790.812,1414.81,746.374,1310.66,161.081
background03,2,magazine005,14,magazine,2,4,background03/magazine005/frame_0158.jpeg,158,2100.0,2970.0,802.923,163.565,862.95,817.032,1454.64,740.758,1282.46,105.146
background03,2,magazine005,14,magazine,2,4,background03/magazine005/frame_0172.jpeg,172,2100.0,2970.0,784.321,218.083,889.027,853.542,1436.46,761.064,1235.39,164.637
background03,2,paper001,15,paper,3,0,background03/paper001/frame_0004.jpeg,4,2100.0,2970.0,625.102,346.111,924.893,872.021,1292.12,673.961,983.801,216.513
background03,2,paper001,15,paper,3,0,background03/paper001/frame_0024.jpeg,24,2100.0,2970.0,666.393,342.267,914.013,861.722,1300.55,694.975,1027.71,235.8
background03,2,paper001,15,paper,3,0,background03/paper001/frame_0025.jpeg,25,2100.0,2970.0,661.334,339.899,900.987,857.752,1291.0,694.551,1023.7,235.272
background03,2,paper001,15,paper,3,0,background03/paper001/frame_0026.jpeg,26,2100.0,2970.0,658.435,337.023,894.185,855.27,1286.66,694.029,1022.01,233.805
background03,2,paper001,15,paper,3,0,background03/paper001/frame_0035.jpeg,35,2100.0,2970.0,592.923,321.724,748.27,831.651,1171.69,707.872,966.595,245.997
background03,2,paper001,15,paper,3,0,background03/paper001/frame_0054.jpeg,54,2100.0,2970.0,659.293,345.982,766.392,823.407,1177.55,729.387,1014.95,286.937
background03,2,paper001,15,paper,3,0,background03/paper001/frame_0064.jpeg,64,2100.0,2970.0,680.126,341.72,819.36,841.793,1221.07,732.416,1038.15,268.018
background03,2,paper001,15,paper,3,0,background03/paper001/frame_0071.jpeg,71,2100.0,2970.0,688.558,307.7,838.026,832.51,1240.92,717.624,1057.64,227.114
background03,2,paper001,15,paper,3,0,background03/paper001/frame_0092.jpeg,92,2100.0,2970.0,701.005,228.229,886.443,818.815,1311.91,683.124,1106.21,129.041
background03,2,paper001,15,paper,3,0,background03/paper001/frame_0093.jpeg,93,2100.0,2970.0,702.839,230.24,887.527,820.821,1313.12,685.137,1108.16,131.045
background03,2,paper001,15,paper,3,0,background03/paper001/frame_0103.jpeg,103,2100.0,2970.0,737.824,271.791,924.909,872.126,1361.34,733.833,1147.26,171.546
background03,2,paper001,15,paper,3,0,background03/paper001/frame_0117.jpeg,117,2100.0,2970.0,744.256,293.134,888.352,883.316,1339.63,766.163,1151.37,205.997
background03,2,paper001,15,paper,3,0,background03/paper001/frame_0123.jpeg,123,2100.0,2970.0,740.46,304.863,849.197,865.758,1294.68,772.738,1135.87,237.086
background03,2,paper001,15,paper,3,0,background03/paper001/frame_0124.jpeg,124,2100.0,2970.0,735.657,298.164,837.576,855.016,1282.56,765.514,1130.05,233.019
background03,2,paper001,15,paper,3,0,background03/paper001/frame_0131.jpeg,131,2100.0,2970.0,767.784,338.502,837.02,858.671,1267.03,790.176,1139.33,287.979
background03,2,paper001,15,paper,3,0,background03/paper001/frame_0138.jpeg,138,2100.0,2970.0,793.253,399.071,838.303,882.659,1261.76,826.117,1149.59,355.149
background03,2,paper001,15,paper,3,0,background03/paper001/frame_0149.jpeg,149,2100.0,2970.0,795.013,335.911,806.973,786.532,1230.47,754.489,1146.58,311.016
background03,2,paper001,15,paper,3,0,background03/paper001/frame_0168.jpeg,168,2100.0,2970.0,609.488,390.215,648.735,840.979,1083.1,782.686,966.833,362.321
background03,2,paper002,16,paper,3,1,background03/paper002/frame_0004.jpeg,4,2100.0,2970.0,686.725,219.332,858.017,840.168,1367.69,720.683,1124.97,163.862
background03,2,paper002,16,paper,3,1,background03/paper002/frame_0052.jpeg,52,2100.0,2970.0,696.021,288.125,796.162,925.986,1326.16,833.13,1137.98,245.284
background03,2,paper002,16,paper,3,1,background03/paper002/frame_0088.jpeg,88,2100.0,2970.0,619.347,318.43,611.786,784.476,1088.05,738.97,999.341,295.081
background03,2,paper002,16,paper,3,1,background03/paper002/frame_0096.jpeg,96,2100.0,2970.0,616.542,318.089,593.196,766.169,1059.62,735.047,988.357,304.129
background03,2,paper002,16,paper,3,1,background03/paper002/frame_0099.jpeg,99,2100.0,2970.0,631.966,314.329,595.991,759.881,1064.93,734.443,1003.47,302.276
background03,2,paper002,16,paper,3,1,background03/paper002/frame_0102.jpeg,102,2100.0,2970.0,649.483,319.934,597.305,760.145,1062.8,742.849,1019.13,310.332
background03,2,paper002,16,paper,3,1,background03/paper002/frame_0121.jpeg,121,2100.0,2970.0,782.558139535,206.976744186,636.046511628,604.651162791,1075.58139535,654.651162791,1143.02325581,240.697674419
background03,2,paper002,16,paper,3,1,background03/paper002/frame_0124.jpeg,124,2100.0,2970.0,779.069767442,165.11627907,644.186046512,586.046511628,1086.04651163,627.906976744,1146.51162791,187.209302326
background03,2,paper002,16,paper,3,1,background03/paper002/frame_0126.jpeg,126,2100.0,2970.0,732.869,178.3,605.567,615.784,1055.91,645.195,1102.43,191.881
background03,2,paper002,16,paper,3,1,background03/paper002/frame_0136.jpeg,136,2100.0,2970.0,651.394,209.591,607.313,742.407,1106.46,725.543,1060.37,199.302
background03,2,paper002,16,paper,3,1,background03/paper002/frame_0147.jpeg,147,2100.0,2970.0,702.792,191.739,741.356,812.72,1275.73,756.315,1150.32,159.516
background03,2,paper002,16,paper,3,1,background03/paper002/frame_0168.jpeg,168,2100.0,2970.0,626.769,251.421,750.798,911.523,1293.99,787.093,1088.19,175.604
background03,2,paper002,16,paper,3,1,background03/paper002/frame_0180.jpeg,180,2100.0,2970.0,678.798,215.291,811.349,835.38,1326.66,722.476,1119.99,147.913
background03,2,paper002,16,paper,3,1,background03/paper002/frame_0184.jpeg,184,2100.0,2970.0,699.986,217.115,823.448,841.442,1337.74,741.846,1139.62,164.194
background03,2,paper002,16,paper,3,1,background03/paper002/frame_0185.jpeg,185,2100.0,2970.0,710.31,222.375,830.864,845.812,1343.22,752.067,1148.07,176.002
background03,2,paper002,16,paper,3,1,background03/paper002/frame_0191.jpeg,191,2100.0,2970.0,768.724,189.38,894.262,818.473,1401.34,731.182,1206.17,150.169
background03,2,paper003,17,paper,3,2,background03/paper003/frame_0027.jpeg,27,2100.0,2970.0,801.716,284.965,896.104,887.504,1377.82,818.864,1213.49,259.65
background03,2,paper003,17,paper,3,2,background03/paper003/frame_0035.jpeg,35,2100.0,2970.0,774.831,288.53,879.232,852.143,1336.17,779.892,1167.58,259.128
background03,2,paper003,17,paper,3,2,background03/paper003/frame_0037.jpeg,37,2100.0,2970.0,782.566,289.709,887.056,847.406,1344.15,776.005,1173.71,258.903
background03,2,paper003,17,paper,3,2,background03/paper003/frame_0047.jpeg,47,2100.0,2970.0,825.362,305.61,887.399,851.391,1360.72,795.86,1219.34,273.475
background03,2,paper003,17,paper,3,2,background03/paper003/frame_0057.jpeg,57,2100.0,2970.0,764.037,265.112,741.105,805.728,1230.09,791.184,1167.05,255.688
background03,2,paper003,17,paper,3,2,background03/paper003/frame_0063.jpeg,63,2100.0,2970.0,736.168,254.758,682.565,789.466,1170.47,785.294,1138.6,247.547
background03,2,paper003,17,paper,3,2,background03/paper003/frame_0073.jpeg,73,2100.0,2970.0,718.99,233.278,663.33,779.987,1155.04,777.72,1126.93,229.31
background03,2,paper003,17,paper,3,2,background03/paper003/frame_0078.jpeg,78,2100.0,2970.0,689.201,216.276,646.513,794.832,1153.25,785.601,1111.87,212.578
background03,2,paper003,17,paper,3,2,background03/paper003/frame_0082.jpeg,82,2100.0,2970.0,700.124,218.661,679.19,821.177,1196.99,803.475,1134.11,211.298
background03,2,paper003,17,paper,3,2,background03/paper003/frame_0100.jpeg,100,2100.0,2970.0,739.797,193.629,782.323,861.836,1324.32,811.881,1203.92,172.304
background03,2,paper003,17,paper,3,2,background03/paper003/frame_0121.jpeg,121,2100.0,2970.0,742.576,132.727,782.061,842.396,1357.85,793.881,1235.47,111.745
background03,2,paper003,17,paper,3,2,background03/paper003/frame_0129.jpeg,129,2100.0,2970.0,746.991,179.347,780.152,876.558,1350.59,830.123,1231.67,157.32
background03,2,paper003,17,paper,3,2,background03/paper003/frame_0138.jpeg,138,2100.0,2970.0,747.442,196.897,773.745,862.768,1322.23,818.706,1212.66,174.686
background03,2,paper003,17,paper,3,2,background03/paper003/frame_0145.jpeg,145,2100.0,2970.0,729.132,269.081,752.005,873.219,1261.51,825.643,1157.41,238.442
background03,2,paper003,17,paper,3,2,background03/paper003/frame_0151.jpeg,151,2100.0,2970.0,762.893,300.551,792.385,872.485,1288.76,814.142,1175.68,252.186
background03,2,paper003,17,paper,3,2,background03/paper003/frame_0160.jpeg,160,2100.0,2970.0,727.864,260.651,751.231,795.41,1229.59,727.351,1125.47,198.558
background03,2,paper003,17,paper,3,2,background03/paper003/frame_0169.jpeg,169,2100.0,2970.0,697.425,332.807,649.651,821.326,1112.23,810.306,1073.53,324.427
background03,2,paper003,17,paper,3,2,background03/paper003/frame_0172.jpeg,172,2100.0,2970.0,705.235,307.947,646.249,785.13,1106.28,785.042,1078.49,309.934
background03,2,paper003,17,paper,3,2,background03/paper003/frame_0174.jpeg,174,2100.0,2970.0,705.074,292.112,642.477,767.049,1103.15,771.605,1077.89,299.727
background03,2,paper003,17,paper,3,2,background03/paper003/frame_0179.jpeg,179,2100.0,2970.0,697.532,276.783,637.83,751.06,1103.33,758.754,1073.54,290.419
background03,2,paper003,17,paper,3,2,background03/paper003/frame_0184.jpeg,184,2100.0,2970.0,659.955,280.721,609.741,750.702,1069.93,755.235,1031.78,298.722
background03,2,paper003,17,paper,3,2,background03/paper003/frame_0187.jpeg,187,2100.0,2970.0,642.21,275.245,605.297,739.393,1059.31,739.598,1010.28,293.509
background03,2,paper003,17,paper,3,2,background03/paper003/frame_0194.jpeg,194,2100.0,2970.0,630.177,271.282,621.047,725.784,1064.34,717.676,992.037,286.658
background03,2,paper004,18,paper,3,3,background03/paper004/frame_0003.jpeg,3,2100.0,2970.0,638.857,208.63,719.476,871.436,1269.94,795.067,1101.67,182.381
background03,2,paper004,18,paper,3,3,background03/paper004/frame_0020.jpeg,20,2100.0,2970.0,694.711,205.848,839.253,829.692,1353.95,730.204,1133.36,164.517
background03,2,paper004,18,paper,3,3,background03/paper004/frame_0024.jpeg,24,2100.0,2970.0,720.91,212.065,867.004,825.487,1377.28,727.86,1153.28,170.515
background03,2,paper004,18,paper,3,3,background03/paper004/frame_0099.jpeg,99,2100.0,2970.0,616.766,198.713,729.067,872.761,1280.04,773.06,1085.57,153.906
background03,2,paper004,18,paper,3,3,background03/paper004/frame_0100.jpeg,100,2100.0,2970.0,622.794,188.496,732.781,865.855,1286.77,767.131,1093.71,144.798
background03,2,paper004,18,paper,3,3,background03/paper004/frame_0105.jpeg,105,2100.0,2970.0,646.465,178.622,751.771,864.635,1315.37,773.684,1122.39,140.639
background03,2,paper004,18,paper,3,3,background03/paper004/frame_0106.jpeg,106,2100.0,2970.0,658.634,179.422,760.537,865.973,1326.08,775.911,1134.85,141.602
background03,2,paper004,18,paper,3,3,background03/paper004/frame_0114.jpeg,114,2100.0,2970.0,674.408,165.905,775.806,866.273,1358.15,775.971,1161.26,127.733
background03,2,paper004,18,paper,3,3,background03/paper004/frame_0146.jpeg,146,2100.0,2970.0,654.799,228.018,712.289,836.008,1242.75,774.252,1093.3,203.308
background03,2,paper004,18,paper,3,3,background03/paper004/frame_0148.jpeg,148,2100.0,2970.0,654.952,222.402,709.738,834.6,1240.82,772.954,1094.89,199.149
background03,2,paper004,18,paper,3,3,background03/paper004/frame_0155.jpeg,155,2100.0,2970.0,639.451,241.83,710.879,865.499,1243.32,794.628,1081.93,215.542
background03,2,paper004,18,paper,3,3,background03/paper004/frame_0160.jpeg,160,2100.0,2970.0,647.626,231.294,732.808,871.08,1270.89,794.874,1097.69,204.778
background03,2,paper004,18,paper,3,3,background03/paper004/frame_0162.jpeg,162,2100.0,2970.0,637.586,228.699,727.135,875.866,1263.82,798.03,1088.24,205.693
background03,2,paper004,18,paper,3,3,background03/paper004/frame_0184.jpeg,184,2100.0,2970.0,635.95,225.91,750.012,898.425,1278.09,817.296,1087.4,216.756
background03,2,paper004,18,paper,3,3,background03/paper004/frame_0192.jpeg,192,2100.0,2970.0,650.087,256.815,762.635,925.227,1296.52,840.486,1101.29,239.918
background03,2,paper005,19,paper,3,4,background03/paper005/frame_0025.jpeg,25,2100.0,2970.0,680.587,156.043,743.584,826.206,1295.43,778.974,1142.99,166.084
background03,2,paper005,19,paper,3,4,background03/paper005/frame_0042.jpeg,42,2100.0,2970.0,712.376,176.09,708.411,786.404,1257.15,769.165,1159.63,184.526
background03,2,paper005,19,paper,3,4,background03/paper005/frame_0064.jpeg,64,2100.0,2970.0,781.507,237.444,732.11,757.916,1237.63,757.298,1188.58,235.913
background03,2,paper005,19,paper,3,4,background03/paper005/frame_0070.jpeg,70,2100.0,2970.0,816.354,257.078,782.973,781.604,1286.7,773.395,1222.96,247.914
background03,2,paper005,19,paper,3,4,background03/paper005/frame_0079.jpeg,79,2100.0,2970.0,849.66,232.733,811.629,768.945,1324.06,769.672,1263.34,226.986
background03,2,paper005,19,paper,3,4,background03/paper005/frame_0089.jpeg,89,2100.0,2970.0,873.438,236.543,758.455,755.311,1264.18,807.306,1284.35,264.711
background03,2,paper005,19,paper,3,4,background03/paper005/frame_0091.jpeg,91,2100.0,2970.0,862.333,233.029,735.021,742.889,1234.39,802.966,1269.47,267.189
background03,2,paper005,19,paper,3,4,background03/paper005/frame_0094.jpeg,94,2100.0,2970.0,871.678,234.187,727.66,732.164,1219.19,804.242,1273.22,275.894
background03,2,paper005,19,paper,3,4,background03/paper005/frame_0095.jpeg,95,2100.0,2970.0,874.53,234.363,725.406,729.567,1214.83,804.159,1274.84,278.049
background03,2,paper005,19,paper,3,4,background03/paper005/frame_0101.jpeg,101,2100.0,2970.0,911.889,221.07,728.318,684.593,1198.91,784.347,1300.74,281.203
background03,2,paper005,19,paper,3,4,background03/paper005/frame_0104.jpeg,104,2100.0,2970.0,912.457,210.41,720.222,663.78,1184.58,770.694,1296.94,277.062
background03,2,paper005,19,paper,3,4,background03/paper005/frame_0116.jpeg,116,2100.0,2970.0,839.959,296.367,700.25,739.003,1166.2,801.611,1212.98,336.133
background03,2,paper005,19,paper,3,4,background03/paper005/frame_0117.jpeg,117,2100.0,2970.0,834.846,294.366,705.97,737.881,1173.02,793.594,1206.66,330.703
background03,2,paper005,19,paper,3,4,background03/paper005/frame_0122.jpeg,122,2100.0,2970.0,830.135,311.227,752.485,755.081,1217.14,779.104,1199.78,327.655
background03,2,paper005,19,paper,3,4,background03/paper005/frame_0129.jpeg,129,2100.0,2970.0,784.512,321.876,747.524,765.937,1206.63,762.2,1149.02,322.782
background03,2,paper005,19,paper,3,4,background03/paper005/frame_0148.jpeg,148,2100.0,2970.0,760.368,282.44,809.147,811.566,1302.99,756.272,1160.14,256.058
background03,2,paper005,19,paper,3,4,background03/paper005/frame_0153.jpeg,153,2100.0,2970.0,708.3,276.933,808.291,832.576,1303.94,741.747,1117.49,229.053
background03,2,paper005,19,paper,3,4,background03/paper005/frame_0154.jpeg,154,2100.0,2970.0,704.371,279.241,815.299,840.14,1310.44,741.809,1113.88,226.614
background03,2,paper005,19,paper,3,4,background03/paper005/frame_0165.jpeg,165,2100.0,2970.0,676.833,300.482,859.156,847.177,1316.39,713.508,1069.87,228.7
background03,2,paper005,19,paper,3,4,background03/paper005/frame_0167.jpeg,167,2100.0,2970.0,663.792,305.364,865.763,841.295,1311.55,698.475,1052.42,227.122
background03,2,paper005,19,paper,3,4,background03/paper005/frame_0173.jpeg,173,2100.0,2970.0,665.196,318.617,901.542,806.47,1309.14,652.119,1027.94,228.748
background03,2,paper005,19,paper,3,4,background03/paper005/frame_0187.jpeg,187,2100.0,2970.0,714.348,420.76,920.601,883.207,1310.51,748.74,1054.7,342.437
background03,2,paper005,19,paper,3,4,background03/paper005/frame_0190.jpeg,190,2100.0,2970.0,727.026,417.699,920.473,881.481,1318.95,753.188,1069.67,344.073
background03,2,patent001,20,patent,4,0,background03/patent001/frame_0001.jpeg,1,2100.0,2970.0,795.844,418.811,838.479,821.131,1320.11,792.677,1157.33,409.018
background03,2,patent001,20,patent,4,0,background03/patent001/frame_0008.jpeg,8,2100.0,2970.0,807.525,410.794,849.225,808.586,1328.4,783.776,1168.21,403.095
background03,2,patent001,20,patent,4,0,background03/patent001/frame_0036.jpeg,36,2100.0,2970.0,835.195,400.431,823.423,770.875,1300.57,769.853,1191.25,401.03
background03,2,patent001,20,patent,4,0,background03/patent001/frame_0037.jpeg,37,2100.0,2970.0,844.174,403.401,828.079,772.009,1303.09,773.317,1198.41,405.393
background03,2,patent001,20,patent,4,0,background03/patent001/frame_0045.jpeg,45,2100.0,2970.0,868.219,422.192,815.285,775.072,1283.16,795.911,1218.25,434.07
background03,2,patent001,20,patent,4,0,background03/patent001/frame_0063.jpeg,63,2100.0,2970.0,839.28,400.484,760.75,742.241,1206.05,763.889,1178.58,411.957
background03,2,patent001,20,patent,4,0,background03/patent001/frame_0067.jpeg,67,2100.0,2970.0,832.334,357.336,765.297,710.391,1206.09,726.154,1173.42,364.877
background03,2,patent001,20,patent,4,0,background03/patent001/frame_0089.jpeg,89,2100.0,2970.0,743.268,260.412,806.338,767.714,1274.35,717.161,1126.74,236.212
background03,2,patent001,20,patent,4,0,background03/patent001/frame_0095.jpeg,95,2100.0,2970.0,772.455,242.686,856.509,782.245,1333.26,724.134,1168.64,213.409
background03,2,patent001,20,patent,4,0,background03/patent001/frame_0098.jpeg,98,2100.0,2970.0,798.894,235.423,887.099,797.029,1371.62,736.684,1204.08,203.751
background03,2,patent001,20,patent,4,0,background03/patent001/frame_0109.jpeg,109,2100.0,2970.0,804.561,234.64,925.832,852.681,1424.02,769.039,1230.75,187.832
background03,2,patent001,20,patent,4,0,background03/patent001/frame_0111.jpeg,111,2100.0,2970.0,824.277,236.688,955.741,855.182,1452.56,764.285,1250.5,183.413
background03,2,patent001,20,patent,4,0,background03/patent001/frame_0119.jpeg,119,2100.0,2970.0,878.393,299.474,1048.87,911.248,1530.97,796.532,1292.37,228.495
background03,2,patent001,20,patent,4,0,background03/patent001/frame_0125.jpeg,125,2100.0,2970.0,861.225,260.093,1045.3,861.893,1515.38,743.805,1271.75,188.746
background03,2,patent001,20,patent,4,0,background03/patent001/frame_0136.jpeg,136,2100.0,2970.0,886.843,244.076,1084.65,824.717,1536.36,703.297,1283.19,169.177
background03,2,patent001,20,patent,4,0,background03/patent001/frame_0137.jpeg,137,2100.0,2970.0,886.76,244.015,1084.17,823.12,1534.25,701.795,1282.41,169.12
background03,2,patent001,20,patent,4,0,background03/patent001/frame_0138.jpeg,138,2100.0,2970.0,883.686,244.822,1081.3,823.038,1531.22,701.861,1278.81,170.604
background03,2,patent001,20,patent,4,0,background03/patent001/frame_0145.jpeg,145,2100.0,2970.0,892.976,260.197,1079.11,839.275,1533.99,726.088,1287.71,192.162
background03,2,patent001,20,patent,4,0,background03/patent001/frame_0173.jpeg,173,2100.0,2970.0,744.888,251.231,750.725,835.954,1267.01,804.5,1170.78,227.385
background03,2,patent001,20,patent,4,0,background03/patent001/frame_0176.jpeg,176,2100.0,2970.0,738.236,248.06,734.367,830.706,1251.95,802.416,1165.43,224.509
background03,2,patent001,20,patent,4,0,background03/patent001/frame_0181.jpeg,181,2100.0,2970.0,722.734,237.697,709.324,821.354,1228.18,797.455,1151.32,216.147
background03,2,patent001,20,patent,4,0,background03/patent001/frame_0198.jpeg,198,2100.0,2970.0,699.06,195.441,680.546,823.967,1245.99,798.969,1159.89,174.79
background03,2,patent001,20,patent,4,0,background03/patent001/frame_0206.jpeg,206,2100.0,2970.0,722.084,192.996,729.776,818.806,1289.64,781.773,1179.15,166.309
background03,2,patent002,21,patent,4,1,background03/patent002/frame_0011.jpeg,11,2100.0,2970.0,848.243,235.408,1003.78,835.071,1485.77,746.039,1261.5,196.242
background03,2,patent002,21,patent,4,1,background03/patent002/frame_0015.jpeg,15,2100.0,2970.0,833.023,254.923,983.523,853.065,1466.62,760.836,1245.88,212.082
background03,2,patent002,21,patent,4,1,background03/patent002/frame_0020.jpeg,20,2100.0,2970.0,789.624,264.384,921.711,860.011,1411.64,770.01,1205.03,222.415
background03,2,patent002,21,patent,4,1,background03/patent002/frame_0029.jpeg,29,2100.0,2970.0,709.764,258.103,770.955,850.89,1284.58,791.983,1135.48,233.423
background03,2,patent002,21,patent,4,1,background03/patent002/frame_0038.jpeg,38,2100.0,2970.0,698.999,262.879,675.245,824.138,1190.09,813.031,1116.38,264.689
background03,2,patent002,21,patent,4,1,background03/patent002/frame_0039.jpeg,39,2100.0,2970.0,696.804,263.865,665.938,822.846,1181.09,813.64,1113.14,267.612
background03,2,patent002,21,patent,4,1,background03/patent002/frame_0047.jpeg,47,2100.0,2970.0,628.474,265.378,567.536,811.562,1078.18,809.61,1042.93,272.128
background03,2,patent002,21,patent,4,1,background03/patent002/frame_0054.jpeg,54,2100.0,2970.0,607.77,252.974,535.542,789.54,1051.69,787.94,1022.17,255.914
background03,2,patent002,21,patent,4,1,background03/patent002/frame_0067.jpeg,67,2100.0,2970.0,694.725,290.961,639.581,778.333,1150.03,779.215,1091.8,297.67
background03,2,patent002,21,patent,4,1,background03/patent002/frame_0077.jpeg,77,2100.0,2970.0,781.12,421.073,774.774,866.354,1264.6,859.881,1154.12,424.833
background03,2,patent002,21,patent,4,1,background03/patent002/frame_0086.jpeg,86,2100.0,2970.0,875.584,348.31,904.323,740.119,1365.53,748.555,1230.93,364.707
background03,2,patent002,21,patent,4,1,background03/patent002/frame_0111.jpeg,111,2100.0,2970.0,973.618,351.189,1073.66,768.233,1506.74,791.366,1314.52,391.756
background03,2,patent002,21,patent,4,1,background03/patent002/frame_0118.jpeg,118,2100.0,2970.0,903.85,360.372,1030.88,793.196,1451.67,797.743,1241.11,395.789
background03,2,patent002,21,patent,4,1,background03/patent002/frame_0120.jpeg,120,2100.0,2970.0,894.809,355.831,1029.95,788.633,1448.89,787.95,1233.55,387.844
background03,2,patent002,21,patent,4,1,background03/patent002/frame_0124.jpeg,124,2100.0,2970.0,881.624,324.849,1037.26,759.032,1446.22,743.941,1217.54,347.454
background03,2,patent002,21,patent,4,1,background03/patent002/frame_0130.jpeg,130,2100.0,2970.0,809.164,334.274,1001.83,765.358,1394.91,718.402,1142.04,336.761
background03,2,patent002,21,patent,4,1,background03/patent002/frame_0134.jpeg,134,2100.0,2970.0,776.418,344.94,988.278,768.37,1371.12,701.634,1105.28,332.507
background03,2,patent002,21,patent,4,1,background03/patent002/frame_0136.jpeg,136,2100.0,2970.0,764.339,349.127,982.875,769.946,1356.87,694.853,1084.39,330.973
background03,2,patent002,21,patent,4,1,background03/patent002/frame_0145.jpeg,145,2100.0,2970.0,733.242,352.526,1003.85,751.918,1354.53,648.771,1050.37,309.245
background03,2,patent002,21,patent,4,1,background03/patent002/frame_0179.jpeg,179,2100.0,2970.0,880.841,215.347,1077.27,722.242,1477.65,597.37,1238.48,125.958
background03,2,patent002,21,patent,4,1,background03/patent002/frame_0190.jpeg,190,2100.0,2970.0,925.658,273.116,1069.36,823.089,1519.36,720.4,1316.34,189.056
background03,2,patent002,21,patent,4,1,background03/patent002/frame_0191.jpeg,191,2100.0,2970.0,931.326,277.169,1066.09,829.079,1519.76,732.02,1324.12,195.927
background03,2,patent003,22,patent,4,2,background03/patent003/frame_0020.jpeg,20,2100.0,2970.0,624.76,283.988,748.933,826.225,1229.81,726.591,1028.35,240.616
background03,2,patent003,22,patent,4,2,background03/patent003/frame_0030.jpeg,30,2100.0,2970.0,678.312,287.57,777.385,817.207,1262.45,737.246,1076.88,254.628
background03,2,patent003,22,patent,4,2,background03/patent003/frame_0031.jpeg,31,2100.0,2970.0,683.126,290.174,776.749,815.909,1263.0,736.947,1079.71,256.978
background03,2,patent003,22,patent,4,2,background03/patent003/frame_0032.jpeg,32,2100.0,2970.0,681.778,288.949,771.567,814.372,1259.22,735.105,1080.29,253.944
background03,2,patent003,22,patent,4,2,background03/patent003/frame_0040.jpeg,40,2100.0,2970.0,664.959,264.434,680.145,782.037,1182.09,737.984,1068.27,246.644
background03,2,patent003,22,patent,4,2,background03/patent003/frame_0069.jpeg,69,2100.0,2970.0,811.328,177.725,763.752,697.474,1221.6,712.584,1200.2,192.986
background03,2,patent003,22,patent,4,2,background03/patent003/frame_0075.jpeg,75,2100.0,2970.0,785.72,213.693,775.042,771.742,1236.53,762.461,1184.2,217.901
background03,2,patent003,22,patent,4,2,background03/patent003/frame_0092.jpeg,92,2100.0,2970.0,819.797,197.732,887.722,840.479,1377.45,787.381,1254.99,178.46
background03,2,patent003,22,patent,4,2,background03/patent003/frame_0139.jpeg,139,2100.0,2970.0,799.808,265.409,749.726,798.848,1264.08,789.156,1211.85,252.232
background03,2,patent003,22,patent,4,2,background03/patent003/frame_0142.jpeg,142,2100.0,2970.0,807.132,238.147,746.805,762.306,1260.17,757.827,1219.23,225.644
background03,2,patent003,22,patent,4,2,background03/patent003/frame_0151.jpeg,151,2100.0,2970.0,795.392,268.663,714.891,773.064,1222.24,771.641,1198.19,256.425
background03,2,patent003,22,patent,4,2,background03/patent003/frame_0165.jpeg,165,2100.0,2970.0,686.285,328.403,636.672,840.752,1140.97,818.53,1083.22,315.869
background03,2,patent003,22,patent,4,2,background03/patent003/frame_0171.jpeg,171,2100.0,2970.0,709.176,344.343,714.225,863.931,1213.46,829.819,1105.65,332.192
background03,2,patent003,22,patent,4,2,background03/patent003/frame_0192.jpeg,192,2100.0,2970.0,714.507,291.909,828.995,827.113,1300.84,760.946,1105.56,279.5
background03,2,patent004,23,patent,4,3,background03/patent004/frame_0006.jpeg,6,2100.0,2970.0,713.07,269.643,797.512,821.07,1295.56,757.089,1120.19,249.185
background03,2,patent004,23,patent,4,3,background03/patent004/frame_0010.jpeg,10,2100.0,2970.0,720.648,283.418,814.088,831.188,1307.03,763.586,1122.45,263.141
background03,2,patent004,23,patent,4,3,background03/patent004/frame_0011.jpeg,11,2100.0,2970.0,716.304,294.883,814.551,841.336,1307.53,772.824,1117.35,274.738
background03,2,patent004,23,patent,4,3,background03/patent004/frame_0027.jpeg,27,2100.0,2970.0,774.924,250.745,877.342,786.049,1372.66,728.108,1177.65,236.489
background03,2,patent004,23,patent,4,3,background03/patent004/frame_0064.jpeg,64,2100.0,2970.0,672.934,286.098,560.232,731.747,1037.79,751.499,1049.27,301.7
background03,2,patent004,23,patent,4,3,background03/patent004/frame_0076.jpeg,76,2100.0,2970.0,724.822,360.016,646.48,766.979,1093.91,778.918,1076.71,372.229
background03,2,patent004,23,patent,4,3,background03/patent004/frame_0085.jpeg,85,2100.0,2970.0,785.877,390.552,767.253,789.468,1193.3,778.548,1124.46,387.974
background03,2,patent004,23,patent,4,3,background03/patent004/frame_0091.jpeg,91,2100.0,2970.0,771.983,328.967,774.899,760.942,1218.42,742.589,1127.83,324.189
background03,2,patent004,23,patent,4,3,background03/patent004/frame_0098.jpeg,98,2100.0,2970.0,807.374,297.41,842.172,788.741,1312.75,754.002,1187.6,282.818
background03,2,patent004,23,patent,4,3,background03/patent004/frame_0129.jpeg,129,2100.0,2970.0,649.799,256.614,876.579,853.744,1334.13,714.404,1060.69,196.822
background03,2,patent004,23,patent,4,3,background03/patent004/frame_0139.jpeg,139,2100.0,2970.0,656.792,256.021,904.88,842.805,1343.81,701.729,1058.66,197.406
background03,2,patent004,23,patent,4,3,background03/patent004/frame_0147.jpeg,147,2100.0,2970.0,696.386,255.807,937.242,830.106,1372.03,693.181,1090.33,195.426
background03,2,patent004,23,patent,4,3,background03/patent004/frame_0157.jpeg,157,2100.0,2970.0,734.858,262.064,949.129,825.217,1398.58,694.611,1129.68,196.255
background03,2,patent004,23,patent,4,3,background03/patent004/frame_0165.jpeg,165,2100.0,2970.0,700.462,262.482,845.221,831.915,1326.48,725.449,1108.6,209.737
background03,2,patent004,23,patent,4,3,background03/patent004/frame_0168.jpeg,168,2100.0,2970.0,690.642,260.285,804.335,828.688,1295.92,738.139,1102.13,216.502
background03,2,patent004,23,patent,4,3,background03/patent004/frame_0173.jpeg,173,2100.0,2970.0,719.111,285.544,798.981,844.298,1297.36,771.041,1129.07,248.444
background03,2,patent004,23,patent,4,3,background03/patent004/frame_0181.jpeg,181,2100.0,2970.0,747.461,245.741,782.83,793.112,1291.12,736.028,1160.41,210.439
background03,2,patent005,24,patent,4,4,background03/patent005/frame_0008.jpeg,8,2100.0,2970.0,729.703,253.435,787.797,827.596,1279.05,776.895,1139.09,239.195
background03,2,patent005,24,patent,4,4,background03/patent005/frame_0019.jpeg,19,2100.0,2970.0,750.872,220.622,814.434,828.416,1330.62,774.337,1180.44,205.091
background03,2,patent005,24,patent,4,4,background03/patent005/frame_0032.jpeg,32,2100.0,2970.0,751.231,228.761,818.687,860.258,1346.92,799.316,1190.83,209.081
background03,2,patent005,24,patent,4,4,background03/patent005/frame_0036.jpeg,36,2100.0,2970.0,741.77,232.565,812.119,863.256,1340.35,801.753,1181.85,212.264
background03,2,patent005,24,patent,4,4,background03/patent005/frame_0049.jpeg,49,2100.0,2970.0,715.986,291.581,768.439,880.115,1273.16,818.081,1133.36,265.173
background03,2,patent005,24,patent,4,4,background03/patent005/frame_0061.jpeg,61,2100.0,2970.0,717.786,292.482,712.403,827.142,1200.0,798.674,1115.05,281.341
background03,2,patent005,24,patent,4,4,background03/patent005/frame_0080.jpeg,80,2100.0,2970.0,728.409,311.755,679.248,790.86,1154.59,790.695,1105.61,318.777
background03,2,patent005,24,patent,4,4,background03/patent005/frame_0083.jpeg,83,2100.0,2970.0,735.372,325.385,688.87,798.683,1162.35,795.866,1111.2,330.077
background03,2,patent005,24,patent,4,4,background03/patent005/frame_0087.jpeg,87,2100.0,2970.0,727.092,341.366,701.294,815.898,1172.76,800.188,1099.94,338.871
background03,2,patent005,24,patent,4,4,background03/patent005/frame_0099.jpeg,99,2100.0,2970.0,713.605,322.25,787.415,811.059,1244.02,743.509,1086.98,291.569
background03,2,patent005,24,patent,4,4,background03/patent005/frame_0101.jpeg,101,2100.0,2970.0,689.003,328.82,774.823,821.613,1228.94,745.561,1061.94,294.52
background03,2,patent005,24,patent,4,4,background03/patent005/frame_0105.jpeg,105,2100.0,2970.0,641.381,334.582,767.315,834.219,1216.25,734.253,1017.47,286.56
background03,2,patent005,24,patent,4,4,background03/patent005/frame_0113.jpeg,113,2100.0,2970.0,650.738,302.832,814.364,820.275,1265.86,700.88,1035.09,241.012
background03,2,patent005,24,patent,4,4,background03/patent005/frame_0115.jpeg,115,2100.0,2970.0,648.96,285.993,818.417,808.758,1269.9,687.89,1036.02,224.346
background03,2,patent005,24,patent,4,4,background03/patent005/frame_0134.jpeg,134,2100.0,2970.0,703.351,299.98,826.528,816.274,1290.99,725.488,1088.69,257.442
background03,2,patent005,24,patent,4,4,background03/patent005/frame_0159.jpeg,159,2100.0,2970.0,721.311,369.228,714.017,802.403,1143.63,781.341,1067.03,363.889
background03,2,patent005,24,patent,4,4,background03/patent005/frame_0164.jpeg,164,2100.0,2970.0,716.738,351.802,709.648,790.286,1135.84,769.38,1062.84,347.295
background03,2,patent005,24,patent,4,4,background03/patent005/frame_0207.jpeg,207,2100.0,2970.0,742.412,214.657,859.249,879.058,1369.74,788.165,1190.0,173.938
background03,2,patent005,24,patent,4,4,background03/patent005/frame_0221.jpeg,221,2100.0,2970.0,745.263,191.777,840.59,869.021,1366.77,791.126,1202.83,160.996
background03,2,tax001,25,tax,5,0,background03/tax001/frame_0025.jpeg,25,2100.0,2970.0,880.294,167.084,978.668,838.047,1502.75,780.054,1335.33,151.869
background03,2,tax001,25,tax,5,0,background03/tax001/frame_0028.jpeg,28,2100.0,2970.0,903.228,167.2,1001.92,834.26,1523.61,777.964,1355.14,152.381
background03,2,tax001,25,tax,5,0,background03/tax001/frame_0038.jpeg,38,2100.0,2970.0,990.344,178.181,1082.34,836.11,1602.22,792.159,1436.5,169.687
background03,2,tax001,25,tax,5,0,background03/tax001/frame_0039.jpeg,39,2100.0,2970.0,991.095,182.107,1082.49,839.368,1602.26,796.051,1436.7,174.315
background03,2,tax001,25,tax,5,0,background03/tax001/frame_0040.jpeg,40,2100.0,2970.0,985.835,190.564,1075.47,844.653,1594.86,800.955,1431.47,182.253
background03,2,tax001,25,tax,5,0,background03/tax001/frame_0043.jpeg,43,2100.0,2970.0,959.974,203.366,1046.69,848.294,1561.2,802.955,1399.66,194.917
background03,2,tax001,25,tax,5,0,background03/tax001/frame_0045.jpeg,45,2100.0,2970.0,941.274,206.111,1024.83,843.702,1538.22,797.762,1378.08,195.751
background03,2,tax001,25,tax,5,0,background03/tax001/frame_0078.jpeg,78,2100.0,2970.0,758.145,129.239,797.431,811.529,1337.43,767.384,1230.21,113.977
background03,2,tax001,25,tax,5,0,background03/tax001/frame_0079.jpeg,79,2100.0,2970.0,754.318,131.64,797.512,817.354,1338.59,771.28,1228.03,114.863
background03,2,tax001,25,tax,5,0,background03/tax001/frame_0085.jpeg,85,2100.0,2970.0,748.529,167.712,816.599,865.115,1360.65,801.349,1227.76,136.663
background03,2,tax001,25,tax,5,0,background03/tax001/frame_0089.jpeg,89,2100.0,2970.0,755.147,171.959,830.86,872.046,1375.14,802.16,1235.22,135.638
background03,2,tax001,25,tax,5,0,background03/tax001/frame_0105.jpeg,105,2100.0,2970.0,758.25,229.463,813.238,864.536,1334.38,807.261,1203.71,197.024
background03,2,tax001,25,tax,5,0,background03/tax001/frame_0110.jpeg,110,2100.0,2970.0,790.078,248.456,810.261,832.957,1314.84,800.187,1213.42,230.472
background03,2,tax001,25,tax,5,0,background03/tax001/frame_0152.jpeg,152,2100.0,2970.0,735.473,262.893,864.879,822.602,1307.6,765.556,1118.82,266.342
background03,2,tax001,25,tax,5,0,background03/tax001/frame_0166.jpeg,166,2100.0,2970.0,767.448,274.916,913.878,823.504,1353.93,772.213,1144.38,285.895
background03,2,tax001,25,tax,5,0,background03/tax001/frame_0167.jpeg,167,2100.0,2970.0,770.659,274.734,917.704,823.321,1359.26,772.013,1148.29,285.784
background03,2,tax001,25,tax,5,0,background03/tax001/frame_0170.jpeg,170,2100.0,2970.0,795.139,293.602,942.28,837.839,1384.51,786.561,1170.5,302.129
background03,2,tax001,25,tax,5,0,background03/tax001/frame_0189.jpeg,189,2100.0,2970.0,807.684,331.931,864.906,842.006,1367.93,803.353,1204.76,320.929
background03,2,tax001,25,tax,5,0,background03/tax001/frame_0207.jpeg,207,2100.0,2970.0,957.414,320.071,904.783,789.571,1418.47,797.527,1357.55,312.652
background03,2,tax001,25,tax,5,0,background03/tax001/frame_0208.jpeg,208,2100.0,2970.0,960.268,318.354,903.829,786.76,1417.56,794.829,1359.79,309.265
background03,2,tax001,25,tax,5,0,background03/tax001/frame_0209.jpeg,209,2100.0,2970.0,963.119,317.842,904.714,787.113,1417.7,795.877,1363.26,309.299
background03,2,tax001,25,tax,5,0,background03/tax001/frame_0220.jpeg,220,2100.0,2970.0,958.735,320.344,886.999,784.371,1387.26,790.653,1352.33,306.452
background03,2,tax001,25,tax,5,0,background03/tax001/frame_0226.jpeg,226,2100.0,2970.0,925.03,281.323,861.692,741.306,1344.04,744.33,1310.96,268.197
background03,2,tax002,26,tax,5,1,background03/tax002/frame_0005.jpeg,5,2100.0,2970.0,778.066,232.461,886.917,884.072,1382.92,820.32,1208.75,227.023
background03,2,tax002,26,tax,5,1,background03/tax002/frame_0023.jpeg,23,2100.0,2970.0,818.314,259.884,958.368,890.102,1438.19,794.783,1239.56,216.28
background03,2,tax002,26,tax,5,1,background03/tax002/frame_0052.jpeg,52,2100.0,2970.0,846.668,249.267,869.105,856.74,1398.54,810.879,1287.44,196.026
background03,2,tax002,26,tax,5,1,background03/tax002/frame_0061.jpeg,61,2100.0,2970.0,922.924,243.011,944.082,828.368,1467.34,788.61,1359.34,186.14
background03,2,tax002,26,tax,5,1,background03/tax002/frame_0063.jpeg,63,2100.0,2970.0,946.407,240.741,964.719,820.067,1486.35,783.297,1379.78,185.113
background03,2,tax002,26,tax,5,1,background03/tax002/frame_0065.jpeg,65,2100.0,2970.0,963.36,241.063,978.871,815.558,1498.94,781.408,1394.93,187.078
background03,2,tax002,26,tax,5,1,background03/tax002/frame_0091.jpeg,91,2100.0,2970.0,912.109,232.034,963.067,798.289,1474.85,750.444,1334.2,191.989
background03,2,tax002,26,tax,5,1,background03/tax002/frame_0103.jpeg,103,2100.0,2970.0,841.21,239.914,949.822,790.232,1413.87,729.167,1234.69,216.053
background03,2,tax002,26,tax,5,1,background03/tax002/frame_0108.jpeg,108,2100.0,2970.0,828.303,212.918,948.907,767.216,1390.87,710.087,1212.93,201.829
background03,2,tax002,26,tax,5,1,background03/tax002/frame_0109.jpeg,109,2100.0,2970.0,811.345,215.027,931.108,771.365,1369.56,713.594,1194.13,206.051
background03,2,tax002,26,tax,5,1,background03/tax002/frame_0132.jpeg,132,2100.0,2970.0,827.489,201.895,994.028,817.403,1381.32,732.074,1197.06,192.17
background03,2,tax002,26,tax,5,1,background03/tax002/frame_0134.jpeg,134,2100.0,2970.0,817.441,194.949,984.037,810.709,1361.48,724.656,1181.48,188.159
background03,2,tax002,26,tax,5,1,background03/tax002/frame_0157.jpeg,157,2100.0,2970.0,812.366,212.445,978.591,800.337,1290.14,718.731,1127.86,216.548
background03,2,tax003,27,tax,5,2,background03/tax003/frame_0005.jpeg,5,2100.0,2970.0,719.041,269.961,795.467,792.687,1179.06,782.873,1055.78,315.153
background03,2,tax003,27,tax,5,2,background03/tax003/frame_0009.jpeg,9,2100.0,2970.0,735.764,266.74,816.202,796.945,1196.23,788.17,1070.89,315.307
background03,2,tax003,27,tax,5,2,background03/tax003/frame_0013.jpeg,13,2100.0,2970.0,749.313,283.178,835.052,824.067,1211.27,813.661,1081.68,333.784
background03,2,tax003,27,tax,5,2,background03/tax003/frame_0019.jpeg,19,2100.0,2970.0,768.145,265.681,857.238,824.334,1230.27,811.557,1102.6,319.12
background03,2,tax003,27,tax,5,2,background03/tax003/frame_0034.jpeg,34,2100.0,2970.0,802.164,291.533,907.968,851.043,1282.83,821.175,1138.24,327.335
background03,2,tax003,27,tax,5,2,background03/tax003/frame_0040.jpeg,40,2100.0,2970.0,805.691,264.651,916.183,813.387,1305.87,779.9,1151.1,289.803
background03,2,tax003,27,tax,5,2,background03/tax003/frame_0043.jpeg,43,2100.0,2970.0,808.698,269.379,918.471,818.773,1320.8,781.772,1161.86,287.683
background03,2,tax003,27,tax,5,2,background03/tax003/frame_0044.jpeg,44,2100.0,2970.0,808.285,280.4,916.476,826.945,1326.08,788.914,1166.26,295.324
background03,2,tax003,27,tax,5,2,background03/tax003/frame_0050.jpeg,50,2100.0,2970.0,828.873,303.023,908.561,833.891,1340.5,802.063,1194.93,309.963
background03,2,tax003,27,tax,5,2,background03/tax003/frame_0051.jpeg,51,2100.0,2970.0,821.517,300.64,893.747,827.825,1330.82,797.46,1189.32,306.652
background03,2,tax003,27,tax,5,2,background03/tax003/frame_0062.jpeg,62,2100.0,2970.0,860.343,241.562,869.623,753.123,1329.08,746.96,1242.75,246.309
background03,2,tax003,27,tax,5,2,background03/tax003/frame_0066.jpeg,66,2100.0,2970.0,908.739,198.739,910.199,717.257,1373.23,711.969,1297.82,195.372
background03,2,tax003,27,tax,5,2,background03/tax003/frame_0071.jpeg,71,2100.0,2970.0,916.453,207.66,911.025,745.429,1379.93,741.149,1312.82,202.882
background03,2,tax003,27,tax,5,2,background03/tax003/frame_0074.jpeg,74,2100.0,2970.0,895.893,225.815,890.782,774.935,1362.42,767.106,1296.42,217.961
background03,2,tax003,27,tax,5,2,background03/tax003/frame_0075.jpeg,75,2100.0,2970.0,882.891,230.372,877.952,788.242,1351.38,779.505,1285.25,223.011
background03,2,tax003,27,tax,5,2,background03/tax003/frame_0084.jpeg,84,2100.0,2970.0,850.938,187.594,842.544,802.415,1341.15,797.518,1285.74,186.013
background03,2,tax003,27,tax,5,2,background03/tax003/frame_0106.jpeg,106,2100.0,2970.0,791.648,192.858,814.237,872.696,1331.72,845.751,1256.41,180.272
background03,2,tax003,27,tax,5,2,background03/tax003/frame_0112.jpeg,112,2100.0,2970.0,825.19,205.419,841.667,881.626,1362.54,859.555,1289.93,192.886
background03,2,tax003,27,tax,5,2,background03/tax003/frame_0129.jpeg,129,2100.0,2970.0,837.927,184.604,748.0,749.375,1224.29,793.086,1251.85,208.788
background03,2,tax003,27,tax,5,2,background03/tax003/frame_0144.jpeg,144,2100.0,2970.0,937.477,248.93,809.153,730.603,1252.0,783.483,1316.06,260.806
background03,2,tax003,27,tax,5,2,background03/tax003/frame_0156.jpeg,156,2100.0,2970.0,914.17,319.796,764.16,771.531,1203.18,826.793,1279.05,336.38
background03,2,tax003,27,tax,5,2,background03/tax003/frame_0171.jpeg,171,2100.0,2970.0,882.107,301.321,768.055,726.508,1218.57,792.897,1242.78,347.2
background03,2,tax004,28,tax,5,3,background03/tax004/frame_0002.jpeg,2,2100.0,2970.0,694.332,283.707,817.976,845.248,1242.22,773.15,1069.54,267.948
background03,2,tax004,28,tax,5,3,background03/tax004/frame_0012.jpeg,12,2100.0,2970.0,714.087,254.964,830.626,823.155,1255.47,759.995,1091.9,248.437
background03,2,tax004,28,tax,5,3,background03/tax004/frame_0015.jpeg,15,2100.0,2970.0,716.673,237.283,829.929,811.199,1255.2,753.149,1096.88,236.224
background03,2,tax004,28,tax,5,3,background03/tax004/frame_0031.jpeg,31,2100.0,2970.0,816.017,268.079,895.009,822.17,1324.86,791.585,1186.96,279.421
background03,2,tax004,28,tax,5,3,background03/tax004/frame_0034.jpeg,34,2100.0,2970.0,822.297,282.033,882.148,821.41,1319.78,798.968,1194.0,294.096
background03,2,tax004,28,tax,5,3,background03/tax004/frame_0035.jpeg,35,2100.0,2970.0,820.864,283.478,873.182,815.214,1313.63,797.38,1191.94,295.922
background03,2,tax004,28,tax,5,3,background03/tax004/frame_0064.jpeg,64,2100.0,2970.0,845.335,339.597,742.62,756.916,1177.44,808.653,1194.91,374.132
background03,2,tax004,28,tax,5,3,background03/tax004/frame_0066.jpeg,66,2100.0,2970.0,871.564,329.139,747.81,727.966,1172.42,791.815,1214.42,370.105
background03,2,tax004,28,tax,5,3,background03/tax004/frame_0069.jpeg,69,2100.0,2970.0,879.651,321.177,742.2,707.476,1157.4,778.749,1217.73,366.329
background03,2,tax004,28,tax,5,3,background03/tax004/frame_0072.jpeg,72,2100.0,2970.0,886.651,344.867,736.693,719.978,1142.06,792.559,1217.18,388.868
background03,2,tax004,28,tax,5,3,background03/tax004/frame_0084.jpeg,84,2100.0,2970.0,869.65,265.477,660.946,618.033,1040.55,717.62,1192.06,326.592
background03,2,tax004,28,tax,5,3,background03/tax004/frame_0099.jpeg,99,2100.0,2970.0,962.204,173.184,723.29,556.475,1071.31,669.6,1285.95,234.767
background03,2,tax004,28,tax,5,3,background03/tax004/frame_0110.jpeg,110,2100.0,2970.0,897.451,165.776,712.876,594.196,1071.39,663.189,1229.1,183.315
background03,2,tax004,28,tax,5,3,background03/tax004/frame_0112.jpeg,112,2100.0,2970.0,899.51,154.757,725.603,594.501,1088.9,657.597,1235.93,165.229
background03,2,tax004,28,tax,5,3,background03/tax004/frame_0144.jpeg,144,2100.0,2970.0,850.871,214.14,716.126,730.224,1157.75,779.255,1238.05,215.97
background03,2,tax004,28,tax,5,3,background03/tax004/frame_0147.jpeg,147,2100.0,2970.0,820.164,194.506,687.658,711.201,1136.25,758.767,1211.47,204.13
background03,2,tax004,28,tax,5,3,background03/tax004/frame_0149.jpeg,149,2100.0,2970.0,779.211,154.809,644.685,677.001,1103.39,725.817,1176.74,171.522
background03,2,tax004,28,tax,5,3,background03/tax004/frame_0162.jpeg,162,2100.0,2970.0,774.608,161.807,649.688,681.261,1121.38,743.024,1172.19,204.556
background03,2,tax004,28,tax,5,3,background03/tax004/frame_0170.jpeg,170,2100.0,2970.0,763.891,197.355,660.416,738.885,1138.85,796.185,1165.3,248.085
background03,2,tax004,28,tax,5,3,background03/tax004/frame_0172.jpeg,172,2100.0,2970.0,755.923,193.639,647.597,737.032,1127.92,796.568,1157.24,248.99
background03,2,tax004,28,tax,5,3,background03/tax004/frame_0173.jpeg,173,2100.0,2970.0,748.664,191.456,642.123,738.175,1123.0,797.872,1150.72,249.815
background03,2,tax004,28,tax,5,3,background03/tax004/frame_0179.jpeg,179,2100.0,2970.0,744.543,194.37,664.363,755.713,1145.79,814.567,1146.82,265.406
background03,2,tax004,28,tax,5,3,background03/tax004/frame_0195.jpeg,195,2100.0,2970.0,680.162,215.295,697.362,802.568,1127.93,815.359,1052.35,286.945
background03,2,tax004,28,tax,5,3,background03/tax004/frame_0204.jpeg,204,2100.0,2970.0,681.575,159.572,720.359,763.336,1131.19,774.007,1045.48,242.653
background03,2,tax005,29,tax,5,4,background03/tax005/frame_0007.jpeg,7,2100.0,2970.0,713.972,279.876,726.47,848.787,1199.04,822.504,1121.36,272.934
background03,2,tax005,29,tax,5,4,background03/tax005/frame_0059.jpeg,59,2100.0,2970.0,833.693,358.047,739.722,743.973,1164.28,785.178,1170.07,387.347
background03,2,tax005,29,tax,5,4,background03/tax005/frame_0073.jpeg,73,2100.0,2970.0,908.307,378.158,769.494,738.253,1173.58,802.29,1234.58,416.718
background03,2,tax005,29,tax,5,4,background03/tax005/frame_0075.jpeg,75,2100.0,2970.0,892.849,379.143,755.186,741.873,1159.7,803.005,1219.1,416.264
background03,2,tax005,29,tax,5,4,background03/tax005/frame_0079.jpeg,79,2100.0,2970.0,858.485,406.103,732.957,778.689,1140.96,832.894,1183.9,439.637
background03,2,tax005,29,tax,5,4,background03/tax005/frame_0084.jpeg,84,2100.0,2970.0,824.418,401.325,731.286,790.524,1143.93,828.208,1153.29,428.594
background03,2,tax005,29,tax,5,4,background03/tax005/frame_0087.jpeg,87,2100.0,2970.0,838.632,406.837,768.958,802.404,1182.58,829.505,1167.02,427.368
background03,2,tax005,29,tax,5,4,background03/tax005/frame_0088.jpeg,88,2100.0,2970.0,844.243,406.53,780.603,803.429,1195.63,828.113,1174.49,425.136
background03,2,tax005,29,tax,5,4,background03/tax005/frame_0095.jpeg,95,2100.0,2970.0,867.165,386.951,859.756,794.957,1270.63,795.805,1198.3,392.921
background03,2,tax005,29,tax,5,4,background03/tax005/frame_0105.jpeg,105,2100.0,2970.0,839.238,350.718,868.43,784.15,1275.73,773.884,1173.64,357.127
background03,2,tax005,29,tax,5,4,background03/tax005/frame_0106.jpeg,106,2100.0,2970.0,842.158,349.899,874.423,785.65,1283.04,774.786,1177.85,355.7
background03,2,tax005,29,tax,5,4,background03/tax005/frame_0111.jpeg,111,2100.0,2970.0,839.626,345.093,901.209,818.951,1321.5,790.282,1188.82,343.464
background03,2,tax005,29,tax,5,4,background03/tax005/frame_0127.jpeg,127,2100.0,2970.0,714.747,321.838,839.64,834.184,1232.17,767.296,1062.17,308.871
background03,2,tax005,29,tax,5,4,background03/tax005/frame_0128.jpeg,128,2100.0,2970.0,707.92,318.27,837.214,825.614,1224.4,758.103,1052.4,305.163
background03,2,tax005,29,tax,5,4,background03/tax005/frame_0138.jpeg,138,2100.0,2970.0,637.938,340.918,785.087,826.415,1134.57,757.754,959.718,333.159
background03,2,tax005,29,tax,5,4,background03/tax005/frame_0146.jpeg,146,2100.0,2970.0,583.321,331.177,721.432,818.714,1061.35,763.48,899.657,341.43
background03,2,tax005,29,tax,5,4,background03/tax005/frame_0151.jpeg,151,2100.0,2970.0,574.242,339.787,703.862,826.642,1043.31,778.114,888.793,356.754
background03,2,tax005,29,tax,5,4,background03/tax005/frame_0152.jpeg,152,2100.0,2970.0,568.759,333.147,695.794,820.062,1036.27,772.786,883.437,351.366
background03,2,tax005,29,tax,5,4,background03/tax005/frame_0172.jpeg,172,2100.0,2970.0,661.926,350.576,747.897,808.088,1144.38,759.563,1000.51,342.006
background03,2,tax005,29,tax,5,4,background03/tax005/frame_0178.jpeg,178,2100.0,2970.0,734.444,361.374,791.076,798.599,1192.07,762.084,1068.68,352.062
background03,2,tax005,29,tax,5,4,background03/tax005/frame_0183.jpeg,183,2100.0,2970.0,828.285,349.819,870.355,773.743,1272.72,742.843,1160.31,335.64
background03,2,tax005,29,tax,5,4,background03/tax005/frame_0185.jpeg,185,2100.0,2970.0,858.291,348.019,897.54,768.163,1302.7,739.129,1190.44,331.841
background03,2,tax005,29,tax,5,4,background03/tax005/frame_0190.jpeg,190,2100.0,2970.0,899.056,339.69,926.113,760.884,1342.4,736.19,1237.75,323.463
background03,2,tax005,29,tax,5,4,background03/tax005/frame_0192.jpeg,192,2100.0,2970.0,910.359,327.231,935.508,749.355,1352.72,728.027,1249.87,311.952
background03,2,tax005,29,tax,5,4,background03/tax005/frame_0195.jpeg,195,2100.0,2970.0,934.947,296.606,951.021,715.133,1370.92,703.892,1278.11,288.566
background03,2,tax005,29,tax,5,4,background03/tax005/frame_0202.jpeg,202,2100.0,2970.0,964.014,246.629,963.928,666.405,1384.56,670.849,1309.43,250.925
background04,3,datasheet001,0,datasheet,0,0,background04/datasheet001/frame_0012.jpeg,12,2100.0,2970.0,572.215,758.32,1357.71,763.614,1314.06,284.669,604.161,257.232
background04,3,datasheet001,0,datasheet,0,0,background04/datasheet001/frame_0015.jpeg,15,2100.0,2970.0,600.249,765.607,1378.74,760.68,1324.76,288.999,621.816,268.18
background04,3,datasheet001,0,datasheet,0,0,background04/datasheet001/frame_0018.jpeg,18,2100.0,2970.0,618.963,759.803,1390.84,751.123,1329.89,285.612,633.494,264.9
background04,3,datasheet001,0,datasheet,0,0,background04/datasheet001/frame_0035.jpeg,35,2100.0,2970.0,642.289,706.752,1398.38,712.009,1337.0,270.409,662.152,239.02
background04,3,datasheet001,0,datasheet,0,0,background04/datasheet001/frame_0041.jpeg,41,2100.0,2970.0,604.638,688.73,1360.96,724.837,1325.88,282.828,654.262,234.967
background04,3,datasheet001,0,datasheet,0,0,background04/datasheet001/frame_0072.jpeg,72,2100.0,2970.0,582.165,713.695,1334.82,776.11,1329.34,328.179,665.552,273.819
background04,3,datasheet001,0,datasheet,0,0,background04/datasheet001/frame_0075.jpeg,75,2100.0,2970.0,601.488,740.366,1365.96,776.832,1335.85,326.321,662.328,289.895
background04,3,datasheet001,0,datasheet,0,0,background04/datasheet001/frame_0088.jpeg,88,2100.0,2970.0,736.32,736.54,1510.82,758.472,1449.62,297.469,759.991,255.683
background04,3,datasheet001,0,datasheet,0,0,background04/datasheet001/frame_0100.jpeg,100,2100.0,2970.0,788.65,732.098,1547.12,747.007,1474.19,292.401,794.938,248.961
background04,3,datasheet001,0,datasheet,0,0,background04/datasheet001/frame_0109.jpeg,109,2100.0,2970.0,771.06,712.049,1522.47,735.921,1451.54,281.256,774.095,218.17
background04,3,datasheet001,0,datasheet,0,0,background04/datasheet001/frame_0119.jpeg,119,2100.0,2970.0,731.818,748.006,1498.12,750.551,1430.87,296.578,748.211,271.925
background04,3,datasheet001,0,datasheet,0,0,background04/datasheet001/frame_0137.jpeg,137,2100.0,2970.0,420.093,681.252,1181.95,732.699,1196.36,279.709,522.374,241.032
background04,3,datasheet001,0,datasheet,0,0,background04/datasheet001/frame_0142.jpeg,142,2100.0,2970.0,455.695,654.057,1202.85,714.898,1225.82,268.244,562.279,226.354
background04,3,datasheet001,0,datasheet,0,0,background04/datasheet001/frame_0145.jpeg,145,2100.0,2970.0,478.918,644.843,1220.67,712.481,1243.69,271.961,586.471,224.645
background04,3,datasheet002,1,datasheet,0,1,background04/datasheet002/frame_0004.jpeg,4,2100.0,2970.0,733.565,795.723,1512.86,727.805,1375.15,282.686,693.404,301.169
background04,3,datasheet002,1,datasheet,0,1,background04/datasheet002/frame_0006.jpeg,6,2100.0,2970.0,741.213,792.843,1520.34,728.182,1382.81,282.678,701.339,300.169
background04,3,datasheet002,1,datasheet,0,1,background04/datasheet002/frame_0028.jpeg,28,2100.0,2970.0,569.879,718.46,1382.67,776.173,1347.21,310.924,650.336,255.072
background04,3,datasheet002,1,datasheet,0,1,background04/datasheet002/frame_0039.jpeg,39,2100.0,2970.0,643.464,664.505,1414.83,760.546,1418.79,322.206,756.616,253.137
background04,3,datasheet002,1,datasheet,0,1,background04/datasheet002/frame_0060.jpeg,60,2100.0,2970.0,838.72,712.666,1578.85,676.048,1472.79,258.934,828.223,285.555
background04,3,datasheet002,1,datasheet,0,1,background04/datasheet002/frame_0073.jpeg,73,2100.0,2970.0,957.548,741.365,1717.43,688.743,1576.27,243.376,904.948,264.576
background04,3,datasheet002,1,datasheet,0,1,background04/datasheet002/frame_0095.jpeg,95,2100.0,2970.0,852.534,744.035,1624.77,711.667,1497.85,270.982,826.619,273.58
background04,3,datasheet002,1,datasheet,0,1,background04/datasheet002/frame_0098.jpeg,98,2100.0,2970.0,799.69,729.159,1583.65,707.349,1471.23,263.098,792.589,262.568
background04,3,datasheet002,1,datasheet,0,1,background04/datasheet002/frame_0103.jpeg,103,2100.0,2970.0,718.518,720.903,1511.56,723.284,1428.14,274.114,744.203,260.067
background04,3,datasheet002,1,datasheet,0,1,background04/datasheet002/frame_0108.jpeg,108,2100.0,2970.0,648.462,695.674,1449.98,726.963,1397.62,272.556,708.485,241.252
background04,3,datasheet002,1,datasheet,0,1,background04/datasheet002/frame_0110.jpeg,110,2100.0,2970.0,624.379,684.578,1428.72,723.867,1383.68,268.083,692.656,232.053
background04,3,datasheet002,1,datasheet,0,1,background04/datasheet002/frame_0122.jpeg,122,2100.0,2970.0,475.059,679.02,1277.64,699.948,1251.0,249.691,562.192,233.492
background04,3,datasheet002,1,datasheet,0,1,background04/datasheet002/frame_0126.jpeg,126,2100.0,2970.0,435.503,681.977,1240.01,696.889,1215.23,244.88,523.065,233.763
background04,3,datasheet002,1,datasheet,0,1,background04/datasheet002/frame_0132.jpeg,132,2100.0,2970.0,425.065,695.77,1223.6,707.457,1194.51,259.922,509.715,249.237
background04,3,datasheet002,1,datasheet,0,1,background04/datasheet002/frame_0139.jpeg,139,2100.0,2970.0,587.514,683.158,1382.57,708.818,1331.7,262.129,648.634,237.848
background04,3,datasheet002,1,datasheet,0,1,background04/datasheet002/frame_0145.jpeg,145,2100.0,2970.0,710.894,699.297,1501.81,721.976,1434.04,272.878,753.337,250.173
background04,3,datasheet002,1,datasheet,0,1,background04/datasheet002/frame_0149.jpeg,149,2100.0,2970.0,772.315,738.857,1564.48,745.172,1476.34,293.458,794.849,280.191
background04,3,datasheet002,1,datasheet,0,1,background04/datasheet002/frame_0151.jpeg,151,2100.0,2970.0,786.167,756.932,1584.81,752.199,1487.6,296.955,800.054,290.591
background04,3,datasheet002,1,datasheet,0,1,background04/datasheet002/frame_0159.jpeg,159,2100.0,2970.0,765.317,795.794,1562.53,767.711,1452.85,310.182,765.689,318.418
background04,3,datasheet002,1,datasheet,0,1,background04/datasheet002/frame_0162.jpeg,162,2100.0,2970.0,751.123,798.124,1553.82,775.408,1448.42,312.564,756.214,316.362
background04,3,datasheet002,1,datasheet,0,1,background04/datasheet002/frame_0168.jpeg,168,2100.0,2970.0,732.329,774.075,1531.06,769.926,1442.08,307.347,751.071,298.947
background04,3,datasheet003,2,datasheet,0,2,background04/datasheet003/frame_0002.jpeg,2,2100.0,2970.0,565.03,806.696,1336.77,793.926,1267.28,341.139,600.407,335.683
background04,3,datasheet003,2,datasheet,0,2,background04/datasheet003/frame_0004.jpeg,4,2100.0,2970.0,564.579,805.378,1335.59,790.648,1264.7,339.159,598.557,335.176
background04,3,datasheet003,2,datasheet,0,2,background04/datasheet003/frame_0005.jpeg,5,2100.0,2970.0,562.956,803.413,1332.57,787.256,1261.01,337.153,596.258,334.579
background04,3,datasheet003,2,datasheet,0,2,background04/datasheet003/frame_0012.jpeg,12,2100.0,2970.0,557.872,770.725,1320.61,743.945,1242.2,304.917,581.508,310.445
background04,3,datasheet003,2,datasheet,0,2,background04/datasheet003/frame_0015.jpeg,15,2100.0,2970.0,561.503,765.095,1318.58,733.69,1239.02,299.031,584.456,310.064
background04,3,datasheet003,2,datasheet,0,2,background04/datasheet003/frame_0039.jpeg,39,2100.0,2970.0,554.456,630.495,1256.31,727.424,1279.6,327.298,677.328,255.898
background04,3,datasheet003,2,datasheet,0,2,background04/datasheet003/frame_0052.jpeg,52,2100.0,2970.0,564.976,747.909,1287.54,776.643,1253.06,394.248,652.525,376.484
background04,3,datasheet003,2,datasheet,0,2,background04/datasheet003/frame_0057.jpeg,57,2100.0,2970.0,611.806,749.512,1358.24,768.933,1301.66,382.345,687.299,370.66
background04,3,datasheet003,2,datasheet,0,2,background04/datasheet003/frame_0061.jpeg,61,2100.0,2970.0,652.716,767.018,1421.6,789.892,1346.91,394.259,717.759,376.522
background04,3,datasheet003,2,datasheet,0,2,background04/datasheet003/frame_0067.jpeg,67,2100.0,2970.0,657.339,787.076,1471.38,787.169,1357.51,373.195,694.531,359.149
background04,3,datasheet003,2,datasheet,0,2,background04/datasheet003/frame_0077.jpeg,77,2100.0,2970.0,670.976,830.064,1499.42,764.401,1331.66,349.118,650.851,370.395
background04,3,datasheet003,2,datasheet,0,2,background04/datasheet003/frame_0092.jpeg,92,2100.0,2970.0,737.632,655.296,1444.08,621.753,1339.11,224.115,720.441,231.746
background04,3,datasheet003,2,datasheet,0,2,background04/datasheet003/frame_0095.jpeg,95,2100.0,2970.0,743.035,621.063,1444.27,596.739,1351.36,192.941,731.274,194.58
background04,3,datasheet003,2,datasheet,0,2,background04/datasheet003/frame_0098.jpeg,98,2100.0,2970.0,730.651,603.288,1433.4,587.686,1351.82,173.671,724.954,165.672
background04,3,datasheet003,2,datasheet,0,2,background04/datasheet003/frame_0101.jpeg,101,2100.0,2970.0,736.967,630.078,1438.77,618.034,1361.07,195.651,733.713,184.149
background04,3,datasheet003,2,datasheet,0,2,background04/datasheet003/frame_0113.jpeg,113,2100.0,2970.0,735.642,705.138,1461.22,704.493,1398.4,253.671,747.341,235.217
background04,3,datasheet003,2,datasheet,0,2,background04/datasheet003/frame_0121.jpeg,121,2100.0,2970.0,728.812,760.781,1471.4,753.329,1404.29,290.704,741.567,281.051
background04,3,datasheet003,2,datasheet,0,2,background04/datasheet003/frame_0126.jpeg,126,2100.0,2970.0,710.415,758.909,1459.17,730.671,1383.87,268.14,716.078,283.856
background04,3,datasheet003,2,datasheet,0,2,background04/datasheet003/frame_0131.jpeg,131,2100.0,2970.0,711.226,738.181,1461.23,708.367,1386.56,247.565,720.377,273.349
background04,3,datasheet003,2,datasheet,0,2,background04/datasheet003/frame_0132.jpeg,132,2100.0,2970.0,712.491,738.29,1461.72,707.433,1386.55,246.847,721.618,274.614
background04,3,datasheet003,2,datasheet,0,2,background04/datasheet003/frame_0136.jpeg,136,2100.0,2970.0,699.792,769.054,1447.21,721.017,1367.14,262.557,708.292,309.778
background04,3,datasheet003,2,datasheet,0,2,background04/datasheet003/frame_0150.jpeg,150,2100.0,2970.0,659.28,771.628,1403.89,694.685,1316.04,237.077,666.519,325.779
background04,3,datasheet003,2,datasheet,0,2,background04/datasheet003/frame_0160.jpeg,160,2100.0,2970.0,620.039,760.461,1367.86,699.824,1294.1,245.978,643.645,318.433
background04,3,datasheet004,3,datasheet,0,3,background04/datasheet004/frame_0036.jpeg,36,2100.0,2970.0,1357.78,334.293,693.37,360.21,717.159,812.564,1516.56,749.935
background04,3,datasheet004,3,datasheet,0,3,background04/datasheet004/frame_0046.jpeg,46,2100.0,2970.0,1426.9,213.943,755.761,259.558,846.105,732.763,1631.56,628.54
background04,3,datasheet004,3,datasheet,0,3,background04/datasheet004/frame_0052.jpeg,52,2100.0,2970.0,1373.65,244.249,718.341,302.494,835.575,777.004,1595.55,644.506
background04,3,datasheet004,3,datasheet,0,3,background04/datasheet004/frame_0083.jpeg,83,2100.0,2970.0,1367.48,378.661,724.736,361.147,666.359,775.877,1435.87,800.273
background04,3,datasheet004,3,datasheet,0,3,background04/datasheet004/frame_0092.jpeg,92,2100.0,2970.0,1400.31,385.822,755.892,280.763,617.588,665.875,1394.16,807.831
background04,3,datasheet004,3,datasheet,0,3,background04/datasheet004/frame_0094.jpeg,94,2100.0,2970.0,1405.21,405.398,766.366,298.707,621.505,673.009,1395.61,820.594
background04,3,datasheet004,3,datasheet,0,3,background04/datasheet004/frame_0101.jpeg,101,2100.0,2970.0,1403.89,445.798,778.263,357.261,642.083,715.837,1408.69,843.546
background04,3,datasheet004,3,datasheet,0,3,background04/datasheet004/frame_0107.jpeg,107,2100.0,2970.0,1337.74,457.217,719.276,390.806,599.18,744.168,1368.73,836.639
background04,3,datasheet004,3,datasheet,0,3,background04/datasheet004/frame_0110.jpeg,110,2100.0,2970.0,1320.96,485.238,705.076,432.307,601.159,788.631,1373.07,859.348
background04,3,datasheet004,3,datasheet,0,3,background04/datasheet004/frame_0113.jpeg,113,2100.0,2970.0,1322.66,503.331,701.488,467.222,615.134,832.384,1399.21,877.82
background04,3,datasheet004,3,datasheet,0,3,background04/datasheet004/frame_0117.jpeg,117,2100.0,2970.0,1324.29,459.292,700.289,445.818,648.295,818.638,1431.1,827.57
background04,3,datasheet004,3,datasheet,0,3,background04/datasheet004/frame_0118.jpeg,118,2100.0,2970.0,1331.22,443.461,706.727,435.03,662.319,812.253,1443.18,812.974
background04,3,datasheet004,3,datasheet,0,3,background04/datasheet004/frame_0127.jpeg,127,2100.0,2970.0,1368.39,382.219,753.227,414.59,762.221,827.794,1494.66,775.506
background04,3,datasheet004,3,datasheet,0,3,background04/datasheet004/frame_0132.jpeg,132,2100.0,2970.0,1348.97,340.055,721.774,376.939,738.664,807.733,1471.76,746.473
background04,3,datasheet004,3,datasheet,0,3,background04/datasheet004/frame_0133.jpeg,133,2100.0,2970.0,1344.31,316.645,714.178,353.5,732.881,787.667,1465.17,726.4
background04,3,datasheet004,3,datasheet,0,3,background04/datasheet004/frame_0136.jpeg,136,2100.0,2970.0,1344.54,282.884,709.603,317.769,728.134,761.11,1457.46,702.718
background04,3,datasheet004,3,datasheet,0,3,background04/datasheet004/frame_0138.jpeg,138,2100.0,2970.0,1353.6,281.741,713.966,316.136,733.62,767.101,1466.3,709.348
background04,3,datasheet004,3,datasheet,0,3,background04/datasheet004/frame_0157.jpeg,157,2100.0,2970.0,1415.24,246.536,712.176,294.936,738.064,809.903,1513.97,740.283
background04,3,datasheet005,4,datasheet,0,4,background04/datasheet005/frame_0002.jpeg,2,2100.0,2970.0,642.719,739.905,1412.07,803.76,1392.85,330.934,715.272,271.561
background04,3,datasheet005,4,datasheet,0,4,background04/datasheet005/frame_0003.jpeg,3,2100.0,2970.0,646.577,741.683,1414.42,804.325,1393.53,335.527,718.621,277.019
background04,3,datasheet005,4,datasheet,0,4,background04/datasheet005/frame_0010.jpeg,10,2100.0,2970.0,689.828,697.016,1446.67,754.643,1417.51,301.144,753.84,248.137
background04,3,datasheet005,4,datasheet,0,4,background04/datasheet005/frame_0032.jpeg,32,2100.0,2970.0,632.005,567.697,1313.27,796.605,1432.15,381.282,824.067,210.266
background04,3,datasheet005,4,datasheet,0,4,background04/datasheet005/frame_0035.jpeg,35,2100.0,2970.0,656.813,547.207,1322.31,786.183,1451.0,381.567,855.318,203.849
background04,3,datasheet005,4,datasheet,0,4,background04/datasheet005/frame_0046.jpeg,46,2100.0,2970.0,672.399,625.91,1355.77,804.866,1435.99,393.23,833.75,264.315
background04,3,datasheet005,4,datasheet,0,4,background04/datasheet005/frame_0061.jpeg,61,2100.0,2970.0,757.738,784.54,1511.47,794.695,1444.5,355.174,795.852,347.835
background04,3,datasheet005,4,datasheet,0,4,background04/datasheet005/frame_0067.jpeg,67,2100.0,2970.0,796.583,823.979,1548.39,796.468,1439.03,374.252,799.731,392.77
background04,3,datasheet005,4,datasheet,0,4,background04/datasheet005/frame_0074.jpeg,74,2100.0,2970.0,848.743,748.305,1577.08,726.383,1459.84,340.962,843.942,351.33
background04,3,datasheet005,4,datasheet,0,4,background04/datasheet005/frame_0092.jpeg,92,2100.0,2970.0,846.297,756.308,1573.54,785.386,1477.84,413.209,872.675,386.563
background04,3,datasheet005,4,datasheet,0,4,background04/datasheet005/frame_0096.jpeg,96,2100.0,2970.0,826.221,724.713,1546.91,767.331,1475.12,381.943,867.084,347.613
background04,3,datasheet005,4,datasheet,0,4,background04/datasheet005/frame_0115.jpeg,115,2100.0,2970.0,659.223,656.022,1380.97,852.826,1461.12,411.925,827.566,268.343
background04,3,datasheet005,4,datasheet,0,4,background04/datasheet005/frame_0118.jpeg,118,2100.0,2970.0,647.786,640.6,1365.82,852.348,1462.12,407.716,827.631,253.257
background04,3,datasheet005,4,datasheet,0,4,background04/datasheet005/frame_0119.jpeg,119,2100.0,2970.0,649.724,640.056,1365.4,849.188,1463.49,405.882,829.316,253.572
background04,3,datasheet005,4,datasheet,0,4,background04/datasheet005/frame_0124.jpeg,124,2100.0,2970.0,633.217,651.29,1353.22,836.57,1437.25,386.758,798.491,251.78
background04,3,datasheet005,4,datasheet,0,4,background04/datasheet005/frame_0126.jpeg,126,2100.0,2970.0,632.125,678.53,1355.68,851.563,1429.29,396.795,788.77,270.831
background04,3,datasheet005,4,datasheet,0,4,background04/datasheet005/frame_0134.jpeg,134,2100.0,2970.0,603.374,706.079,1354.17,824.042,1385.34,354.279,719.407,255.616
background04,3,datasheet005,4,datasheet,0,4,background04/datasheet005/frame_0138.jpeg,138,2100.0,2970.0,623.28,726.192,1385.15,815.332,1388.45,340.542,711.52,257.64
background04,3,letter001,5,letter,1,0,background04/letter001/frame_0004.jpeg,4,2100.0,2970.0,1278.32,267.245,651.537,368.708,731.653,816.672,1436.8,673.135
background04,3,letter001,5,letter,1,0,background04/letter001/frame_0009.jpeg,9,2100.0,2970.0,1311.75,259.277,695.56,355.844,779.541,795.744,1474.09,655.943
background04,3,letter001,5,letter,1,0,background04/letter001/frame_0031.jpeg,31,2100.0,2970.0,1308.89,345.772,686.617,395.173,696.46,808.151,1431.82,738.324
background04,3,letter001,5,letter,1,0,background04/letter001/frame_0076.jpeg,76,2100.0,2970.0,1337.08,257.313,744.549,396.441,867.561,806.328,1542.23,617.136
background04,3,letter001,5,letter,1,0,background04/letter001/frame_0080.jpeg,80,2100.0,2970.0,1334.27,267.642,748.714,406.708,889.201,824.582,1548.11,627.713
background04,3,letter001,5,letter,1,0,background04/letter001/frame_0084.jpeg,84,2100.0,2970.0,1374.54,269.324,788.863,395.079,935.752,825.825,1585.93,641.081
background04,3,letter001,5,letter,1,0,background04/letter001/frame_0123.jpeg,123,2100.0,2970.0,1355.42,239.752,688.687,317.0,724.019,791.286,1469.85,697.576
background04,3,letter001,5,letter,1,0,background04/letter001/frame_0132.jpeg,132,2100.0,2970.0,1346.0,192.569,590.458,304.036,672.085,870.362,1504.16,709.533
background04,3,letter001,5,letter,1,0,background04/letter001/frame_0135.jpeg,135,2100.0,2970.0,1369.53,202.817,591.366,316.159,672.887,901.955,1534.54,735.982
background04,3,letter001,5,letter,1,0,background04/letter001/frame_0140.jpeg,140,2100.0,2970.0,1336.12,193.6,567.53,313.775,656.351,884.08,1500.33,711.647
background04,3,letter001,5,letter,1,0,background04/letter001/frame_0147.jpeg,147,2100.0,2970.0,1245.37,227.074,536.355,343.698,604.521,858.75,1397.22,701.613
background04,3,letter002,6,letter,1,1,background04/letter002/frame_0013.jpeg,13,2100.0,2970.0,748.162,793.212,1502.88,701.77,1363.52,261.515,700.838,318.26
background04,3,letter002,6,letter,1,1,background04/letter002/frame_0020.jpeg,20,2100.0,2970.0,657.389,783.821,1435.7,745.301,1338.04,292.467,664.428,314.639
background04,3,letter002,6,letter,1,1,background04/letter002/frame_0025.jpeg,25,2100.0,2970.0,595.515,714.296,1382.48,738.619,1333.3,282.384,656.434,261.404
background04,3,letter002,6,letter,1,1,background04/letter002/frame_0031.jpeg,31,2100.0,2970.0,579.327,715.522,1344.95,757.561,1316.13,315.71,661.578,288.086
background04,3,letter002,6,letter,1,1,background04/letter002/frame_0041.jpeg,41,2100.0,2970.0,532.396,706.568,1278.92,764.843,1269.32,359.986,642.934,324.609
background04,3,letter002,6,letter,1,1,background04/letter002/frame_0042.jpeg,42,2100.0,2970.0,533.225,707.673,1279.6,767.38,1270.38,360.96,645.816,325.366
background04,3,letter002,6,letter,1,1,background04/letter002/frame_0064.jpeg,64,2100.0,2970.0,685.618,817.139,1446.54,764.288,1338.41,342.147,693.153,383.835
background04,3,letter002,6,letter,1,1,background04/letter002/frame_0102.jpeg,102,2100.0,2970.0,884.958,765.631,1545.79,655.846,1417.82,237.994,809.618,318.122
background04,3,letter002,6,letter,1,1,background04/letter002/frame_0107.jpeg,107,2100.0,2970.0,795.176,808.433,1484.71,714.361,1366.61,282.423,741.635,351.95
background04,3,letter002,6,letter,1,1,background04/letter002/frame_0110.jpeg,110,2100.0,2970.0,766.744,810.496,1475.28,742.295,1373.56,300.015,737.35,350.714
background04,3,letter002,6,letter,1,1,background04/letter002/frame_0121.jpeg,121,2100.0,2970.0,662.617,805.04,1474.42,775.791,1388.12,279.014,674.379,297.699
background04,3,letter002,6,letter,1,1,background04/letter002/frame_0127.jpeg,127,2100.0,2970.0,666.715,800.026,1514.63,763.623,1419.15,249.884,676.28,273.185
background04,3,letter002,6,letter,1,1,background04/letter002/frame_0134.jpeg,134,2100.0,2970.0,650.342,807.96,1544.47,753.723,1431.25,211.768,649.393,242.951
background04,3,letter002,6,letter,1,1,background04/letter002/frame_0135.jpeg,135,2100.0,2970.0,634.384,820.955,1537.36,762.881,1422.27,217.913,634.36,249.23
background04,3,letter002,6,letter,1,1,background04/letter002/frame_0139.jpeg,139,2100.0,2970.0,638.774,843.754,1560.46,777.837,1431.38,226.34,630.73,258.513
background04,3,letter002,6,letter,1,1,background04/letter002/frame_0140.jpeg,140,2100.0,2970.0,641.617,840.931,1563.49,771.929,1430.95,222.454,629.942,256.777
background04,3,letter003,7,letter,1,2,background04/letter003/frame_0006.jpeg,6,2100.0,2970.0,1400.21,250.216,734.288,320.344,840.388,831.776,1587.58,694.221
background04,3,letter003,7,letter,1,2,background04/letter003/frame_0013.jpeg,13,2100.0,2970.0,1415.63,266.629,754.743,331.65,863.579,844.039,1606.88,708.12
background04,3,letter003,7,letter,1,2,background04/letter003/frame_0020.jpeg,20,2100.0,2970.0,1366.79,298.128,701.27,375.697,798.682,874.881,1562.31,730.754
background04,3,letter003,7,letter,1,2,background04/letter003/frame_0025.jpeg,25,2100.0,2970.0,1324.42,294.687,644.053,361.473,696.104,849.525,1491.08,732.973
background04,3,letter003,7,letter,1,2,background04/letter003/frame_0046.jpeg,46,2100.0,2970.0,1357.94,425.561,715.043,416.619,651.412,802.926,1455.41,814.17
background04,3,letter003,7,letter,1,2,background04/letter003/frame_0058.jpeg,58,2100.0,2970.0,1345.94,337.803,709.734,337.229,648.649,724.899,1421.44,729.987
background04,3,letter003,7,letter,1,2,background04/letter003/frame_0079.jpeg,79,2100.0,2970.0,1293.39,258.352,652.02,341.533,721.396,820.957,1421.78,698.027
background04,3,letter003,7,letter,1,2,background04/letter003/frame_0084.jpeg,84,2100.0,2970.0,1358.06,236.318,720.431,355.085,830.474,840.551,1515.17,676.232
background04,3,letter003,7,letter,1,2,background04/letter003/frame_0098.jpeg,98,2100.0,2970.0,1332.78,147.514,666.132,322.976,844.636,847.429,1537.93,602.143
background04,3,letter003,7,letter,1,2,background04/letter003/frame_0144.jpeg,144,2100.0,2970.0,1371.35,249.836,617.165,255.902,580.168,791.335,1447.05,777.178
background04,3,letter003,7,letter,1,2,background04/letter003/frame_0147.jpeg,147,2100.0,2970.0,1386.12,253.184,610.73,273.097,585.634,830.397,1479.35,796.708
background04,3,letter003,7,letter,1,2,background04/letter003/frame_0148.jpeg,148,2100.0,2970.0,1395.46,254.904,615.959,276.738,592.963,838.153,1492.18,802.237
background04,3,letter004,8,letter,1,3,background04/letter004/frame_0003.jpeg,3,2100.0,2970.0,518.982,716.524,1322.95,860.71,1367.89,356.298,656.283,228.872
background04,3,letter004,8,letter,1,3,background04/letter004/frame_0006.jpeg,6,2100.0,2970.0,506.276,711.891,1298.22,873.972,1357.22,377.482,659.482,239.078
background04,3,letter004,8,letter,1,3,background04/letter004/frame_0016.jpeg,16,2100.0,2970.0,531.634,673.038,1294.79,861.65,1372.81,394.479,705.059,244.651
background04,3,letter004,8,letter,1,3,background04/letter004/frame_0017.jpeg,17,2100.0,2970.0,535.284,669.06,1295.93,856.067,1372.6,392.881,708.625,245.379
background04,3,letter004,8,letter,1,3,background04/letter004/frame_0026.jpeg,26,2100.0,2970.0,551.314,768.337,1359.67,882.2,1369.91,412.15,686.029,328.453
background04,3,letter004,8,letter,1,3,background04/letter004/frame_0064.jpeg,64,2100.0,2970.0,513.977,749.021,1280.89,885.611,1341.47,384.918,651.857,275.462
background04,3,letter004,8,letter,1,3,background04/letter004/frame_0066.jpeg,66,2100.0,2970.0,462.179,746.715,1224.49,872.333,1286.99,372.568,601.072,274.081
background04,3,letter004,8,letter,1,3,background04/letter004/frame_0068.jpeg,68,2100.0,2970.0,422.119,751.195,1186.58,872.445,1247.64,370.32,560.971,274.662
background04,3,letter004,8,letter,1,3,background04/letter004/frame_0069.jpeg,69,2100.0,2970.0,413.075,755.842,1179.03,875.746,1238.93,373.408,551.228,279.206
background04,3,letter004,8,letter,1,3,background04/letter004/frame_0072.jpeg,72,2100.0,2970.0,378.605,780.784,1146.61,895.318,1204.85,393.905,517.263,302.591
background04,3,letter004,8,letter,1,3,background04/letter004/frame_0073.jpeg,73,2100.0,2970.0,360.686,782.704,1132.06,893.48,1188.53,391.291,498.402,300.874
background04,3,letter004,8,letter,1,3,background04/letter004/frame_0076.jpeg,76,2100.0,2970.0,355.182,746.627,1136.7,858.622,1190.57,354.044,487.813,257.873
background04,3,letter004,8,letter,1,3,background04/letter004/frame_0088.jpeg,88,2100.0,2970.0,586.107,757.136,1331.05,857.389,1355.98,377.316,679.609,273.945
background04,3,letter004,8,letter,1,3,background04/letter004/frame_0109.jpeg,109,2100.0,2970.0,721.183,771.064,1521.13,840.937,1499.26,329.751,779.114,236.56
background04,3,letter004,8,letter,1,3,background04/letter004/frame_0127.jpeg,127,2100.0,2970.0,626.649,781.602,1475.15,874.352,1470.02,340.012,719.018,240.092
background04,3,letter004,8,letter,1,3,background04/letter004/frame_0134.jpeg,134,2100.0,2970.0,540.509,757.675,1369.56,911.372,1412.29,389.257,682.324,254.247
background04,3,letter005,9,letter,1,4,background04/letter005/frame_0013.jpeg,13,2100.0,2970.0,1564.26,316.891,887.875,302.264,899.855,801.824,1652.58,792.174
background04,3,letter005,9,letter,1,4,background04/letter005/frame_0027.jpeg,27,2100.0,2970.0,1320.21,340.349,629.317,334.823,601.669,828.673,1381.58,817.123
background04,3,letter005,9,letter,1,4,background04/letter005/frame_0029.jpeg,29,2100.0,2970.0,1295.68,346.631,604.468,335.781,569.987,828.098,1350.64,823.769
background04,3,letter005,9,letter,1,4,background04/letter005/frame_0030.jpeg,30,2100.0,2970.0,1284.68,343.815,592.986,328.695,552.014,815.914,1333.15,819.643
background04,3,letter005,9,letter,1,4,background04/letter005/frame_0031.jpeg,31,2100.0,2970.0,1277.05,345.024,586.417,326.143,540.328,812.206,1321.79,820.637
background04,3,letter005,9,letter,1,4,background04/letter005/frame_0036.jpeg,36,2100.0,2970.0,1235.42,359.439,553.462,340.263,493.469,816.549,1269.6,829.981
background04,3,letter005,9,letter,1,4,background04/letter005/frame_0049.jpeg,49,2100.0,2970.0,1219.79,436.436,567.902,388.553,460.833,822.665,1222.28,886.901
background04,3,letter005,9,letter,1,4,background04/letter005/frame_0058.jpeg,58,2100.0,2970.0,1227.56,382.294,592.924,333.514,481.899,736.17,1228.1,804.228
background04,3,letter005,9,letter,1,4,background04/letter005/frame_0062.jpeg,62,2100.0,2970.0,1214.72,418.045,585.421,384.663,484.335,784.677,1231.99,830.028
background04,3,letter005,9,letter,1,4,background04/letter005/frame_0063.jpeg,63,2100.0,2970.0,1200.82,417.688,571.215,393.012,476.949,794.461,1225.37,825.822
background04,3,letter005,9,letter,1,4,background04/letter005/frame_0066.jpeg,66,2100.0,2970.0,1167.06,411.288,533.866,419.603,473.919,831.891,1225.15,816.487
background04,3,letter005,9,letter,1,4,background04/letter005/frame_0131.jpeg,131,2100.0,2970.0,1386.59,291.885,727.57,294.832,733.624,770.936,1454.59,748.739
background04,3,letter005,9,letter,1,4,background04/letter005/frame_0137.jpeg,137,2100.0,2970.0,1419.71,274.066,732.658,256.952,715.783,749.185,1464.94,753.539
background04,3,magazine001,10,magazine,2,0,background04/magazine001/frame_0014.jpeg,14,2100.0,2970.0,1549.9,372.932,868.132,230.574,746.256,693.976,1521.52,857.438
background04,3,magazine001,10,magazine,2,0,background04/magazine001/frame_0036.jpeg,36,2100.0,2970.0,1382.26,520.6,803.757,368.866,623.8,711.587,1291.69,921.854
background04,3,magazine001,10,magazine,2,0,background04/magazine001/frame_0060.jpeg,60,2100.0,2970.0,1473.03,474.04,874.647,363.418,767.911,736.495,1467.26,879.032
background04,3,magazine001,10,magazine,2,0,background04/magazine001/frame_0062.jpeg,62,2100.0,2970.0,1489.32,448.487,887.524,342.383,787.455,716.015,1487.68,850.631
background04,3,magazine001,10,magazine,2,0,background04/magazine001/frame_0067.jpeg,67,2100.0,2970.0,1491.58,341.473,877.529,242.456,794.077,633.102,1501.98,748.853
background04,3,magazine001,10,magazine,2,0,background04/magazine001/frame_0072.jpeg,72,2100.0,2970.0,1473.68,322.178,854.715,241.675,787.491,644.666,1498.23,735.309
background04,3,magazine001,10,magazine,2,0,background04/magazine001/frame_0077.jpeg,77,2100.0,2970.0,1461.1,329.239,841.939,248.812,774.818,660.283,1481.45,749.912
background04,3,magazine001,10,magazine,2,0,background04/magazine001/frame_0087.jpeg,87,2100.0,2970.0,1500.37,303.642,888.119,203.665,798.542,611.758,1476.96,730.447
background04,3,magazine001,10,magazine,2,0,background04/magazine001/frame_0090.jpeg,90,2100.0,2970.0,1451.3,311.863,842.297,203.752,742.22,609.161,1412.56,737.828
background04,3,magazine001,10,magazine,2,0,background04/magazine001/frame_0126.jpeg,126,2100.0,2970.0,1313.18,437.009,714.012,301.139,564.87,693.383,1235.11,864.922
background04,3,magazine001,10,magazine,2,0,background04/magazine001/frame_0144.jpeg,144,2100.0,2970.0,1271.43,432.945,692.606,249.919,564.735,640.952,1239.28,827.995
background04,3,magazine001,10,magazine,2,0,background04/magazine001/frame_0148.jpeg,148,2100.0,2970.0,1274.78,459.804,704.644,259.572,568.724,643.874,1242.18,850.097
background04,3,magazine001,10,magazine,2,0,background04/magazine001/frame_0150.jpeg,150,2100.0,2970.0,1284.13,445.542,711.738,237.493,576.675,623.625,1252.34,835.839
background04,3,magazine001,10,magazine,2,0,background04/magazine001/frame_0151.jpeg,151,2100.0,2970.0,1291.55,444.159,719.353,235.553,585.804,623.022,1261.08,836.472
background04,3,magazine002,11,magazine,2,1,background04/magazine002/frame_0015.jpeg,15,2100.0,2970.0,1203.74,315.029,575.241,392.464,598.357,835.437,1313.49,733.207
background04,3,magazine002,11,magazine,2,1,background04/magazine002/frame_0032.jpeg,32,2100.0,2970.0,1177.61,400.397,588.758,399.631,512.724,779.226,1205.61,788.075
background04,3,magazine002,11,magazine,2,1,background04/magazine002/frame_0046.jpeg,46,2100.0,2970.0,1182.88,409.811,605.622,405.708,511.896,754.321,1206.33,769.896
background04,3,magazine002,11,magazine,2,1,background04/magazine002/frame_0054.jpeg,54,2100.0,2970.0,1174.2,385.513,584.654,402.148,521.439,765.043,1230.75,745.787
background04,3,magazine002,11,magazine,2,1,background04/magazine002/frame_0067.jpeg,67,2100.0,2970.0,1269.97,326.369,672.944,403.336,703.019,791.036,1411.06,683.783
background04,3,magazine002,11,magazine,2,1,background04/magazine002/frame_0075.jpeg,75,2100.0,2970.0,1270.73,273.359,683.017,419.808,798.138,824.129,1476.73,624.93
background04,3,magazine002,11,magazine,2,1,background04/magazine002/frame_0076.jpeg,76,2100.0,2970.0,1273.43,275.89,687.692,425.737,806.185,828.9,1482.67,625.814
background04,3,magazine002,11,magazine,2,1,background04/magazine002/frame_0111.jpeg,111,2100.0,2970.0,1358.75,202.336,783.51,289.595,852.691,705.732,1468.4,601.485
background04,3,magazine002,11,magazine,2,1,background04/magazine002/frame_0117.jpeg,117,2100.0,2970.0,1430.73,193.036,795.227,248.321,826.626,706.812,1498.34,646.999
background04,3,magazine002,11,magazine,2,1,background04/magazine002/frame_0121.jpeg,121,2100.0,2970.0,1447.92,232.564,780.316,278.124,797.855,756.03,1503.99,714.849
background04,3,magazine003,12,magazine,2,2,background04/magazine003/frame_0015.jpeg,15,2100.0,2970.0,1060.56,317.844,452.526,374.152,437.401,789.886,1135.89,711.078
background04,3,magazine003,12,magazine,2,2,background04/magazine003/frame_0022.jpeg,22,2100.0,2970.0,1047.39,345.097,454.289,385.533,417.475,787.354,1102.65,734.619
background04,3,magazine003,12,magazine,2,2,background04/magazine003/frame_0023.jpeg,23,2100.0,2970.0,1060.59,392.361,474.652,424.882,428.726,822.822,1110.44,780.069
background04,3,magazine003,12,magazine,2,2,background04/magazine003/frame_0044.jpeg,44,2100.0,2970.0,1193.61,373.674,608.368,398.981,562.337,763.533,1262.47,730.672
background04,3,magazine003,12,magazine,2,2,background04/magazine003/frame_0047.jpeg,47,2100.0,2970.0,1246.1,355.663,650.375,402.75,636.116,782.394,1347.21,719.711
background04,3,magazine003,12,magazine,2,2,background04/magazine003/frame_0056.jpeg,56,2100.0,2970.0,1344.49,309.878,739.545,408.112,811.711,815.688,1523.27,676.695
background04,3,magazine003,12,magazine,2,2,background04/magazine003/frame_0058.jpeg,58,2100.0,2970.0,1342.14,300.248,736.196,405.674,818.572,817.283,1526.14,669.435
background04,3,magazine003,12,magazine,2,2,background04/magazine003/frame_0061.jpeg,61,2100.0,2970.0,1323.58,305.35,719.954,412.014,806.829,827.396,1508.54,674.706
background04,3,magazine003,12,magazine,2,2,background04/magazine003/frame_0074.jpeg,74,2100.0,2970.0,1347.71,267.239,732.705,359.191,801.466,806.207,1485.07,684.853
background04,3,magazine003,12,magazine,2,2,background04/magazine003/frame_0077.jpeg,77,2100.0,2970.0,1346.12,299.898,723.619,386.008,781.188,839.549,1470.52,727.584
background04,3,magazine003,12,magazine,2,2,background04/magazine003/frame_0088.jpeg,88,2100.0,2970.0,1352.28,196.703,608.613,309.233,676.288,858.495,1491.0,716.631
background04,3,magazine003,12,magazine,2,2,background04/magazine003/frame_0101.jpeg,101,2100.0,2970.0,1300.15,190.779,499.878,304.701,572.952,906.097,1446.03,744.372
background04,3,magazine003,12,magazine,2,2,background04/magazine003/frame_0114.jpeg,114,2100.0,2970.0,1253.99,285.784,541.43,318.839,593.892,865.707,1384.92,764.337
background04,3,magazine003,12,magazine,2,2,background04/magazine003/frame_0132.jpeg,132,2100.0,2970.0,1318.1,434.35,715.862,327.763,708.263,805.381,1407.04,857.006
background04,3,magazine003,12,magazine,2,2,background04/magazine003/frame_0135.jpeg,135,2100.0,2970.0,1282.98,424.917,689.192,320.248,689.521,788.195,1377.94,833.51
background04,3,magazine003,12,magazine,2,2,background04/magazine003/frame_0140.jpeg,140,2100.0,2970.0,1284.83,394.036,695.33,310.518,715.298,762.881,1395.22,789.893
background04,3,magazine003,12,magazine,2,2,background04/magazine003/frame_0148.jpeg,148,2100.0,2970.0,1342.88,434.643,757.087,446.987,800.742,860.885,1486.62,808.034
background04,3,magazine003,12,magazine,2,2,background04/magazine003/frame_0158.jpeg,158,2100.0,2970.0,1360.32,301.353,762.257,380.175,797.559,775.654,1499.19,674.863
background04,3,magazine003,12,magazine,2,2,background04/magazine003/frame_0160.jpeg,160,2100.0,2970.0,1333.81,327.092,742.713,422.65,774.168,809.957,1471.67,694.068
background04,3,magazine003,12,magazine,2,2,background04/magazine003/frame_0165.jpeg,165,2100.0,2970.0,1333.04,304.398,760.105,437.425,785.724,806.356,1465.55,664.796
background04,3,magazine004,13,magazine,2,3,background04/magazine004/frame_0004.jpeg,4,2100.0,2970.0,637.041,707.584,1328.88,737.942,1305.85,363.371,713.706,349.876
background04,3,magazine004,13,magazine,2,3,background04/magazine004/frame_0006.jpeg,6,2100.0,2970.0,642.577,708.188,1329.38,737.979,1307.32,369.255,720.237,357.419
background04,3,magazine004,13,magazine,2,3,background04/magazine004/frame_0021.jpeg,21,2100.0,2970.0,703.595,631.695,1369.95,741.266,1402.23,378.31,825.029,308.047
background04,3,magazine004,13,magazine,2,3,background04/magazine004/frame_0031.jpeg,31,2100.0,2970.0,655.346,729.399,1344.95,762.262,1328.04,386.434,738.722,373.109
background04,3,magazine004,13,magazine,2,3,background04/magazine004/frame_0043.jpeg,43,2100.0,2970.0,698.268,715.965,1401.47,632.455,1290.1,259.126,680.082,323.846
background04,3,magazine004,13,magazine,2,3,background04/magazine004/frame_0044.jpeg,44,2100.0,2970.0,679.456,736.316,1376.09,641.612,1256.84,273.418,652.864,342.968
background04,3,magazine004,13,magazine,2,3,background04/magazine004/frame_0047.jpeg,47,2100.0,2970.0,651.294,744.316,1342.3,630.763,1205.35,269.269,600.804,347.148
background04,3,magazine004,13,magazine,2,3,background04/magazine004/frame_0058.jpeg,58,2100.0,2970.0,621.135,797.503,1283.06,661.719,1150.08,297.225,559.103,395.801
background04,3,magazine004,13,magazine,2,3,background04/magazine004/frame_0059.jpeg,59,2100.0,2970.0,613.809,784.497,1273.26,639.978,1138.68,277.454,547.825,382.931
background04,3,magazine004,13,magazine,2,3,background04/magazine004/frame_0064.jpeg,64,2100.0,2970.0,692.51,796.373,1327.82,602.776,1158.98,240.765,579.327,391.101
background04,3,magazine004,13,magazine,2,3,background04/magazine004/frame_0074.jpeg,74,2100.0,2970.0,787.566,777.606,1357.63,538.223,1152.09,203.506,611.095,388.272
background04,3,magazine004,13,magazine,2,3,background04/magazine004/frame_0086.jpeg,86,2100.0,2970.0,848.249,717.117,1443.08,572.628,1298.18,209.316,743.361,321.855
background04,3,magazine004,13,magazine,2,3,background04/magazine004/frame_0102.jpeg,102,2100.0,2970.0,688.281,724.758,1369.35,650.755,1279.44,230.947,655.046,284.172
background04,3,magazine004,13,magazine,2,3,background04/magazine004/frame_0111.jpeg,111,2100.0,2970.0,628.544,754.717,1380.27,685.997,1288.11,230.277,609.178,274.322
background04,3,magazine004,13,magazine,2,3,background04/magazine004/frame_0115.jpeg,115,2100.0,2970.0,619.624,737.435,1383.16,669.942,1290.87,208.428,600.354,250.792
background04,3,magazine004,13,magazine,2,3,background04/magazine004/frame_0127.jpeg,127,2100.0,2970.0,660.961,701.255,1402.23,649.811,1304.74,230.477,651.564,259.708
background04,3,magazine005,14,magazine,2,4,background04/magazine005/frame_0009.jpeg,9,2100.0,2970.0,1352.02,305.3,682.652,291.592,636.204,749.94,1407.48,761.912
background04,3,magazine005,14,magazine,2,4,background04/magazine005/frame_0016.jpeg,16,2100.0,2970.0,1175.27,324.595,518.538,319.008,450.45,764.402,1209.44,770.903
background04,3,magazine005,14,magazine,2,4,background04/magazine005/frame_0027.jpeg,27,2100.0,2970.0,1114.22,332.876,482.161,326.827,392.141,750.425,1121.07,769.555
background04,3,magazine005,14,magazine,2,4,background04/magazine005/frame_0028.jpeg,28,2100.0,2970.0,1109.58,344.665,478.815,334.23,383.563,755.852,1112.04,780.348
background04,3,magazine005,14,magazine,2,4,background04/magazine005/frame_0042.jpeg,42,2100.0,2970.0,1311.6,361.141,713.401,264.824,565.367,615.605,1266.15,752.283
background04,3,magazine005,14,magazine,2,4,background04/magazine005/frame_0045.jpeg,45,2100.0,2970.0,1311.15,364.413,713.495,278.737,578.047,634.249,1279.19,755.517
background04,3,magazine005,14,magazine,2,4,background04/magazine005/frame_0125.jpeg,125,2100.0,2970.0,1282.63,231.486,623.318,266.698,636.735,724.587,1387.3,665.265
background04,3,magazine005,14,magazine,2,4,background04/magazine005/frame_0136.jpeg,136,2100.0,2970.0,1308.44,384.416,677.357,388.059,661.188,806.786,1415.15,786.25
background04,3,magazine005,14,magazine,2,4,background04/magazine005/frame_0142.jpeg,142,2100.0,2970.0,1358.95,340.648,734.405,318.669,687.915,712.995,1430.46,738.322
background04,3,paper001,15,paper,3,0,background04/paper001/frame_0029.jpeg,29,2100.0,2970.0,595.938,613.488,1191.21,858.001,1336.92,499.012,807.54,318.5
background04,3,paper001,15,paper,3,0,background04/paper001/frame_0047.jpeg,47,2100.0,2970.0,548.335,660.98,1218.59,849.506,1296.99,499.525,736.051,365.099
background04,3,paper001,15,paper,3,0,background04/paper001/frame_0048.jpeg,48,2100.0,2970.0,547.097,660.421,1223.23,841.16,1294.7,492.641,729.85,363.733
background04,3,paper001,15,paper,3,0,background04/paper001/frame_0049.jpeg,49,2100.0,2970.0,551.945,662.572,1234.13,832.618,1297.09,479.622,728.556,357.458
background04,3,paper001,15,paper,3,0,background04/paper001/frame_0066.jpeg,66,2100.0,2970.0,713.87,602.3,1421.63,634.802,1367.84,247.001,754.633,215.966
background04,3,paper001,15,paper,3,0,background04/paper001/frame_0079.jpeg,79,2100.0,2970.0,730.002,711.002,1424.63,788.064,1410.41,365.348,796.046,297.909
background04,3,paper001,15,paper,3,0,background04/paper001/frame_0085.jpeg,85,2100.0,2970.0,655.848,713.851,1355.97,825.205,1386.67,377.098,758.447,290.249
background04,3,paper001,15,paper,3,0,background04/paper001/frame_0117.jpeg,117,2100.0,2970.0,654.117,643.561,1286.51,721.616,1354.18,287.801,773.944,272.104
background04,3,paper001,15,paper,3,0,background04/paper001/frame_0119.jpeg,119,2100.0,2970.0,647.938,637.451,1284.82,712.333,1345.92,285.686,765.55,269.207
background04,3,paper002,16,paper,3,1,background04/paper002/frame_0006.jpeg,6,2100.0,2970.0,1460.91,422.699,865.527,312.96,771.409,689.098,1450.51,821.559
background04,3,paper002,16,paper,3,1,background04/paper002/frame_0016.jpeg,16,2100.0,2970.0,1602.23,438.294,1002.24,317.227,908.212,692.18,1589.03,845.008
background04,3,paper002,16,paper,3,1,background04/paper002/frame_0024.jpeg,24,2100.0,2970.0,1509.63,426.988,912.516,315.754,811.889,690.106,1494.55,829.512
background04,3,paper002,16,paper,3,1,background04/paper002/frame_0041.jpeg,41,2100.0,2970.0,1386.57,468.786,808.167,333.53,637.004,653.347,1308.77,843.547
background04,3,paper002,16,paper,3,1,background04/paper002/frame_0055.jpeg,55,2100.0,2970.0,1340.49,480.573,754.846,376.983,587.089,686.184,1289.65,838.44
background04,3,paper002,16,paper,3,1,background04/paper002/frame_0063.jpeg,63,2100.0,2970.0,1361.38,454.007,753.513,353.539,626.956,683.396,1367.85,816.214
background04,3,paper002,16,paper,3,1,background04/paper002/frame_0079.jpeg,79,2100.0,2970.0,1371.23,414.345,767.375,311.399,711.913,682.232,1436.21,784.155
background04,3,paper002,16,paper,3,1,background04/paper002/frame_0097.jpeg,97,2100.0,2970.0,1380.08,311.464,782.486,231.07,742.845,658.117,1402.19,721.178
background04,3,paper002,16,paper,3,1,background04/paper002/frame_0110.jpeg,110,2100.0,2970.0,1421.58,345.456,804.616,304.996,742.346,719.82,1422.62,777.725
background04,3,paper002,16,paper,3,1,background04/paper002/frame_0112.jpeg,112,2100.0,2970.0,1400.76,350.855,779.787,305.689,703.49,716.753,1388.45,787.179
background04,3,paper003,17,paper,3,2,background04/paper003/frame_0031.jpeg,31,2100.0,2970.0,727.991,657.869,1457.13,820.218,1439.48,462.398,841.059,330.884
background04,3,paper003,17,paper,3,2,background04/paper003/frame_0043.jpeg,43,2100.0,2970.0,637.359,635.876,1392.7,783.483,1443.1,386.133,805.897,296.457
background04,3,paper003,17,paper,3,2,background04/paper003/frame_0047.jpeg,47,2100.0,2970.0,705.821,617.615,1435.87,778.611,1522.09,372.177,887.409,283.857
background04,3,paper003,17,paper,3,2,background04/paper003/frame_0062.jpeg,62,2100.0,2970.0,767.541,597.856,1428.67,736.283,1557.78,267.116,927.855,222.638
background04,3,paper003,17,paper,3,2,background04/paper003/frame_0071.jpeg,71,2100.0,2970.0,729.61,655.24,1375.7,816.141,1506.79,331.735,881.337,259.324
background04,3,paper003,17,paper,3,2,background04/paper003/frame_0080.jpeg,80,2100.0,2970.0,640.409,591.239,1325.82,737.015,1420.08,273.419,777.614,178.819
background04,3,paper003,17,paper,3,2,background04/paper003/frame_0087.jpeg,87,2100.0,2970.0,645.517,674.901,1337.49,782.687,1374.37,343.88,744.921,253.363
background04,3,paper003,17,paper,3,2,background04/paper003/frame_0093.jpeg,93,2100.0,2970.0,658.547,694.725,1348.84,801.01,1373.36,369.329,749.507,266.563
background04,3,paper003,17,paper,3,2,background04/paper003/frame_0111.jpeg,111,2100.0,2970.0,593.87,676.521,1286.21,821.0,1293.91,403.153,687.589,232.551
background04,3,paper003,17,paper,3,2,background04/paper003/frame_0118.jpeg,118,2100.0,2970.0,688.817,692.841,1373.46,845.078,1381.22,438.89,787.068,281.962
background04,3,paper003,17,paper,3,2,background04/paper003/frame_0130.jpeg,130,2100.0,2970.0,707.613,746.945,1416.01,866.519,1409.69,486.369,814.278,392.508
background04,3,paper003,17,paper,3,2,background04/paper003/frame_0133.jpeg,133,2100.0,2970.0,677.457,698.824,1383.61,808.062,1380.72,438.85,786.648,353.699
background04,3,paper004,18,paper,3,3,background04/paper004/frame_0007.jpeg,7,2100.0,2970.0,1334.33,509.711,744.755,310.313,633.805,712.337,1346.97,909.083
background04,3,paper004,18,paper,3,3,background04/paper004/frame_0015.jpeg,15,2100.0,2970.0,1412.46,501.046,802.756,334.304,709.384,733.879,1451.37,904.31
background04,3,paper004,18,paper,3,3,background04/paper004/frame_0033.jpeg,33,2100.0,2970.0,1435.06,406.909,797.882,323.856,641.441,693.346,1389.39,829.159
background04,3,paper004,18,paper,3,3,background04/paper004/frame_0049.jpeg,49,2100.0,2970.0,1442.65,320.444,824.716,225.161,677.156,618.269,1345.4,772.508
background04,3,paper004,18,paper,3,3,background04/paper004/frame_0059.jpeg,59,2100.0,2970.0,1487.55,304.814,804.12,215.636,704.22,677.556,1441.82,793.871
background04,3,paper004,18,paper,3,3,background04/paper004/frame_0065.jpeg,65,2100.0,2970.0,1502.77,275.149,798.68,173.394,716.31,670.435,1481.06,770.991
background04,3,paper004,18,paper,3,3,background04/paper004/frame_0066.jpeg,66,2100.0,2970.0,1500.68,289.076,800.918,182.487,721.175,681.851,1482.56,783.265
background04,3,paper004,18,paper,3,3,background04/paper004/frame_0073.jpeg,73,2100.0,2970.0,1541.79,324.499,876.05,188.946,799.479,687.644,1531.61,798.575
background04,3,paper004,18,paper,3,3,background04/paper004/frame_0077.jpeg,77,2100.0,2970.0,1428.19,327.959,776.696,179.232,703.789,689.143,1425.97,792.628
background04,3,paper004,18,paper,3,3,background04/paper004/frame_0080.jpeg,80,2100.0,2970.0,1362.22,375.753,725.938,208.133,645.768,718.214,1360.1,832.587
background04,3,paper004,18,paper,3,3,background04/paper004/frame_0081.jpeg,81,2100.0,2970.0,1350.92,388.621,719.652,213.532,634.351,724.537,1346.01,844.627
background04,3,paper004,18,paper,3,3,background04/paper004/frame_0098.jpeg,98,2100.0,2970.0,1372.57,426.655,730.821,257.509,622.419,722.239,1371.76,874.874
background04,3,paper004,18,paper,3,3,background04/paper004/frame_0107.jpeg,107,2100.0,2970.0,1357.63,412.923,714.499,272.367,633.011,716.138,1401.36,838.727
background04,3,paper004,18,paper,3,3,background04/paper004/frame_0111.jpeg,111,2100.0,2970.0,1329.67,407.53,687.136,277.101,630.92,721.624,1402.23,822.273
background04,3,paper004,18,paper,3,3,background04/paper004/frame_0116.jpeg,116,2100.0,2970.0,1348.03,402.709,712.02,270.588,668.546,707.661,1434.62,810.432
background04,3,paper005,19,paper,3,4,background04/paper005/frame_0004.jpeg,4,2100.0,2970.0,579.014,708.351,1327.98,717.668,1285.54,279.169,631.02,270.814
background04,3,paper005,19,paper,3,4,background04/paper005/frame_0009.jpeg,9,2100.0,2970.0,569.091,657.732,1291.4,724.261,1297.82,296.794,666.826,250.557
background04,3,paper005,19,paper,3,4,background04/paper005/frame_0014.jpeg,14,2100.0,2970.0,603.402,716.044,1297.21,786.49,1307.73,381.808,710.049,338.072
background04,3,paper005,19,paper,3,4,background04/paper005/frame_0037.jpeg,37,2100.0,2970.0,590.276,766.153,1340.7,802.274,1263.47,435.932,651.668,392.786
background04,3,paper005,19,paper,3,4,background04/paper005/frame_0039.jpeg,39,2100.0,2970.0,628.794,742.682,1381.44,771.685,1290.68,407.572,675.208,367.882
background04,3,paper005,19,paper,3,4,background04/paper005/frame_0053.jpeg,53,2100.0,2970.0,881.021,764.451,1586.32,663.56,1376.98,302.747,768.335,339.803
background04,3,paper005,19,paper,3,4,background04/paper005/frame_0064.jpeg,64,2100.0,2970.0,884.204,764.369,1556.85,622.223,1338.7,260.723,739.708,327.72
background04,3,paper005,19,paper,3,4,background04/paper005/frame_0069.jpeg,69,2100.0,2970.0,874.756,769.505,1543.81,604.68,1334.57,223.473,726.741,313.826
background04,3,paper005,19,paper,3,4,background04/paper005/frame_0071.jpeg,71,2100.0,2970.0,881.227,731.336,1548.14,569.563,1347.11,179.237,734.584,271.492
background04,3,paper005,19,paper,3,4,background04/paper005/frame_0073.jpeg,73,2100.0,2970.0,893.1,706.464,1564.32,547.942,1372.16,147.68,753.334,240.725
background04,3,paper005,19,paper,3,4,background04/paper005/frame_0077.jpeg,77,2100.0,2970.0,936.97,665.283,1625.68,510.323,1446.04,81.4104,804.407,180.311
background04,3,paper005,19,paper,3,4,background04/paper005/frame_0080.jpeg,80,2100.0,2970.0,934.67,707.91,1632.12,552.099,1462.29,107.039,812.605,210.271
background04,3,paper005,19,paper,3,4,background04/paper005/frame_0082.jpeg,82,2100.0,2970.0,928.837,759.952,1638.56,607.142,1477.22,148.656,817.156,252.604
background04,3,paper005,19,paper,3,4,background04/paper005/frame_0084.jpeg,84,2100.0,2970.0,892.96,821.819,1612.47,676.828,1462.17,213.325,796.288,309.147
background04,3,paper005,19,paper,3,4,background04/paper005/frame_0098.jpeg,98,2100.0,2970.0,788.248,850.903,1583.31,775.788,1499.96,241.343,750.515,294.751
background04,3,paper005,19,paper,3,4,background04/paper005/frame_0108.jpeg,108,2100.0,2970.0,623.628,875.976,1478.42,829.726,1419.15,260.008,618.94,288.27
background04,3,paper005,19,paper,3,4,background04/paper005/frame_0124.jpeg,124,2100.0,2970.0,747.88,807.658,1567.9,732.637,1458.86,225.832,732.053,304.152
background04,3,paper005,19,paper,3,4,background04/paper005/frame_0129.jpeg,129,2100.0,2970.0,748.687,733.115,1547.83,648.044,1438.46,167.548,735.387,255.466
background04,3,paper005,19,paper,3,4,background04/paper005/frame_0130.jpeg,130,2100.0,2970.0,737.638,720.725,1535.1,632.741,1426.15,159.281,725.621,249.069
background04,3,patent001,20,patent,4,0,background04/patent001/frame_0041.jpeg,41,2100.0,2970.0,1360.04,317.574,694.374,351.821,661.208,809.559,1404.4,793.6
background04,3,patent001,20,patent,4,0,background04/patent001/frame_0044.jpeg,44,2100.0,2970.0,1354.39,317.168,672.752,340.525,649.021,815.899,1405.25,799.682
background04,3,patent001,20,patent,4,0,background04/patent001/frame_0051.jpeg,51,2100.0,2970.0,1409.47,276.908,703.505,290.488,707.369,803.595,1477.84,768.145
background04,3,patent001,20,patent,4,0,background04/patent001/frame_0055.jpeg,55,2100.0,2970.0,1383.27,292.855,682.267,301.592,701.338,824.749,1464.0,777.956
background04,3,patent001,20,patent,4,0,background04/patent001/frame_0059.jpeg,59,2100.0,2970.0,1387.87,304.779,697.206,302.906,723.195,831.776,1472.62,783.9
background04,3,patent001,20,patent,4,0,background04/patent001/frame_0062.jpeg,62,2100.0,2970.0,1377.2,298.845,688.507,288.32,713.207,824.514,1457.68,777.485
background04,3,patent001,20,patent,4,0,background04/patent001/frame_0072.jpeg,72,2100.0,2970.0,1320.09,317.093,632.503,299.672,676.403,867.635,1410.55,795.393
background04,3,patent001,20,patent,4,0,background04/patent001/frame_0083.jpeg,83,2100.0,2970.0,1352.0,284.528,634.004,379.306,749.66,963.48,1490.04,783.155
background04,3,patent001,20,patent,4,0,background04/patent001/frame_0086.jpeg,86,2100.0,2970.0,1359.46,298.999,644.425,394.985,756.238,972.789,1497.75,794.953
background04,3,patent001,20,patent,4,0,background04/patent001/frame_0092.jpeg,92,2100.0,2970.0,1398.87,306.736,685.988,346.673,747.265,908.029,1503.17,804.43
background04,3,patent001,20,patent,4,0,background04/patent001/frame_0110.jpeg,110,2100.0,2970.0,1379.95,442.587,760.345,420.04,695.802,828.928,1414.03,866.284
background04,3,patent001,20,patent,4,0,background04/patent001/frame_0111.jpeg,111,2100.0,2970.0,1381.86,440.056,760.942,416.029,694.755,820.435,1416.9,859.57
background04,3,patent001,20,patent,4,0,background04/patent001/frame_0116.jpeg,116,2100.0,2970.0,1360.26,381.575,743.415,350.158,670.06,740.225,1391.0,785.204
background04,3,patent001,20,patent,4,0,background04/patent001/frame_0119.jpeg,119,2100.0,2970.0,1353.9,378.351,736.772,345.816,663.865,732.452,1386.45,777.982
background04,3,patent002,21,patent,4,1,background04/patent002/frame_0001.jpeg,1,2100.0,2970.0,1315.46,318.487,737.651,285.521,693.467,664.944,1350.2,701.667
background04,3,patent002,21,patent,4,1,background04/patent002/frame_0004.jpeg,4,2100.0,2970.0,1317.11,354.613,736.818,307.901,667.47,686.91,1330.48,746.862
background04,3,patent002,21,patent,4,1,background04/patent002/frame_0023.jpeg,23,2100.0,2970.0,1300.42,486.176,693.83,369.59,518.153,729.268,1229.67,899.483
background04,3,patent002,21,patent,4,1,background04/patent002/frame_0034.jpeg,34,2100.0,2970.0,1315.69,479.976,697.708,389.179,555.104,761.224,1300.88,889.282
background04,3,patent002,21,patent,4,1,background04/patent002/frame_0048.jpeg,48,2100.0,2970.0,1280.54,383.213,628.422,343.638,562.309,769.351,1345.78,802.875
background04,3,patent002,21,patent,4,1,background04/patent002/frame_0054.jpeg,54,2100.0,2970.0,1284.22,362.616,621.412,337.559,586.007,785.709,1374.14,792.285
background04,3,patent002,21,patent,4,1,background04/patent002/frame_0063.jpeg,63,2100.0,2970.0,1366.4,269.694,724.217,208.537,673.995,649.859,1401.7,705.528
background04,3,patent002,21,patent,4,1,background04/patent002/frame_0075.jpeg,75,2100.0,2970.0,1324.16,395.21,675.898,220.223,509.051,661.619,1227.66,865.272
background04,3,patent002,21,patent,4,1,background04/patent002/frame_0084.jpeg,84,2100.0,2970.0,1393.38,507.669,786.405,311.05,574.406,687.97,1240.49,946.526
background04,3,patent002,21,patent,4,1,background04/patent002/frame_0086.jpeg,86,2100.0,2970.0,1406.41,450.405,808.346,253.459,592.449,611.185,1251.1,876.552
background04,3,patent002,21,patent,4,1,background04/patent002/frame_0090.jpeg,90,2100.0,2970.0,1392.19,337.246,791.589,134.436,570.785,489.946,1227.4,757.01
background04,3,patent002,21,patent,4,1,background04/patent002/frame_0107.jpeg,107,2100.0,2970.0,1383.02,358.77,773.866,225.83,616.237,600.02,1309.61,777.386
background04,3,patent002,21,patent,4,1,background04/patent002/frame_0121.jpeg,121,2100.0,2970.0,1282.87,442.133,696.203,368.01,645.885,771.319,1332.39,835.178
background04,3,patent002,21,patent,4,1,background04/patent002/frame_0124.jpeg,124,2100.0,2970.0,1288.39,494.928,709.253,437.377,666.744,847.684,1344.56,892.306
background04,3,patent003,22,patent,4,2,background04/patent003/frame_0001.jpeg,1,2100.0,2970.0,618.175,826.574,1346.4,768.925,1266.42,321.202,610.217,343.153
background04,3,patent003,22,patent,4,2,background04/patent003/frame_0039.jpeg,39,2100.0,2970.0,703.311,783.304,1439.68,772.574,1410.13,257.136,723.125,304.811
background04,3,patent003,22,patent,4,2,background04/patent003/frame_0058.jpeg,58,2100.0,2970.0,640.861,812.542,1358.06,825.018,1352.79,318.93,701.803,360.829
background04,3,patent003,22,patent,4,2,background04/patent003/frame_0064.jpeg,64,2100.0,2970.0,530.343,882.6,1245.24,891.482,1235.68,440.408,614.828,453.655
background04,3,patent003,22,patent,4,2,background04/patent003/frame_0080.jpeg,80,2100.0,2970.0,481.61,814.918,1205.19,851.518,1172.59,452.718,562.919,405.477
background04,3,patent003,22,patent,4,2,background04/patent003/frame_0083.jpeg,83,2100.0,2970.0,527.6,797.311,1252.61,823.868,1207.48,429.172,596.987,389.95
background04,3,patent003,22,patent,4,2,background04/patent003/frame_0084.jpeg,84,2100.0,2970.0,548.834,804.06,1271.69,832.896,1219.57,440.223,610.985,398.719
background04,3,patent003,22,patent,4,2,background04/patent003/frame_0086.jpeg,86,2100.0,2970.0,606.179,800.974,1326.84,833.306,1267.72,440.515,661.053,395.447
background04,3,patent003,22,patent,4,2,background04/patent003/frame_0103.jpeg,103,2100.0,2970.0,781.938,783.738,1498.68,719.702,1359.77,325.614,742.165,348.725
background04,3,patent003,22,patent,4,2,background04/patent003/frame_0114.jpeg,114,2100.0,2970.0,747.978,846.971,1464.95,691.383,1286.54,299.933,659.309,393.224
background04,3,patent003,22,patent,4,2,background04/patent003/frame_0115.jpeg,115,2100.0,2970.0,737.544,853.344,1453.94,689.883,1272.58,300.371,645.107,399.113
background04,3,patent003,22,patent,4,2,background04/patent003/frame_0121.jpeg,121,2100.0,2970.0,762.937,814.615,1487.21,684.515,1317.93,286.115,687.253,367.339
background04,3,patent004,23,patent,4,3,background04/patent004/frame_0014.jpeg,14,2100.0,2970.0,1430.07,379.774,833.279,282.546,751.622,662.488,1461.82,776.45
background04,3,patent004,23,patent,4,3,background04/patent004/frame_0018.jpeg,18,2100.0,2970.0,1415.06,373.015,818.802,265.598,723.436,644.43,1435.55,772.101
background04,3,patent004,23,patent,4,3,background04/patent004/frame_0022.jpeg,22,2100.0,2970.0,1416.04,362.278,805.595,250.375,693.332,632.444,1419.19,770.544
background04,3,patent004,23,patent,4,3,background04/patent004/frame_0023.jpeg,23,2100.0,2970.0,1421.31,361.989,807.817,247.725,689.491,631.704,1418.68,776.334
background04,3,patent004,23,patent,4,3,background04/patent004/frame_0028.jpeg,28,2100.0,2970.0,1419.49,465.542,810.958,309.154,630.619,675.633,1348.36,890.803
background04,3,patent004,23,patent,4,3,background04/patent004/frame_0030.jpeg,30,2100.0,2970.0,1406.46,455.323,805.01,271.316,598.683,627.375,1299.21,878.788
background04,3,patent004,23,patent,4,3,background04/patent004/frame_0060.jpeg,60,2100.0,2970.0,1348.56,461.71,786.233,315.555,607.891,653.05,1262.06,853.078
background04,3,patent004,23,patent,4,3,background04/patent004/frame_0074.jpeg,74,2100.0,2970.0,1214.68,292.214,596.598,289.168,572.133,704.404,1303.93,687.468
background04,3,patent004,23,patent,4,3,background04/patent004/frame_0084.jpeg,84,2100.0,2970.0,1260.08,363.007,599.667,337.964,563.254,788.122,1369.34,788.024
background04,3,patent004,23,patent,4,3,background04/patent004/frame_0099.jpeg,99,2100.0,2970.0,1363.32,338.737,716.611,259.818,634.67,684.795,1413.59,767.867
background04,3,patent004,23,patent,4,3,background04/patent004/frame_0100.jpeg,100,2100.0,2970.0,1345.0,339.371,702.608,251.615,613.264,674.557,1384.47,767.551
background04,3,patent004,23,patent,4,3,background04/patent004/frame_0110.jpeg,110,2100.0,2970.0,1338.18,410.373,750.446,272.628,603.55,656.393,1271.43,828.789
background04,3,patent004,23,patent,4,3,background04/patent004/frame_0119.jpeg,119,2100.0,2970.0,1346.45,326.271,761.625,176.098,608.448,564.991,1248.22,751.989
background04,3,patent004,23,patent,4,3,background04/patent004/frame_0121.jpeg,121,2100.0,2970.0,1343.69,358.996,762.417,211.926,604.885,601.493,1242.62,788.778
background04,3,patent005,24,patent,4,4,background04/patent005/frame_0004.jpeg,4,2100.0,2970.0,682.818,788.813,1370.09,686.35,1269.29,266.938,646.645,352.302
background04,3,patent005,24,patent,4,4,background04/patent005/frame_0034.jpeg,34,2100.0,2970.0,611.507,878.857,1419.13,710.728,1273.83,207.671,533.37,340.577
background04,3,patent005,24,patent,4,4,background04/patent005/frame_0047.jpeg,47,2100.0,2970.0,747.063,872.282,1469.24,756.557,1336.45,334.522,702.243,426.573
background04,3,patent005,24,patent,4,4,background04/patent005/frame_0049.jpeg,49,2100.0,2970.0,750.633,854.879,1470.0,750.015,1345.44,333.191,715.52,419.552
background04,3,patent005,24,patent,4,4,background04/patent005/frame_0058.jpeg,58,2100.0,2970.0,659.416,710.07,1370.7,681.544,1316.94,261.763,688.436,295.64
background04,3,patent005,24,patent,4,4,background04/patent005/frame_0061.jpeg,61,2100.0,2970.0,655.625,681.628,1364.78,679.49,1330.36,259.121,703.118,276.016
background04,3,patent005,24,patent,4,4,background04/patent005/frame_0086.jpeg,86,2100.0,2970.0,787.332,577.528,1467.69,677.811,1497.78,280.569,893.36,220.955
background04,3,patent005,24,patent,4,4,background04/patent005/frame_0094.jpeg,94,2100.0,2970.0,903.015,572.615,1591.24,684.199,1616.74,284.582,1005.21,216.286
background04,3,patent005,24,patent,4,4,background04/patent005/frame_0097.jpeg,97,2100.0,2970.0,863.6,579.912,1556.59,667.973,1570.41,267.196,956.429,212.552
background04,3,patent005,24,patent,4,4,background04/patent005/frame_0100.jpeg,100,2100.0,2970.0,781.565,616.74,1472.86,664.576,1456.74,266.322,848.474,238.21
background04,3,patent005,24,patent,4,4,background04/patent005/frame_0107.jpeg,107,2100.0,2970.0,801.023,669.922,1496.8,670.296,1435.59,273.28,826.328,276.744
background04,3,tax001,25,tax,5,0,background04/tax001/frame_0027.jpeg,27,2100.0,2970.0,1325.74,361.373,660.328,368.009,648.781,828.414,1437.14,797.724
background04,3,tax001,25,tax,5,0,background04/tax001/frame_0028.jpeg,28,2100.0,2970.0,1331.85,365.561,660.531,359.277,628.596,814.541,1428.23,804.382
background04,3,tax001,25,tax,5,0,background04/tax001/frame_0040.jpeg,40,2100.0,2970.0,1389.94,382.237,699.566,320.254,585.829,746.248,1435.64,828.615
background04,3,tax001,25,tax,5,0,background04/tax001/frame_0046.jpeg,46,2100.0,2970.0,1413.46,414.825,727.786,391.667,624.899,815.919,1472.15,865.64
background04,3,tax001,25,tax,5,0,background04/tax001/frame_0074.jpeg,74,2100.0,2970.0,1345.23,218.519,689.494,262.623,635.951,708.003,1351.75,714.141
background04,3,tax001,25,tax,5,0,background04/tax001/frame_0092.jpeg,92,2100.0,2970.0,1471.69,259.111,772.661,226.203,746.24,738.396,1500.53,758.75
background04,3,tax002,26,tax,5,1,background04/tax002/frame_0002.jpeg,2,2100.0,2970.0,655.02,826.845,1344.39,713.256,1235.98,306.097,626.408,399.096
background04,3,tax002,26,tax,5,1,background04/tax002/frame_0025.jpeg,25,2100.0,2970.0,582.418,596.755,1243.58,671.821,1283.11,285.447,703.383,238.156
background04,3,tax002,26,tax,5,1,background04/tax002/frame_0036.jpeg,36,2100.0,2970.0,577.754,699.09,1252.34,724.017,1244.5,341.721,663.066,328.78
background04,3,tax002,26,tax,5,1,background04/tax002/frame_0037.jpeg,37,2100.0,2970.0,595.421,708.867,1273.16,724.377,1255.41,338.5,670.807,331.324
background04,3,tax002,26,tax,5,1,background04/tax002/frame_0047.jpeg,47,2100.0,2970.0,734.579,733.74,1402.4,647.325,1295.53,260.494,701.132,315.632
background04,3,tax002,26,tax,5,1,background04/tax002/frame_0050.jpeg,50,2100.0,2970.0,676.264,770.064,1340.17,640.306,1202.58,259.497,604.846,336.225
background04,3,tax002,26,tax,5,1,background04/tax002/frame_0084.jpeg,84,2100.0,2970.0,729.574,791.677,1421.54,647.638,1281.52,244.411,663.026,351.347
background04,3,tax002,26,tax,5,1,background04/tax002/frame_0103.jpeg,103,2100.0,2970.0,797.555,766.579,1463.51,635.988,1370.92,208.457,788.71,368.522
background04,3,tax002,26,tax,5,1,background04/tax002/frame_0109.jpeg,109,2100.0,2970.0,833.26,747.422,1490.06,609.952,1398.35,185.772,825.302,357.094
background04,3,tax003,27,tax,5,2,background04/tax003/frame_0020.jpeg,20,2100.0,2970.0,652.027,625.28,1305.11,699.032,1357.81,291.499,770.602,261.189
background04,3,tax003,27,tax,5,2,background04/tax003/frame_0036.jpeg,36,2100.0,2970.0,472.399,648.623,1180.92,744.005,1210.05,373.457,612.549,298.987
background04,3,tax003,27,tax,5,2,background04/tax003/frame_0041.jpeg,41,2100.0,2970.0,499.291,673.059,1239.52,717.093,1207.48,341.317,587.03,293.212
background04,3,tax003,27,tax,5,2,background04/tax003/frame_0045.jpeg,45,2100.0,2970.0,575.668,660.535,1325.02,671.314,1252.31,293.926,620.026,265.272
background04,3,tax003,27,tax,5,2,background04/tax003/frame_0063.jpeg,63,2100.0,2970.0,655.732,917.611,1344.77,783.857,1174.98,393.125,552.621,436.801
background04,3,tax003,27,tax,5,2,background04/tax003/frame_0066.jpeg,66,2100.0,2970.0,636.304,900.851,1324.4,756.285,1156.71,358.921,524.653,406.689
background04,3,tax003,27,tax,5,2,background04/tax003/frame_0080.jpeg,80,2100.0,2970.0,621.509,754.576,1347.17,676.458,1233.59,247.203,572.531,260.921
background04,3,tax003,27,tax,5,2,background04/tax003/frame_0088.jpeg,88,2100.0,2970.0,555.037,729.841,1276.64,686.149,1206.4,258.307,552.806,269.178
background04,3,tax003,27,tax,5,2,background04/tax003/frame_0095.jpeg,95,2100.0,2970.0,670.982,658.972,1345.96,647.008,1305.41,224.343,681.978,226.295
background04,3,tax004,28,tax,5,3,background04/tax004/frame_0004.jpeg,4,2100.0,2970.0,595.121,656.975,1316.75,854.907,1354.22,413.899,729.623,204.487
background04,3,tax004,28,tax,5,3,background04/tax004/frame_0010.jpeg,10,2100.0,2970.0,648.117,658.217,1368.82,830.471,1387.05,389.475,759.039,203.132
background04,3,tax004,28,tax,5,3,background04/tax004/frame_0013.jpeg,13,2100.0,2970.0,683.434,667.811,1405.73,824.432,1419.65,381.141,785.614,213.098
background04,3,tax004,28,tax,5,3,background04/tax004/frame_0015.jpeg,15,2100.0,2970.0,707.881,661.436,1432.51,807.294,1447.37,359.101,805.832,206.297
background04,3,tax004,28,tax,5,3,background04/tax004/frame_0020.jpeg,20,2100.0,2970.0,643.872,713.497,1377.76,840.927,1403.58,376.985,750.14,253.246
background04,3,tax004,28,tax,5,3,background04/tax004/frame_0027.jpeg,27,2100.0,2970.0,549.136,680.513,1271.92,872.138,1359.24,403.332,705.256,243.373
background04,3,tax004,28,tax,5,3,background04/tax004/frame_0030.jpeg,30,2100.0,2970.0,587.579,656.629,1286.55,876.243,1401.93,415.032,762.38,241.737
background04,3,tax004,28,tax,5,3,background04/tax004/frame_0039.jpeg,39,2100.0,2970.0,646.091,594.753,1303.2,849.099,1451.35,416.966,845.977,223.219
background04,3,tax004,28,tax,5,3,background04/tax004/frame_0087.jpeg,87,2100.0,2970.0,744.107,654.402,1442.22,782.257,1485.58,323.622,841.019,206.251
background04,3,tax004,28,tax,5,3,background04/tax004/frame_0099.jpeg,99,2100.0,2970.0,645.122,599.436,1373.82,814.316,1497.84,315.776,804.164,125.19
background04,3,tax004,28,tax,5,3,background04/tax004/frame_0112.jpeg,112,2100.0,2970.0,737.565,637.446,1473.6,838.842,1599.64,299.131,876.027,162.182
background04,3,tax005,29,tax,5,4,background04/tax005/frame_0001.jpeg,1,2100.0,2970.0,1306.54,388.143,670.731,235.547,596.767,704.936,1336.09,822.407
background04,3,tax005,29,tax,5,4,background04/tax005/frame_0004.jpeg,4,2100.0,2970.0,1334.64,377.608,700.365,222.089,630.137,685.008,1367.68,808.154
background04,3,tax005,29,tax,5,4,background04/tax005/frame_0005.jpeg,5,2100.0,2970.0,1362.34,372.673,725.005,217.558,658.618,681.347,1398.76,806.393
background04,3,tax005,29,tax,5,4,background04/tax005/frame_0015.jpeg,15,2100.0,2970.0,1388.02,374.947,735.481,267.643,655.927,707.88,1421.03,808.495
background04,3,tax005,29,tax,5,4,background04/tax005/frame_0017.jpeg,17,2100.0,2970.0,1389.58,381.419,737.007,271.203,644.22,702.692,1408.23,817.135
background04,3,tax005,29,tax,5,4,background04/tax005/frame_0022.jpeg,22,2100.0,2970.0,1408.97,349.106,757.581,250.344,636.147,659.423,1389.02,784.829
background04,3,tax005,29,tax,5,4,background04/tax005/frame_0035.jpeg,35,2100.0,2970.0,1516.98,200.871,860.251,169.126,731.301,567.86,1448.83,667.139
background04,3,tax005,29,tax,5,4,background04/tax005/frame_0057.jpeg,57,2100.0,2970.0,1560.07,349.239,912.725,243.24,761.73,648.671,1436.25,835.459
background04,3,tax005,29,tax,5,4,background04/tax005/frame_0067.jpeg,67,2100.0,2970.0,1425.05,275.267,762.615,216.607,673.233,658.203,1388.25,750.204
background04,3,tax005,29,tax,5,4,background04/tax005/frame_0075.jpeg,75,2100.0,2970.0,1339.45,251.942,686.09,200.211,630.325,657.458,1342.74,703.547
background04,3,tax005,29,tax,5,4,background04/tax005/frame_0078.jpeg,78,2100.0,2970.0,1312.15,271.781,661.54,211.083,611.172,674.876,1322.81,720.232
background04,3,tax005,29,tax,5,4,background04/tax005/frame_0083.jpeg,83,2100.0,2970.0,1180.32,374.786,544.17,284.009,487.251,756.93,1196.25,808.252
background04,3,tax005,29,tax,5,4,background04/tax005/frame_0088.jpeg,88,2100.0,2970.0,1240.61,341.733,615.261,226.761,556.846,691.747,1252.18,768.797
background04,3,tax005,29,tax,5,4,background04/tax005/frame_0097.jpeg,97,2100.0,2970.0,1112.73,413.273,496.68,269.756,417.93,745.232,1117.79,833.627
background04,3,tax005,29,tax,5,4,background04/tax005/frame_0101.jpeg,101,2100.0,2970.0,1169.24,349.96,549.899,183.738,468.948,651.964,1171.14,769.326
background04,3,tax005,29,tax,5,4,background04/tax005/frame_0107.jpeg,107,2100.0,2970.0,1231.77,456.515,619.663,333.358,535.298,773.276,1243.14,875.229
background04,3,tax005,29,tax,5,4,background04/tax005/frame_0109.jpeg,109,2100.0,2970.0,1240.78,460.13,631.836,347.031,545.361,770.539,1253.36,870.341
background04,3,tax005,29,tax,5,4,background04/tax005/frame_0111.jpeg,111,2100.0,2970.0,1253.57,424.923,644.532,318.294,551.247,728.965,1258.42,830.409
background04,3,tax005,29,tax,5,4,background04/tax005/frame_0122.jpeg,122,2100.0,2970.0,1392.54,370.05,793.471,286.883,674.169,650.968,1358.16,767.482
background04,3,tax005,29,tax,5,4,background04/tax005/frame_0124.jpeg,124,2100.0,2970.0,1402.29,375.625,804.825,302.569,685.661,667.474,1367.94,776.818
background05,4,datasheet001,0,datasheet,0,0,background05/datasheet001/frame_0005.jpeg,5,2100.0,2970.0,683.748,247.829,729.515,865.265,1252.83,809.425,1121.38,216.346
background05,4,datasheet001,0,datasheet,0,0,background05/datasheet001/frame_0009.jpeg,9,2100.0,2970.0,759.167,262.207,810.708,868.401,1320.49,819.693,1184.37,237.506
background05,4,datasheet001,0,datasheet,0,0,background05/datasheet001/frame_0010.jpeg,10,2100.0,2970.0,779.698,260.232,837.481,862.981,1344.12,815.959,1203.92,236.954
background05,4,datasheet001,0,datasheet,0,0,background05/datasheet001/frame_0027.jpeg,27,2100.0,2970.0,697.271,277.27,887.81,861.409,1339.97,731.643,1098.25,208.518
background05,4,datasheet001,0,datasheet,0,0,background05/datasheet001/frame_0034.jpeg,34,2100.0,2970.0,707.296,277.643,885.382,873.942,1348.39,752.019,1113.52,214.896
background05,4,datasheet001,0,datasheet,0,0,background05/datasheet001/frame_0054.jpeg,54,2100.0,2970.0,693.116,230.843,639.147,820.995,1171.45,820.483,1124.62,232.011
background05,4,datasheet001,0,datasheet,0,0,background05/datasheet001/frame_0060.jpeg,60,2100.0,2970.0,712.83,228.506,662.059,805.229,1204.63,811.017,1144.75,239.591
background05,4,datasheet001,0,datasheet,0,0,background05/datasheet001/frame_0067.jpeg,67,2100.0,2970.0,744.774,285.263,795.002,869.026,1311.78,823.819,1163.24,272.651
background05,4,datasheet001,0,datasheet,0,0,background05/datasheet001/frame_0073.jpeg,73,2100.0,2970.0,629.833,268.04,751.509,883.322,1251.47,791.115,1055.29,237.765
background05,4,datasheet001,0,datasheet,0,0,background05/datasheet001/frame_0076.jpeg,76,2100.0,2970.0,589.405,274.254,725.931,904.944,1233.0,803.461,1023.85,240.944
background05,4,datasheet002,1,datasheet,0,1,background05/datasheet002/frame_0006.jpeg,6,2100.0,2970.0,765.382,180.686,867.303,846.222,1396.05,775.816,1220.68,155.289
background05,4,datasheet002,1,datasheet,0,1,background05/datasheet002/frame_0019.jpeg,19,2100.0,2970.0,747.991,231.777,689.413,807.292,1222.44,801.037,1183.25,213.665
background05,4,datasheet002,1,datasheet,0,1,background05/datasheet002/frame_0028.jpeg,28,2100.0,2970.0,742.602,239.31,687.125,798.983,1222.25,798.364,1173.42,233.803
background05,4,datasheet002,1,datasheet,0,1,background05/datasheet002/frame_0033.jpeg,33,2100.0,2970.0,763.73,256.583,824.545,842.979,1352.96,776.322,1195.74,211.253
background05,4,datasheet002,1,datasheet,0,1,background05/datasheet002/frame_0037.jpeg,37,2100.0,2970.0,741.806,262.737,890.567,865.026,1402.65,743.593,1172.97,186.171
background05,4,datasheet002,1,datasheet,0,1,background05/datasheet002/frame_0048.jpeg,48,2100.0,2970.0,760.403,224.351,937.731,793.69,1397.56,672.056,1163.87,147.624
background05,4,datasheet002,1,datasheet,0,1,background05/datasheet002/frame_0072.jpeg,72,2100.0,2970.0,762.357,261.737,883.17,837.11,1367.77,752.345,1171.96,218.499
background05,4,datasheet002,1,datasheet,0,1,background05/datasheet002/frame_0073.jpeg,73,2100.0,2970.0,739.152,268.477,835.198,840.045,1328.0,766.019,1150.87,230.876
background05,4,datasheet002,1,datasheet,0,1,background05/datasheet002/frame_0080.jpeg,80,2100.0,2970.0,726.498,235.453,689.033,778.545,1198.3,772.531,1141.59,231.802
background05,4,datasheet003,2,datasheet,0,2,background05/datasheet003/frame_0005.jpeg,5,2100.0,2970.0,742.104,304.422,861.987,872.508,1324.19,793.95,1136.17,270.642
background05,4,datasheet003,2,datasheet,0,2,background05/datasheet003/frame_0021.jpeg,21,2100.0,2970.0,746.585,239.095,721.882,761.064,1224.17,754.197,1151.1,236.624
background05,4,datasheet003,2,datasheet,0,2,background05/datasheet003/frame_0024.jpeg,24,2100.0,2970.0,714.398,239.655,693.747,760.861,1203.29,750.982,1121.76,238.887
background05,4,datasheet003,2,datasheet,0,2,background05/datasheet003/frame_0041.jpeg,41,2100.0,2970.0,726.333,227.826,923.284,800.324,1375.23,675.854,1126.8,160.119
background05,4,datasheet003,2,datasheet,0,2,background05/datasheet003/frame_0053.jpeg,53,2100.0,2970.0,771.086,305.425,936.439,866.544,1353.09,785.71,1140.04,283.169
background05,4,datasheet003,2,datasheet,0,2,background05/datasheet003/frame_0068.jpeg,68,2100.0,2970.0,698.346,257.603,701.081,849.641,1221.4,819.461,1128.05,242.087
background05,4,datasheet003,2,datasheet,0,2,background05/datasheet003/frame_0071.jpeg,71,2100.0,2970.0,659.904,233.109,649.419,820.892,1170.53,790.777,1090.95,213.637
background05,4,datasheet003,2,datasheet,0,2,background05/datasheet003/frame_0072.jpeg,72,2100.0,2970.0,664.52,220.354,650.222,809.183,1172.32,781.75,1096.83,201.481
background05,4,datasheet003,2,datasheet,0,2,background05/datasheet003/frame_0080.jpeg,80,2100.0,2970.0,663.307,230.733,637.677,815.736,1178.07,781.913,1099.79,200.719
background05,4,datasheet003,2,datasheet,0,2,background05/datasheet003/frame_0089.jpeg,89,2100.0,2970.0,665.847,211.854,645.952,793.0,1196.94,745.66,1107.33,164.552
background05,4,datasheet004,3,datasheet,0,3,background05/datasheet004/frame_0001.jpeg,1,2100.0,2970.0,817.042,211.158,888.444,886.509,1415.4,838.248,1262.13,209.905
background05,4,datasheet004,3,datasheet,0,3,background05/datasheet004/frame_0016.jpeg,16,2100.0,2970.0,739.508,244.784,657.358,817.13,1177.48,832.263,1158.99,250.996
background05,4,datasheet004,3,datasheet,0,3,background05/datasheet004/frame_0031.jpeg,31,2100.0,2970.0,740.644,238.22,679.715,800.541,1208.84,796.508,1160.05,231.324
background05,4,datasheet004,3,datasheet,0,3,background05/datasheet004/frame_0033.jpeg,33,2100.0,2970.0,745.207,219.22,719.175,795.38,1250.72,777.495,1170.39,207.32
background05,4,datasheet004,3,datasheet,0,3,background05/datasheet004/frame_0038.jpeg,38,2100.0,2970.0,723.17,249.392,773.811,838.092,1284.67,783.301,1139.88,227.003
background05,4,datasheet004,3,datasheet,0,3,background05/datasheet004/frame_0039.jpeg,39,2100.0,2970.0,727.321,254.038,787.587,843.687,1294.57,788.51,1143.28,234.15
background05,4,datasheet004,3,datasheet,0,3,background05/datasheet004/frame_0040.jpeg,40,2100.0,2970.0,741.0,270.815,814.24,862.548,1316.55,803.707,1153.17,248.79
background05,4,datasheet004,3,datasheet,0,3,background05/datasheet004/frame_0079.jpeg,79,2100.0,2970.0,683.474,231.468,613.264,815.889,1123.86,818.902,1103.99,225.999
background05,4,datasheet004,3,datasheet,0,3,background05/datasheet004/frame_0091.jpeg,91,2100.0,2970.0,737.257,258.703,662.853,818.498,1160.54,813.83,1144.3,237.631
background05,4,datasheet005,4,datasheet,0,4,background05/datasheet005/frame_0006.jpeg,6,2100.0,2970.0,757.441,200.399,688.339,799.02,1201.37,828.597,1188.76,229.488
background05,4,datasheet005,4,datasheet,0,4,background05/datasheet005/frame_0022.jpeg,22,2100.0,2970.0,860.622,245.53,644.703,718.036,1104.63,842.425,1244.64,324.299
background05,4,datasheet005,4,datasheet,0,4,background05/datasheet005/frame_0024.jpeg,24,2100.0,2970.0,861.567,248.932,650.366,719.582,1108.11,840.119,1243.66,325.414
background05,4,datasheet005,4,datasheet,0,4,background05/datasheet005/frame_0035.jpeg,35,2100.0,2970.0,796.717,227.797,743.161,766.863,1238.37,787.528,1203.23,247.931
background05,4,datasheet005,4,datasheet,0,4,background05/datasheet005/frame_0040.jpeg,40,2100.0,2970.0,719.884,240.849,706.461,807.025,1204.98,807.185,1128.63,262.095
background05,4,datasheet005,4,datasheet,0,4,background05/datasheet005/frame_0044.jpeg,44,2100.0,2970.0,713.012,262.222,714.614,832.936,1207.57,834.578,1117.5,294.4
background05,4,datasheet005,4,datasheet,0,4,background05/datasheet005/frame_0045.jpeg,45,2100.0,2970.0,718.14,257.521,717.381,829.656,1209.53,834.746,1122.38,293.843
background05,4,datasheet005,4,datasheet,0,4,background05/datasheet005/frame_0048.jpeg,48,2100.0,2970.0,723.564,265.734,721.794,841.164,1207.78,853.856,1121.91,312.815
background05,4,datasheet005,4,datasheet,0,4,background05/datasheet005/frame_0051.jpeg,51,2100.0,2970.0,653.628,256.9,652.744,839.652,1141.72,848.433,1055.48,308.937
background05,4,datasheet005,4,datasheet,0,4,background05/datasheet005/frame_0062.jpeg,62,2100.0,2970.0,700.572,269.211,701.172,844.57,1195.78,847.043,1105.67,304.112
background05,4,datasheet005,4,datasheet,0,4,background05/datasheet005/frame_0064.jpeg,64,2100.0,2970.0,719.96,264.994,711.269,832.361,1208.27,838.122,1125.15,297.92
background05,4,letter001,5,letter,1,0,background05/letter001/frame_0003.jpeg,3,2100.0,2970.0,812.777,258.058,758.609,857.805,1283.83,882.067,1246.19,273.505
background05,4,letter001,5,letter,1,0,background05/letter001/frame_0011.jpeg,11,2100.0,2970.0,797.937,217.941,685.307,759.034,1197.74,806.034,1217.8,237.053
background05,4,letter001,5,letter,1,0,background05/letter001/frame_0022.jpeg,22,2100.0,2970.0,812.106,272.811,731.75,807.488,1240.66,840.205,1222.47,287.623
background05,4,letter001,5,letter,1,0,background05/letter001/frame_0032.jpeg,32,2100.0,2970.0,711.658,224.366,783.02,784.419,1263.68,738.11,1114.11,213.426
background05,4,letter001,5,letter,1,0,background05/letter001/frame_0033.jpeg,33,2100.0,2970.0,708.59,228.083,780.242,786.716,1257.6,744.13,1108.39,222.658
background05,4,letter001,5,letter,1,0,background05/letter001/frame_0051.jpeg,51,2100.0,2970.0,667.924,191.732,745.643,819.538,1229.62,780.653,1087.13,210.752
background05,4,letter001,5,letter,1,0,background05/letter001/frame_0055.jpeg,55,2100.0,2970.0,666.193,166.76,739.7,818.665,1224.73,786.746,1089.73,199.032
background05,4,letter001,5,letter,1,0,background05/letter001/frame_0060.jpeg,60,2100.0,2970.0,684.147,175.842,752.457,832.93,1231.85,805.843,1103.03,215.441
background05,4,letter001,5,letter,1,0,background05/letter001/frame_0070.jpeg,70,2100.0,2970.0,709.985,281.777,766.629,893.682,1277.69,835.248,1137.49,253.568
background05,4,letter001,5,letter,1,0,background05/letter001/frame_0074.jpeg,74,2100.0,2970.0,719.008,253.972,718.515,853.896,1241.43,821.708,1153.33,221.828
background05,4,letter001,5,letter,1,0,background05/letter001/frame_0084.jpeg,84,2100.0,2970.0,792.259,250.866,760.394,839.624,1273.45,805.69,1219.25,177.304
background05,4,letter001,5,letter,1,0,background05/letter001/frame_0086.jpeg,86,2100.0,2970.0,798.73,256.362,767.609,833.56,1272.77,794.658,1218.35,175.215
background05,4,letter001,5,letter,1,0,background05/letter001/frame_0087.jpeg,87,2100.0,2970.0,772.467,261.259,739.248,839.881,1242.75,797.37,1190.34,179.193
background05,4,letter001,5,letter,1,0,background05/letter001/frame_0098.jpeg,98,2100.0,2970.0,758.946,273.171,729.21,836.257,1230.96,793.91,1171.03,201.164
background05,4,letter002,6,letter,1,1,background05/letter002/frame_0007.jpeg,7,2100.0,2970.0,792.93,255.46,746.777,874.288,1273.1,880.57,1237.27,249.772
background05,4,letter002,6,letter,1,1,background05/letter002/frame_0034.jpeg,34,2100.0,2970.0,808.706,334.65,815.456,911.119,1321.33,878.587,1224.94,309.772
background05,4,letter002,6,letter,1,1,background05/letter002/frame_0059.jpeg,59,2100.0,2970.0,687.961,178.493,693.898,829.567,1202.69,840.797,1116.09,249.499
background05,4,letter002,6,letter,1,1,background05/letter002/frame_0084.jpeg,84,2100.0,2970.0,654.042,288.257,562.909,865.258,1071.42,885.12,1074.71,303.967
background05,4,letter002,6,letter,1,1,background05/letter002/frame_0090.jpeg,90,2100.0,2970.0,772.124,254.447,640.794,790.202,1122.25,842.038,1177.03,277.821
background05,4,letter002,6,letter,1,1,background05/letter002/frame_0091.jpeg,91,2100.0,2970.0,778.428,246.284,641.127,778.607,1122.5,833.286,1183.77,270.458
background05,4,letter002,6,letter,1,1,background05/letter002/frame_0094.jpeg,94,2100.0,2970.0,810.805,251.737,659.028,758.682,1130.69,822.522,1206.1,281.053
background05,4,letter002,6,letter,1,1,background05/letter002/frame_0095.jpeg,95,2100.0,2970.0,810.169,243.038,653.787,743.743,1123.89,812.044,1203.38,276.985
background05,4,letter003,7,letter,1,2,background05/letter003/frame_0004.jpeg,4,2100.0,2970.0,798.779,183.088,872.846,839.999,1369.52,800.612,1235.1,190.15
background05,4,letter003,7,letter,1,2,background05/letter003/frame_0008.jpeg,8,2100.0,2970.0,803.518,206.453,889.708,864.85,1387.51,813.029,1241.69,204.142
background05,4,letter003,7,letter,1,2,background05/letter003/frame_0027.jpeg,27,2100.0,2970.0,749.143,273.751,691.703,819.044,1196.6,826.939,1161.69,276.678
background05,4,letter003,7,letter,1,2,background05/letter003/frame_0029.jpeg,29,2100.0,2970.0,744.417,224.948,708.389,765.9,1227.43,757.102,1177.9,216.857
background05,4,letter003,7,letter,1,2,background05/letter003/frame_0034.jpeg,34,2100.0,2970.0,640.407,251.738,661.944,809.049,1194.02,754.347,1066.63,222.583
background05,4,letter003,7,letter,1,2,background05/letter003/frame_0039.jpeg,39,2100.0,2970.0,633.174,272.193,691.508,853.887,1234.14,786.934,1068.29,249.078
background05,4,letter003,7,letter,1,2,background05/letter003/frame_0044.jpeg,44,2100.0,2970.0,612.443,312.843,700.908,905.587,1247.26,845.188,1049.48,310.241
background05,4,letter003,7,letter,1,2,background05/letter003/frame_0046.jpeg,46,2100.0,2970.0,680.071,287.592,767.792,881.557,1315.05,835.91,1116.08,294.471
background05,4,letter003,7,letter,1,2,background05/letter003/frame_0073.jpeg,73,2100.0,2970.0,761.239,255.313,701.846,798.365,1185.93,796.92,1166.61,233.341
background05,4,letter003,7,letter,1,2,background05/letter003/frame_0088.jpeg,88,2100.0,2970.0,811.295,306.271,760.346,846.835,1240.21,833.067,1210.92,264.588
background05,4,letter004,8,letter,1,3,background05/letter004/frame_0005.jpeg,5,2100.0,2970.0,736.106,257.222,802.404,890.275,1321.77,796.436,1170.98,170.162
background05,4,letter004,8,letter,1,3,background05/letter004/frame_0009.jpeg,9,2100.0,2970.0,732.257,278.534,794.597,895.843,1310.53,798.603,1160.25,187.606
background05,4,letter004,8,letter,1,3,background05/letter004/frame_0013.jpeg,13,2100.0,2970.0,721.07,257.995,776.485,874.846,1296.2,780.009,1150.69,170.059
background05,4,letter004,8,letter,1,3,background05/letter004/frame_0015.jpeg,15,2100.0,2970.0,717.142,269.159,767.468,878.47,1284.23,788.079,1142.55,187.586
background05,4,letter004,8,letter,1,3,background05/letter004/frame_0016.jpeg,16,2100.0,2970.0,717.389,278.606,763.544,883.078,1280.63,794.842,1140.87,202.485
background05,4,letter004,8,letter,1,3,background05/letter004/frame_0024.jpeg,24,2100.0,2970.0,767.525,245.811,872.581,857.76,1368.06,764.337,1187.3,190.214
background05,4,letter004,8,letter,1,3,background05/letter004/frame_0025.jpeg,25,2100.0,2970.0,774.847,235.804,893.608,846.466,1382.49,749.01,1191.2,179.327
background05,4,letter004,8,letter,1,3,background05/letter004/frame_0040.jpeg,40,2100.0,2970.0,696.069,236.618,882.294,912.112,1329.78,785.137,1111.53,195.898
background05,4,letter004,8,letter,1,3,background05/letter004/frame_0041.jpeg,41,2100.0,2970.0,687.669,247.862,871.019,928.774,1318.03,800.182,1104.14,209.096
background05,4,letter004,8,letter,1,3,background05/letter004/frame_0044.jpeg,44,2100.0,2970.0,629.864,237.098,822.044,925.142,1261.72,790.607,1048.26,200.234
background05,4,letter004,8,letter,1,3,background05/letter004/frame_0046.jpeg,46,2100.0,2970.0,602.078,201.02,804.245,887.386,1242.31,750.397,1023.83,162.738
background05,4,letter004,8,letter,1,3,background05/letter004/frame_0047.jpeg,47,2100.0,2970.0,591.63,195.626,795.898,882.778,1235.23,744.692,1015.94,156.22
background05,4,letter004,8,letter,1,3,background05/letter004/frame_0053.jpeg,53,2100.0,2970.0,596.733,234.359,808.02,908.329,1271.57,750.528,1028.65,162.936
background05,4,letter004,8,letter,1,3,background05/letter004/frame_0056.jpeg,56,2100.0,2970.0,584.284,224.655,772.538,897.583,1268.79,742.015,1031.8,137.815
background05,4,letter004,8,letter,1,3,background05/letter004/frame_0081.jpeg,81,2100.0,2970.0,732.851,314.016,808.083,898.843,1317.36,805.931,1145.58,253.011
background05,4,letter005,9,letter,1,4,background05/letter005/frame_0004.jpeg,4,2100.0,2970.0,616.486,272.168,757.116,874.209,1207.5,776.52,1020.57,238.247
background05,4,letter005,9,letter,1,4,background05/letter005/frame_0043.jpeg,43,2100.0,2970.0,757.811,322.211,702.653,851.524,1207.85,815.322,1160.87,273.54
background05,4,letter005,9,letter,1,4,background05/letter005/frame_0056.jpeg,56,2100.0,2970.0,715.09,306.123,807.452,885.917,1306.71,801.852,1128.75,262.214
background05,4,letter005,9,letter,1,4,background05/letter005/frame_0067.jpeg,67,2100.0,2970.0,541.059,272.309,787.77,878.037,1232.12,702.562,954.542,174.637
background05,4,letter005,9,letter,1,4,background05/letter005/frame_0082.jpeg,82,2100.0,2970.0,711.038,259.352,908.268,872.17,1358.51,740.178,1118.35,191.349
background05,4,letter005,9,letter,1,4,background05/letter005/frame_0094.jpeg,94,2100.0,2970.0,711.644,235.277,771.618,907.787,1306.1,839.27,1171.08,196.354
background05,4,magazine001,10,magazine,2,0,background05/magazine001/frame_0002.jpeg,2,2100.0,2970.0,665.795,253.335,787.593,902.961,1280.06,807.2,1102.38,217.091
background05,4,magazine001,10,magazine,2,0,background05/magazine001/frame_0014.jpeg,14,2100.0,2970.0,722.151,206.72,860.108,908.346,1370.12,802.084,1189.41,152.721
background05,4,magazine001,10,magazine,2,0,background05/magazine001/frame_0021.jpeg,21,2100.0,2970.0,713.946,251.87,738.366,946.94,1285.97,902.475,1193.79,220.461
background05,4,magazine001,10,magazine,2,0,background05/magazine001/frame_0022.jpeg,22,2100.0,2970.0,707.713,243.922,722.946,928.151,1266.22,888.509,1183.17,212.852
background05,4,magazine001,10,magazine,2,0,background05/magazine001/frame_0040.jpeg,40,2100.0,2970.0,739.714,302.095,669.397,867.394,1176.45,857.428,1157.57,271.143
background05,4,magazine001,10,magazine,2,0,background05/magazine001/frame_0060.jpeg,60,2100.0,2970.0,601.118,257.764,760.537,872.717,1268.5,756.512,1038.02,211.925
background05,4,magazine001,10,magazine,2,0,background05/magazine001/frame_0061.jpeg,61,2100.0,2970.0,604.533,250.036,771.46,863.08,1274.06,745.472,1040.1,203.249
background05,4,magazine001,10,magazine,2,0,background05/magazine001/frame_0074.jpeg,74,2100.0,2970.0,569.382,301.913,867.075,905.638,1312.61,721.941,985.895,215.578
background05,4,magazine001,10,magazine,2,0,background05/magazine001/frame_0081.jpeg,81,2100.0,2970.0,693.133,244.872,922.341,849.533,1377.4,714.189,1103.64,186.248
background05,4,magazine001,10,magazine,2,0,background05/magazine001/frame_0090.jpeg,90,2100.0,2970.0,819.806,271.624,967.994,843.683,1425.57,735.035,1220.88,198.295
background05,4,magazine002,11,magazine,2,1,background05/magazine002/frame_0001.jpeg,1,2100.0,2970.0,642.246,242.309,522.647,793.095,1011.11,816.611,1050.11,244.879
background05,4,magazine002,11,magazine,2,1,background05/magazine002/frame_0005.jpeg,5,2100.0,2970.0,686.104,212.743,644.766,794.967,1158.69,775.693,1114.72,187.895
background05,4,magazine002,11,magazine,2,1,background05/magazine002/frame_0022.jpeg,22,2100.0,2970.0,670.532,224.888,821.666,848.125,1313.02,740.098,1099.08,178.574
background05,4,magazine002,11,magazine,2,1,background05/magazine002/frame_0032.jpeg,32,2100.0,2970.0,604.613,188.966,773.047,850.703,1247.22,749.441,1036.05,173.417
background05,4,magazine002,11,magazine,2,1,background05/magazine002/frame_0035.jpeg,35,2100.0,2970.0,618.563,184.041,779.14,852.182,1256.11,755.618,1051.39,173.866
background05,4,magazine002,11,magazine,2,1,background05/magazine002/frame_0048.jpeg,48,2100.0,2970.0,744.392,273.975,791.954,848.52,1314.16,791.543,1167.15,240.384
background05,4,magazine002,11,magazine,2,1,background05/magazine002/frame_0056.jpeg,56,2100.0,2970.0,784.724,246.86,776.378,799.429,1327.18,761.594,1214.6,212.465
background05,4,magazine002,11,magazine,2,1,background05/magazine002/frame_0063.jpeg,63,2100.0,2970.0,852.733,280.19,812.709,840.256,1355.26,798.454,1282.24,215.772
background05,4,magazine002,11,magazine,2,1,background05/magazine002/frame_0078.jpeg,78,2100.0,2970.0,718.288,255.694,731.107,832.186,1245.17,770.986,1142.53,196.042
background05,4,magazine002,11,magazine,2,1,background05/magazine002/frame_0081.jpeg,81,2100.0,2970.0,734.441,261.362,781.711,852.491,1294.39,785.225,1161.5,204.755
background05,4,magazine003,12,magazine,2,2,background05/magazine003/frame_0005.jpeg,5,2100.0,2970.0,585.792,254.625,689.746,903.913,1197.2,814.976,1027.7,229.2
background05,4,magazine003,12,magazine,2,2,background05/magazine003/frame_0035.jpeg,35,2100.0,2970.0,731.404,308.222,713.452,881.699,1250.56,858.534,1158.57,294.788
background05,4,magazine004,13,magazine,2,3,background05/magazine004/frame_0010.jpeg,10,2100.0,2970.0,683.377,263.567,793.164,879.966,1287.39,782.451,1108.18,216.543
background05,4,magazine004,13,magazine,2,3,background05/magazine004/frame_0011.jpeg,11,2100.0,2970.0,686.157,260.465,763.665,874.954,1267.28,794.227,1114.26,222.111
background05,4,magazine004,13,magazine,2,3,background05/magazine004/frame_0025.jpeg,25,2100.0,2970.0,762.311,327.515,760.956,893.393,1298.98,856.407,1184.13,310.923
background05,4,magazine004,13,magazine,2,3,background05/magazine004/frame_0035.jpeg,35,2100.0,2970.0,754.266,262.062,811.101,840.075,1357.06,782.142,1187.21,244.865
background05,4,magazine004,13,magazine,2,3,background05/magazine004/frame_0058.jpeg,58,2100.0,2970.0,909.517,190.788,800.762,748.33,1281.1,780.684,1325.56,178.167
background05,4,magazine004,13,magazine,2,3,background05/magazine004/frame_0066.jpeg,66,2100.0,2970.0,753.049,166.934,692.288,788.954,1206.25,790.619,1198.05,149.789
background05,4,magazine004,13,magazine,2,3,background05/magazine004/frame_0074.jpeg,74,2100.0,2970.0,794.561,156.086,859.807,792.601,1362.97,740.307,1233.98,142.505
background05,4,magazine004,13,magazine,2,3,background05/magazine004/frame_0078.jpeg,78,2100.0,2970.0,727.605,174.78,814.849,823.106,1310.67,758.317,1163.04,167.577
background05,4,magazine005,14,magazine,2,4,background05/magazine005/frame_0001.jpeg,1,2100.0,2970.0,646.014,200.477,715.437,858.985,1227.66,802.876,1091.31,201.89
background05,4,magazine005,14,magazine,2,4,background05/magazine005/frame_0031.jpeg,31,2100.0,2970.0,738.259,249.918,676.911,823.015,1193.4,806.887,1164.59,215.401
background05,4,magazine005,14,magazine,2,4,background05/magazine005/frame_0040.jpeg,40,2100.0,2970.0,712.628,221.697,637.813,794.155,1173.15,787.894,1148.33,204.564
background05,4,magazine005,14,magazine,2,4,background05/magazine005/frame_0041.jpeg,41,2100.0,2970.0,706.125,222.713,641.426,794.466,1175.9,786.248,1140.94,207.353
background05,4,magazine005,14,magazine,2,4,background05/magazine005/frame_0044.jpeg,44,2100.0,2970.0,674.727,217.418,645.748,793.056,1177.81,767.25,1109.35,201.191
background05,4,magazine005,14,magazine,2,4,background05/magazine005/frame_0051.jpeg,51,2100.0,2970.0,613.635,250.669,707.744,861.064,1225.49,775.688,1049.92,216.336
background05,4,magazine005,14,magazine,2,4,background05/magazine005/frame_0056.jpeg,56,2100.0,2970.0,553.617,140.715,686.725,792.461,1185.26,699.681,1002.0,121.206
background05,4,magazine005,14,magazine,2,4,background05/magazine005/frame_0060.jpeg,60,2100.0,2970.0,534.859,153.239,669.488,833.114,1160.49,744.625,983.239,151.9
background05,4,magazine005,14,magazine,2,4,background05/magazine005/frame_0061.jpeg,61,2100.0,2970.0,530.69,164.912,663.274,847.818,1154.16,759.475,979.348,165.441
background05,4,magazine005,14,magazine,2,4,background05/magazine005/frame_0067.jpeg,67,2100.0,2970.0,484.907,118.431,590.394,830.698,1084.13,760.497,937.191,151.047
background05,4,magazine005,14,magazine,2,4,background05/magazine005/frame_0069.jpeg,69,2100.0,2970.0,480.535,140.343,589.142,851.034,1076.99,783.911,930.696,178.323
background05,4,magazine005,14,magazine,2,4,background05/magazine005/frame_0076.jpeg,76,2100.0,2970.0,518.407,161.324,630.045,866.615,1118.24,797.034,966.552,192.173
background05,4,magazine005,14,magazine,2,4,background05/magazine005/frame_0085.jpeg,85,2100.0,2970.0,576.46,267.927,645.22,921.029,1167.44,840.603,1027.16,233.92
background05,4,paper001,15,paper,3,0,background05/paper001/frame_0009.jpeg,9,2100.0,2970.0,677.315,249.235,704.902,876.011,1228.02,826.675,1121.23,222.701
background05,4,paper001,15,paper,3,0,background05/paper001/frame_0010.jpeg,10,2100.0,2970.0,685.443,251.01,693.562,868.305,1217.25,831.668,1126.76,231.901
background05,4,paper001,15,paper,3,0,background05/paper001/frame_0015.jpeg,15,2100.0,2970.0,700.44,263.801,660.552,862.786,1190.79,854.877,1136.13,263.377
background05,4,paper001,15,paper,3,0,background05/paper001/frame_0023.jpeg,23,2100.0,2970.0,772.441,305.15,726.285,860.88,1245.34,855.0,1189.74,298.598
background05,4,paper001,15,paper,3,0,background05/paper001/frame_0035.jpeg,35,2100.0,2970.0,779.161,288.157,794.22,854.378,1296.28,779.24,1192.06,198.439
background05,4,paper001,15,paper,3,0,background05/paper001/frame_0038.jpeg,38,2100.0,2970.0,806.979,308.231,824.857,887.272,1328.98,819.401,1224.07,221.416
background05,4,paper001,15,paper,3,0,background05/paper001/frame_0046.jpeg,46,2100.0,2970.0,712.52,249.966,717.221,880.102,1239.48,836.96,1160.42,199.979
background05,4,paper001,15,paper,3,0,background05/paper001/frame_0051.jpeg,51,2100.0,2970.0,757.322,297.791,819.951,948.187,1336.52,879.114,1204.69,248.352
background05,4,paper001,15,paper,3,0,background05/paper001/frame_0060.jpeg,60,2100.0,2970.0,729.922,286.093,931.018,925.216,1403.29,770.589,1160.58,181.494
background05,4,paper002,16,paper,3,1,background05/paper002/frame_0002.jpeg,2,2100.0,2970.0,701.248,282.979,842.016,903.752,1322.52,799.27,1123.14,236.29
background05,4,paper002,16,paper,3,1,background05/paper002/frame_0007.jpeg,7,2100.0,2970.0,684.304,290.228,797.494,912.545,1293.28,813.595,1111.89,240.981
background05,4,paper002,16,paper,3,1,background05/paper002/frame_0011.jpeg,11,2100.0,2970.0,670.225,302.575,725.305,925.472,1241.16,850.734,1105.28,258.551
background05,4,paper002,16,paper,3,1,background05/paper002/frame_0016.jpeg,16,2100.0,2970.0,743.315,272.915,718.415,868.281,1237.44,843.58,1175.16,245.183
background05,4,paper002,16,paper,3,1,background05/paper002/frame_0024.jpeg,24,2100.0,2970.0,752.862,297.996,702.458,855.318,1213.54,833.496,1168.29,268.666
background05,4,paper002,16,paper,3,1,background05/paper002/frame_0030.jpeg,30,2100.0,2970.0,745.198,326.192,701.635,867.711,1221.27,844.899,1158.4,303.664
background05,4,paper002,16,paper,3,1,background05/paper002/frame_0040.jpeg,40,2100.0,2970.0,726.049,319.455,828.969,930.622,1327.32,841.907,1147.91,276.735
background05,4,paper002,16,paper,3,1,background05/paper002/frame_0062.jpeg,62,2100.0,2970.0,679.387,205.123,808.582,936.39,1356.07,825.347,1170.09,143.908
background05,4,paper003,17,paper,3,2,background05/paper003/frame_0004.jpeg,4,2100.0,2970.0,745.194,231.125,650.484,897.462,1202.3,940.736,1207.68,288.071
background05,4,paper003,17,paper,3,2,background05/paper003/frame_0013.jpeg,13,2100.0,2970.0,806.497,232.317,620.759,836.745,1145.94,937.549,1254.75,295.97
background05,4,paper003,17,paper,3,2,background05/paper003/frame_0017.jpeg,17,2100.0,2970.0,768.082,275.891,559.889,867.444,1089.04,970.041,1210.29,336.142
background05,4,paper003,17,paper,3,2,background05/paper003/frame_0023.jpeg,23,2100.0,2970.0,773.434,229.617,555.187,808.995,1088.21,917.432,1217.48,292.921
background05,4,paper003,17,paper,3,2,background05/paper003/frame_0026.jpeg,26,2100.0,2970.0,773.63,247.022,564.372,834.629,1100.51,939.388,1217.57,312.16
background05,4,paper003,17,paper,3,2,background05/paper003/frame_0038.jpeg,38,2100.0,2970.0,734.601,210.175,630.224,867.98,1171.47,928.551,1184.85,297.475
background05,4,paper003,17,paper,3,2,background05/paper003/frame_0069.jpeg,69,2100.0,2970.0,757.007,231.816,595.714,824.272,1090.41,895.116,1189.05,260.627
background05,4,paper003,17,paper,3,2,background05/paper003/frame_0070.jpeg,70,2100.0,2970.0,746.396,251.677,573.734,843.054,1067.59,914.159,1177.41,275.175
background05,4,paper004,18,paper,3,3,background05/paper004/frame_0006.jpeg,6,2100.0,2970.0,656.655,244.596,869.259,911.768,1326.25,766.439,1086.42,188.678
background05,4,paper004,18,paper,3,3,background05/paper004/frame_0028.jpeg,28,2100.0,2970.0,701.751,290.186,710.044,856.732,1238.94,780.596,1126.52,229.605
background05,4,paper004,18,paper,3,3,background05/paper004/frame_0029.jpeg,29,2100.0,2970.0,709.004,281.835,718.114,846.771,1246.52,768.621,1132.62,218.808
background05,4,paper004,18,paper,3,3,background05/paper004/frame_0034.jpeg,34,2100.0,2970.0,712.495,311.039,731.578,860.425,1249.21,771.105,1125.83,237.572
background05,4,paper004,18,paper,3,3,background05/paper004/frame_0054.jpeg,54,2100.0,2970.0,740.037,263.24,829.938,850.012,1324.3,750.437,1161.76,188.504
background05,4,paper004,18,paper,3,3,background05/paper004/frame_0060.jpeg,60,2100.0,2970.0,733.007,302.233,887.475,907.498,1352.93,781.768,1147.85,230.613
background05,4,paper004,18,paper,3,3,background05/paper004/frame_0066.jpeg,66,2100.0,2970.0,568.999,236.555,781.961,868.383,1239.68,707.24,999.623,148.618
background05,4,paper005,19,paper,3,4,background05/paper005/frame_0006.jpeg,6,2100.0,2970.0,667.482,267.41,842.868,885.752,1305.29,770.149,1081.54,224.162
background05,4,paper005,19,paper,3,4,background05/paper005/frame_0021.jpeg,21,2100.0,2970.0,731.115,332.373,743.168,896.684,1252.45,836.36,1142.32,282.574
background05,4,paper005,19,paper,3,4,background05/paper005/frame_0033.jpeg,33,2100.0,2970.0,844.854,279.815,861.151,847.845,1348.89,794.951,1254.7,209.046
background05,4,paper005,19,paper,3,4,background05/paper005/frame_0037.jpeg,37,2100.0,2970.0,913.094,252.801,950.883,847.471,1449.36,785.355,1336.12,158.821
background05,4,paper005,19,paper,3,4,background05/paper005/frame_0041.jpeg,41,2100.0,2970.0,888.633,308.044,929.624,901.444,1424.89,836.759,1307.31,214.089
background05,4,paper005,19,paper,3,4,background05/paper005/frame_0045.jpeg,45,2100.0,2970.0,862.077,283.818,899.49,884.455,1398.07,819.849,1285.89,194.614
background05,4,paper005,19,paper,3,4,background05/paper005/frame_0047.jpeg,47,2100.0,2970.0,816.642,292.584,856.847,894.767,1355.24,829.237,1239.93,213.18
background05,4,paper005,19,paper,3,4,background05/paper005/frame_0052.jpeg,52,2100.0,2970.0,781.615,249.271,861.225,872.705,1368.37,794.778,1219.18,186.907
background05,4,paper005,19,paper,3,4,background05/paper005/frame_0087.jpeg,87,2100.0,2970.0,554.347,364.253,757.485,1006.9,1207.45,860.697,970.546,312.038
background05,4,patent001,20,patent,4,0,background05/patent001/frame_0002.jpeg,2,2100.0,2970.0,795.96,286.138,724.468,899.572,1233.8,944.337,1217.67,350.329
background05,4,patent001,20,patent,4,0,background05/patent001/frame_0024.jpeg,24,2100.0,2970.0,860.065,273.275,688.023,799.763,1166.85,877.82,1267.38,307.085
background05,4,patent001,20,patent,4,0,background05/patent001/frame_0035.jpeg,35,2100.0,2970.0,871.045,253.314,717.041,791.65,1208.13,878.622,1283.92,309.55
background05,4,patent001,20,patent,4,0,background05/patent001/frame_0040.jpeg,40,2100.0,2970.0,884.718,237.784,766.297,785.59,1257.88,858.441,1295.56,298.234
background05,4,patent001,20,patent,4,0,background05/patent001/frame_0050.jpeg,50,2100.0,2970.0,763.822,167.643,675.331,766.094,1179.62,828.201,1187.34,251.002
background05,4,patent001,20,patent,4,0,background05/patent001/frame_0055.jpeg,55,2100.0,2970.0,672.121,176.908,578.936,790.598,1084.95,855.128,1092.64,277.934
background05,4,patent001,20,patent,4,0,background05/patent001/frame_0060.jpeg,60,2100.0,2970.0,664.022,188.211,569.342,802.368,1071.19,870.274,1078.83,297.362
background05,4,patent001,20,patent,4,0,background05/patent001/frame_0081.jpeg,81,2100.0,2970.0,775.378,255.085,605.884,805.324,1110.21,895.562,1193.5,321.149
background05,4,patent002,21,patent,4,1,background05/patent002/frame_0004.jpeg,4,2100.0,2970.0,639.659,183.11,788.036,865.481,1273.83,760.593,1089.88,149.188
background05,4,patent002,21,patent,4,1,background05/patent002/frame_0015.jpeg,15,2100.0,2970.0,686.231,260.074,841.542,931.983,1344.55,808.283,1139.14,188.245
background05,4,patent002,21,patent,4,1,background05/patent002/frame_0023.jpeg,23,2100.0,2970.0,677.368,306.334,744.934,943.123,1271.45,860.72,1123.04,254.528
background05,4,patent002,21,patent,4,1,background05/patent002/frame_0038.jpeg,38,2100.0,2970.0,664.947,293.504,741.24,907.021,1314.78,800.616,1119.79,224.026
background05,4,patent002,21,patent,4,1,background05/patent002/frame_0039.jpeg,39,2100.0,2970.0,663.956,288.775,740.127,903.396,1313.21,795.941,1119.16,219.755
background05,4,patent002,21,patent,4,1,background05/patent002/frame_0058.jpeg,58,2100.0,2970.0,814.545,248.382,815.435,830.621,1326.94,774.884,1243.8,169.638
background05,4,patent002,21,patent,4,1,background05/patent002/frame_0079.jpeg,79,2100.0,2970.0,691.346,256.371,797.455,912.448,1312.57,814.926,1144.05,196.814
background05,4,patent003,22,patent,4,2,background05/patent003/frame_0002.jpeg,2,2100.0,2970.0,840.139,163.671,736.578,753.099,1241.78,833.778,1262.6,244.816
background05,4,patent003,22,patent,4,2,background05/patent003/frame_0003.jpeg,3,2100.0,2970.0,852.392,150.006,748.529,743.59,1256.2,829.116,1279.04,234.579
background05,4,patent003,22,patent,4,2,background05/patent003/frame_0005.jpeg,5,2100.0,2970.0,886.52,186.516,771.964,769.451,1274.32,857.681,1307.85,266.36
background05,4,patent003,22,patent,4,2,background05/patent003/frame_0007.jpeg,7,2100.0,2970.0,905.721,197.14,776.456,763.638,1275.4,860.656,1323.77,275.383
background05,4,patent003,22,patent,4,2,background05/patent003/frame_0032.jpeg,32,2100.0,2970.0,944.351,187.325,768.708,740.246,1236.2,827.28,1365.87,195.653
background05,4,patent003,22,patent,4,2,background05/patent003/frame_0034.jpeg,34,2100.0,2970.0,957.742,180.219,769.19,730.72,1233.39,830.4,1380.06,197.249
background05,4,patent003,22,patent,4,2,background05/patent003/frame_0037.jpeg,37,2100.0,2970.0,984.505,151.492,778.033,703.075,1241.11,823.153,1412.21,187.134
background05,4,patent003,22,patent,4,2,background05/patent003/frame_0038.jpeg,38,2100.0,2970.0,985.428,147.667,771.014,700.686,1234.27,826.639,1414.96,189.651
background05,4,patent003,22,patent,4,2,background05/patent003/frame_0041.jpeg,41,2100.0,2970.0,997.342,147.208,770.446,703.002,1235.91,844.892,1430.68,205.328
background05,4,patent003,22,patent,4,2,background05/patent003/frame_0045.jpeg,45,2100.0,2970.0,965.992,163.345,726.524,730.695,1194.5,882.625,1400.41,232.918
background05,4,patent003,22,patent,4,2,background05/patent003/frame_0047.jpeg,47,2100.0,2970.0,939.126,159.385,696.878,733.563,1172.88,886.251,1377.74,233.995
background05,4,patent003,22,patent,4,2,background05/patent003/frame_0057.jpeg,57,2100.0,2970.0,864.644,213.2,677.359,804.102,1190.22,928.097,1301.05,301.567
background05,4,patent003,22,patent,4,2,background05/patent003/frame_0064.jpeg,64,2100.0,2970.0,805.471,220.969,657.678,813.855,1183.78,910.691,1238.45,302.72
background05,4,patent003,22,patent,4,2,background05/patent003/frame_0071.jpeg,71,2100.0,2970.0,785.925,174.927,632.829,731.662,1159.21,825.44,1212.96,250.024
background05,4,patent004,23,patent,4,3,background05/patent004/frame_0010.jpeg,10,2100.0,2970.0,794.124,237.029,760.69,817.278,1259.49,845.655,1209.1,285.93
background05,4,patent004,23,patent,4,3,background05/patent004/frame_0036.jpeg,36,2100.0,2970.0,760.572,361.847,607.208,903.519,1160.56,970.576,1187.02,406.318
background05,4,patent004,23,patent,4,3,background05/patent004/frame_0050.jpeg,50,2100.0,2970.0,605.165,284.35,607.737,874.255,1138.71,841.314,1037.93,289.458
background05,4,patent005,24,patent,4,4,background05/patent005/frame_0023.jpeg,23,2100.0,2970.0,787.438,217.355,624.788,743.139,1099.47,808.201,1193.36,239.054
background05,4,patent005,24,patent,4,4,background05/patent005/frame_0027.jpeg,27,2100.0,2970.0,847.328,244.2,665.397,747.211,1136.37,831.481,1247.84,275.108
background05,4,patent005,24,patent,4,4,background05/patent005/frame_0036.jpeg,36,2100.0,2970.0,821.787,284.416,640.653,771.096,1125.1,860.41,1219.32,331.032
background05,4,patent005,24,patent,4,4,background05/patent005/frame_0038.jpeg,38,2100.0,2970.0,846.768,232.36,681.016,727.84,1173.81,824.482,1250.68,290.58
background05,4,patent005,24,patent,4,4,background05/patent005/frame_0072.jpeg,72,2100.0,2970.0,559.349,172.405,509.567,758.529,1025.95,789.112,985.476,234.924
background05,4,patent005,24,patent,4,4,background05/patent005/frame_0073.jpeg,73,2100.0,2970.0,583.858,175.794,529.363,762.364,1044.87,795.182,1009.38,236.821
background05,4,tax001,25,tax,5,0,background05/tax001/frame_0003.jpeg,3,2100.0,2970.0,633.622,229.035,811.341,873.224,1298.69,746.204,1074.52,168.219
background05,4,tax001,25,tax,5,0,background05/tax001/frame_0016.jpeg,16,2100.0,2970.0,686.94,234.644,733.481,841.043,1266.1,779.842,1128.75,198.157
background05,4,tax001,25,tax,5,0,background05/tax001/frame_0020.jpeg,20,2100.0,2970.0,714.103,253.172,736.457,833.307,1277.66,779.576,1150.4,217.701
background05,4,tax001,25,tax,5,0,background05/tax001/frame_0022.jpeg,22,2100.0,2970.0,708.493,247.571,733.507,822.66,1274.04,764.96,1144.64,206.892
background05,4,tax001,25,tax,5,0,background05/tax001/frame_0028.jpeg,28,2100.0,2970.0,805.883,261.598,840.612,830.271,1365.79,744.67,1233.26,168.548
background05,4,tax001,25,tax,5,0,background05/tax001/frame_0034.jpeg,34,2100.0,2970.0,768.062,250.203,796.923,835.659,1310.91,753.779,1194.03,149.945
background05,4,tax001,25,tax,5,0,background05/tax001/frame_0056.jpeg,56,2100.0,2970.0,637.69,256.302,763.718,866.293,1257.59,760.493,1067.73,199.33
background05,4,tax001,25,tax,5,0,background05/tax001/frame_0058.jpeg,58,2100.0,2970.0,604.641,242.576,742.307,858.451,1232.84,750.122,1036.38,191.608
background05,4,tax002,26,tax,5,1,background05/tax002/frame_0005.jpeg,5,2100.0,2970.0,777.511,157.358,607.207,757.675,1139.73,863.277,1222.96,242.432
background05,4,tax002,26,tax,5,1,background05/tax002/frame_0006.jpeg,6,2100.0,2970.0,781.664,167.305,610.882,757.789,1140.48,863.566,1227.37,245.987
background05,4,tax002,26,tax,5,1,background05/tax002/frame_0009.jpeg,9,2100.0,2970.0,766.392,209.249,552.705,783.929,1077.93,909.101,1204.87,293.54
background05,4,tax002,26,tax,5,1,background05/tax002/frame_0016.jpeg,16,2100.0,2970.0,783.47,235.085,549.917,770.521,1073.26,902.724,1212.4,318.297
background05,4,tax002,26,tax,5,1,background05/tax002/frame_0057.jpeg,57,2100.0,2970.0,698.837,127.423,650.031,747.485,1166.95,800.136,1130.98,215.369
background05,4,tax003,27,tax,5,2,background05/tax003/frame_0009.jpeg,9,2100.0,2970.0,702.391,266.265,849.128,903.361,1337.83,791.119,1132.48,208.262
background05,4,tax003,27,tax,5,2,background05/tax003/frame_0012.jpeg,12,2100.0,2970.0,708.354,251.379,823.555,874.077,1325.12,774.378,1141.28,191.327
background05,4,tax003,27,tax,5,2,background05/tax003/frame_0016.jpeg,16,2100.0,2970.0,688.682,272.163,773.459,874.019,1284.82,778.431,1117.6,205.294
background05,4,tax003,27,tax,5,2,background05/tax003/frame_0023.jpeg,23,2100.0,2970.0,774.002,267.757,824.543,831.59,1331.6,745.911,1189.5,188.733
background05,4,tax003,27,tax,5,2,background05/tax003/frame_0039.jpeg,39,2100.0,2970.0,718.102,210.989,802.414,846.774,1333.78,747.196,1168.8,123.769
background05,4,tax003,27,tax,5,2,background05/tax003/frame_0043.jpeg,43,2100.0,2970.0,696.667,271.961,834.501,919.491,1345.89,796.084,1139.15,192.828
background05,4,tax003,27,tax,5,2,background05/tax003/frame_0059.jpeg,59,2100.0,2970.0,486.73,191.698,681.104,871.841,1132.21,741.497,923.432,159.453
background05,4,tax003,27,tax,5,2,background05/tax003/frame_0077.jpeg,77,2100.0,2970.0,586.018,275.102,711.409,882.027,1202.14,766.847,1010.28,212.513
background05,4,tax003,27,tax,5,2,background05/tax003/frame_0079.jpeg,79,2100.0,2970.0,586.864,263.409,693.041,862.153,1189.51,756.803,1011.84,203.05
background05,4,tax003,27,tax,5,2,background05/tax003/frame_0080.jpeg,80,2100.0,2970.0,603.575,254.304,699.945,849.157,1200.0,749.284,1028.51,194.893
background05,4,tax004,28,tax,5,3,background05/tax004/frame_0008.jpeg,8,2100.0,2970.0,822.966,188.054,694.026,804.238,1220.22,888.019,1268.29,253.006
background05,4,tax004,28,tax,5,3,background05/tax004/frame_0015.jpeg,15,2100.0,2970.0,802.774,238.247,625.711,804.648,1131.98,905.148,1230.12,296.162
background05,4,tax004,28,tax,5,3,background05/tax004/frame_0024.jpeg,24,2100.0,2970.0,839.474,292.463,652.909,825.418,1175.89,937.844,1261.51,359.541
background05,4,tax004,28,tax,5,3,background05/tax004/frame_0036.jpeg,36,2100.0,2970.0,794.74,133.298,712.181,705.601,1230.45,777.682,1219.8,209.86
background05,4,tax004,28,tax,5,3,background05/tax004/frame_0046.jpeg,46,2100.0,2970.0,675.622,147.893,652.224,767.198,1162.45,798.019,1103.9,215.958
background05,4,tax004,28,tax,5,3,background05/tax004/frame_0055.jpeg,55,2100.0,2970.0,777.739,164.177,733.025,760.148,1241.69,798.376,1202.98,216.436
background05,4,tax004,28,tax,5,3,background05/tax004/frame_0064.jpeg,64,2100.0,2970.0,833.266,187.039,697.152,753.248,1192.02,824.799,1261.96,215.742
background05,4,tax004,28,tax,5,3,background05/tax004/frame_0075.jpeg,75,2100.0,2970.0,812.315,170.125,657.579,735.977,1134.06,800.917,1236.9,171.777
background05,4,tax005,29,tax,5,4,background05/tax005/frame_0001.jpeg,1,2100.0,2970.0,772.007,250.625,868.36,860.759,1365.29,781.577,1196.16,210.099
background05,4,tax005,29,tax,5,4,background05/tax005/frame_0004.jpeg,4,2100.0,2970.0,719.848,248.721,843.586,855.578,1324.28,763.915,1136.06,210.868
background05,4,tax005,29,tax,5,4,background05/tax005/frame_0006.jpeg,6,2100.0,2970.0,748.305,241.428,895.738,846.217,1368.74,751.101,1160.85,202.777
background05,4,tax005,29,tax,5,4,background05/tax005/frame_0036.jpeg,36,2100.0,2970.0,760.956,207.805,733.518,763.787,1251.17,738.972,1182.32,184.718
background05,4,tax005,29,tax,5,4,background05/tax005/frame_0040.jpeg,40,2100.0,2970.0,829.693,247.384,809.762,800.371,1331.0,767.603,1249.1,209.419
background05,4,tax005,29,tax,5,4,background05/tax005/frame_0058.jpeg,58,2100.0,2970.0,757.824,231.668,835.883,850.922,1353.07,764.229,1196.43,163.184
background05,4,tax005,29,tax,5,4,background05/tax005/frame_0077.jpeg,77,2100.0,2970.0,553.192,173.134,678.562,821.051,1156.28,736.893,985.23,168.319
